frame,track_id,shape,cx,cy,area,state,confidence
0,2,circle,1057,191,32658,confirmed,1.0
0,3,rectangle,369,236,29895,confirmed,1.0
0,4,trapezoid,1737,392,26995,confirmed,1.0
0,5,triangle,608,722,20765,confirmed,1.0
1,2,circle,1023,186,32665,confirmed,1.0
1,3,rectangle,369,236,29897,confirmed,1.0
1,4,trapezoid,1740,406,26820,confirmed,1.0
1,5,triangle,608,722,20765,confirmed,1.0
2,1,pentagon,1366,772,36708,confirmed,0.0
2,2,circle,977,184,32671,confirmed,1.0
2,3,rectangle,369,236,29897,confirmed,1.0
2,4,trapezoid,1747,433,19919,confirmed,1.0
2,5,triangle,608,722,20765,confirmed,1.0
3,1,pentagon,1366,772,36708,confirmed,0.0
3,2,circle,931,188,32642,confirmed,1.0
3,3,rectangle,369,236,29897,confirmed,1.0
3,4,trapezoid,1756,471,20852,confirmed,1.0
3,5,triangle,608,722,20765,confirmed,1.0
4,1,pentagon,1366,772,36708,confirmed,0.0
4,2,circle,888,198,32676,confirmed,1.0
4,3,rectangle,369,236,29897,confirmed,1.0
4,4,trapezoid,1768,514,27017,confirmed,1.0
4,5,triangle,608,722,20765,confirmed,1.0
5,1,pentagon,1366,772,36708,confirmed,0.0
5,2,circle,855,215,32644,confirmed,1.0
5,3,rectangle,369,236,29897,confirmed,1.0
5,4,trapezoid,1781,562,20949,confirmed,1.0
5,5,triangle,608,722,20765,confirmed,1.0
6,1,pentagon,1366,772,36708,confirmed,0.0
6,2,circle,831,236,32685,confirmed,1.0
6,3,rectangle,369,236,29897,confirmed,1.0
6,4,trapezoid,1796,609,28080,confirmed,1.0
6,5,triangle,608,722,20765,confirmed,1.0
7,1,pentagon,1366,772,36708,confirmed,0.0
7,2,circle,810,259,32672,confirmed,1.0
7,3,rectangle,369,236,29901,confirmed,1.0
7,4,trapezoid,1813,656,21651,confirmed,1.0
7,5,triangle,608,722,20765,confirmed,1.0
8,1,pentagon,1366,772,36708,confirmed,0.0
8,2,circle,795,283,32651,confirmed,1.0
8,3,rectangle,369,236,29901,confirmed,1.0
8,4,trapezoid,1827,697,25494,confirmed,1.0
8,5,triangle,608,722,20765,confirmed,1.0
9,1,pentagon,1366,772,36710,confirmed,0.0
9,2,circle,781,307,32647,confirmed,1.0
9,3,rectangle,369,236,29901,confirmed,1.0
9,4,trapezoid,1838,736,23755,confirmed,1.0
9,5,triangle,608,722,20765,confirmed,1.0
10,1,pentagon,1366,772,36710,confirmed,0.0
10,2,circle,767,331,32676,confirmed,1.0
10,3,rectangle,369,236,29901,confirmed,1.0
10,4,trapezoid,1847,773,21569,confirmed,1.0
10,5,triangle,608,722,20766,confirmed,1.0
11,1,pentagon,1366,772,36711,confirmed,0.0
11,2,circle,755,355,32670,confirmed,1.0
11,3,rectangle,369,236,29901,confirmed,1.0
11,4,trapezoid,1853,809,19956,confirmed,1.0
11,5,triangle,608,722,20766,confirmed,1.0
12,1,pentagon,1366,772,36709,confirmed,0.0
12,2,circle,746,379,32671,confirmed,1.0
12,3,rectangle,369,236,29901,confirmed,1.0
12,4,trapezoid,1859,844,17902,confirmed,1.0
12,5,triangle,608,722,20767,confirmed,1.0
13,1,pentagon,1366,772,36709,confirmed,0.0
13,2,circle,738,404,32645,confirmed,1.0
13,3,rectangle,369,236,29901,confirmed,1.0
13,4,trapezoid,1864,879,15515,confirmed,1.0
13,5,triangle,608,722,20767,confirmed,1.0
14,1,pentagon,1366,772,36709,confirmed,0.0
14,2,circle,731,428,32681,confirmed,1.0
14,3,rectangle,369,236,29901,confirmed,1.0
14,4,trapezoid,1870,900,13054,confirmed,1.0
14,5,triangle,608,722,20769,confirmed,1.0
15,1,pentagon,1366,772,36706,confirmed,0.0
15,2,circle,728,453,32667,confirmed,1.0
15,3,rectangle,369,236,29893,confirmed,1.0
15,4,trapezoid,1880,897,8329,confirmed,1.0
15,5,triangle,608,722,20774,confirmed,1.0
16,1,pentagon,1366,772,36706,confirmed,0.0
16,2,circle,725,478,32676,confirmed,1.0
16,3,rectangle,369,236,29893,confirmed,1.0
16,4,trapezoid,1889,872,6340,confirmed,1.0
16,5,triangle,608,722,20786,confirmed,1.0
17,1,pentagon,1366,772,36702,confirmed,0.0
17,2,circle,723,503,32657,confirmed,1.0
17,3,rectangle,369,236,29893,confirmed,1.0
17,4,trapezoid,1896,832,6437,confirmed,1.0
17,5,triangle,608,722,20787,confirmed,1.0
18,1,pentagon,1366,772,36702,confirmed,0.0
18,2,circle,723,528,32676,confirmed,1.0
18,3,rectangle,369,236,29893,confirmed,1.0
18,4,trapezoid,1903,809,6437,coasting,1.0
18,5,triangle,608,722,20795,confirmed,1.0
19,1,pentagon,1365,773,36529,confirmed,1.0
19,2,circle,724,552,32660,confirmed,1.0
19,3,rectangle,369,236,29893,confirmed,1.0
19,4,trapezoid,1910,789,6437,coasting,1.0
19,5,triangle,608,722,20808,confirmed,1.0
20,1,pentagon,1365,773,36524,confirmed,1.0
20,2,circle,726,577,32680,confirmed,1.0
20,3,rectangle,369,236,29893,confirmed,1.0
20,4,trapezoid,1917,770,6437,coasting,1.0
20,5,triangle,608,722,20815,confirmed,1.0
21,1,pentagon,1365,773,36539,confirmed,1.0
21,2,circle,728,602,32655,confirmed,1.0
21,3,rectangle,368,236,29943,confirmed,1.0
21,4,trapezoid,1922,753,6437,coasting,1.0
21,5,triangle,608,722,20733,confirmed,1.0
22,1,pentagon,1365,773,36547,confirmed,1.0
22,2,circle,713,641,52833,confirmed,1.0
22,3,rectangle,368,236,29944,confirmed,1.0
22,4,trapezoid,1927,738,6437,coasting,1.0
22,5,triangle,608,722,20733,coasting,1.0
23,1,pentagon,1365,773,36535,confirmed,1.0
23,2,circle,698,675,51487,confirmed,1.0
23,3,rectangle,368,236,29943,confirmed,1.0
23,4,trapezoid,1932,724,6437,coasting,1.0
23,5,triangle,608,722,20733,coasting,1.0
24,1,pentagon,1365,773,36549,confirmed,1.0
24,2,circle,685,702,49257,confirmed,1.0
24,3,rectangle,368,236,29943,confirmed,1.0
24,4,trapezoid,1936,712,6437,coasting,1.0
24,5,triangle,608,722,20733,coasting,1.0
25,1,pentagon,1365,773,36556,confirmed,1.0
25,2,circle,674,723,46834,confirmed,1.0
25,3,rectangle,368,236,29943,confirmed,1.0
25,4,trapezoid,1939,701,6437,coasting,1.0
25,5,triangle,608,722,20733,coasting,1.0
26,1,pentagon,1365,773,36579,confirmed,1.0
26,2,circle,664,739,44898,confirmed,1.0
26,3,rectangle,368,236,29942,confirmed,1.0
26,4,trapezoid,1943,691,6437,coasting,1.0
26,5,triangle,608,722,20733,coasting,1.0
27,1,pentagon,1365,773,36603,confirmed,1.0
27,2,circle,654,751,42102,confirmed,1.0
27,3,rectangle,368,236,29942,confirmed,1.0
27,4,trapezoid,1946,682,6437,coasting,1.0
27,5,triangle,608,722,20733,coasting,1.0
28,1,pentagon,1365,773,36607,confirmed,1.0
28,2,circle,649,763,32664,confirmed,1.0
28,3,rectangle,368,236,29943,confirmed,1.0
28,4,trapezoid,1948,674,6437,coasting,1.0
28,5,triangle,608,722,20733,coasting,1.0
29,1,pentagon,1365,772,36624,confirmed,1.0
29,2,circle,630,771,36487,confirmed,1.0
29,3,rectangle,368,237,29804,confirmed,1.0
29,4,trapezoid,1951,667,6437,coasting,1.0
29,5,triangle,608,722,20733,coasting,1.0
30,1,pentagon,1365,772,36646,confirmed,1.0
30,2,circle,579,783,32650,confirmed,1.0
30,3,rectangle,367,237,29802,confirmed,1.0
30,4,trapezoid,1953,661,6437,coasting,1.0
30,5,triangle,608,722,20733,coasting,1.0
31,1,pentagon,1365,772,36641,confirmed,1.0
31,2,circle,532,791,32662,confirmed,1.0
31,3,rectangle,367,237,29790,confirmed,1.0
31,4,trapezoid,1955,655,6437,coasting,1.0
31,5,triangle,608,722,20733,coasting,1.0
32,1,pentagon,1365,772,36641,confirmed,1.0
32,2,circle,487,794,32635,confirmed,1.0
32,3,rectangle,367,237,29805,confirmed,1.0
32,4,trapezoid,1957,649,6437,coasting,1.0
32,5,triangle,613,719,16921,confirmed,1.0
33,1,pentagon,1365,771,36471,confirmed,1.0
33,2,circle,444,787,32657,confirmed,1.0
33,3,rectangle,367,237,29805,confirmed,1.0
33,4,trapezoid,1958,645,6437,coasting,1.0
33,5,triangle,615,719,19566,confirmed,0.957
34,1,pentagon,1365,771,36477,confirmed,1.0
34,2,circle,404,777,32661,confirmed,1.0
34,3,rectangle,367,237,29793,confirmed,1.0
34,4,trapezoid,1960,640,6437,coasting,1.0
34,5,triangle,611,721,20945,confirmed,0.958
35,1,pentagon,1365,771,36499,confirmed,1.0
35,2,circle,370,760,32662,confirmed,1.0
35,3,rectangle,367,237,29793,confirmed,1.0
35,4,trapezoid,1961,637,6437,coasting,1.0
35,5,triangle,609,722,20976,confirmed,0.96
36,1,pentagon,1365,771,36536,confirmed,1.0
36,2,circle,344,739,32670,confirmed,1.0
36,3,rectangle,366,237,29869,confirmed,1.0
36,4,trapezoid,1962,633,6437,coasting,1.0
36,5,triangle,610,722,21002,confirmed,0.962
37,1,pentagon,1365,771,36534,confirmed,1.0
37,2,circle,324,716,32659,confirmed,1.0
37,3,rectangle,366,237,29869,confirmed,1.0
37,4,trapezoid,1963,630,6437,coasting,1.0
37,5,triangle,610,722,21046,confirmed,0.963
38,1,pentagon,1365,771,36565,confirmed,1.0
38,2,circle,309,692,32666,confirmed,1.0
38,3,rectangle,366,237,29878,confirmed,1.0
38,5,triangle,610,720,20698,confirmed,0.964
39,1,pentagon,1365,771,36540,confirmed,1.0
39,2,circle,299,668,32659,confirmed,1.0
39,3,rectangle,366,237,29878,confirmed,1.0
39,5,triangle,610,720,20732,confirmed,0.966
40,1,pentagon,1365,770,36665,confirmed,1.0
40,2,circle,292,643,32675,confirmed,1.0
40,3,rectangle,365,237,29828,confirmed,1.0
40,5,triangle,610,720,20748,confirmed,0.967
41,1,pentagon,1365,770,36623,confirmed,1.0
41,2,circle,287,618,32660,confirmed,1.0
41,3,rectangle,365,237,29832,confirmed,1.0
41,5,triangle,610,720,20755,confirmed,0.968
42,1,pentagon,1365,770,36749,confirmed,1.0
42,2,circle,282,593,32653,confirmed,1.0
42,3,rectangle,365,237,29829,confirmed,1.0
42,5,triangle,610,720,20812,confirmed,0.969
43,1,pentagon,1365,769,36538,confirmed,1.0
43,2,circle,278,568,32666,confirmed,1.0
43,3,rectangle,365,237,29825,confirmed,1.0
43,5,triangle,611,720,20826,confirmed,0.97
44,1,pentagon,1365,769,36556,confirmed,1.0
44,2,circle,275,543,32665,confirmed,1.0
44,3,rectangle,364,237,29823,confirmed,1.0
44,5,triangle,611,720,20808,confirmed,0.971
45,1,pentagon,1365,769,36604,confirmed,1.0
45,2,circle,272,518,32675,confirmed,1.0
45,3,rectangle,364,237,29829,confirmed,1.0
45,5,triangle,611,720,20851,confirmed,0.971
46,1,pentagon,1365,769,36656,confirmed,1.0
46,2,circle,272,494,32674,confirmed,1.0
46,3,rectangle,364,237,29823,confirmed,1.0
46,5,triangle,611,720,20879,confirmed,0.972
47,1,pentagon,1365,768,36621,confirmed,1.0
47,2,circle,272,469,32683,confirmed,1.0
47,3,rectangle,363,237,29838,confirmed,1.0
47,5,triangle,612,720,20927,confirmed,0.973
48,1,pentagon,1365,768,36621,confirmed,1.0
48,2,circle,273,444,32632,confirmed,1.0
48,3,rectangle,363,237,29833,confirmed,1.0
48,5,triangle,612,720,20984,confirmed,0.974
49,1,pentagon,1365,768,36660,confirmed,1.0
49,2,circle,272,419,32660,confirmed,1.0
49,3,rectangle,363,235,29027,confirmed,0.978
49,5,triangle,612,720,21014,confirmed,0.974
50,1,pentagon,1365,767,36480,confirmed,1.0
50,2,circle,271,394,32641,confirmed,1.0
50,3,rectangle,365,232,27541,confirmed,0.956
50,5,triangle,612,719,20693,confirmed,0.975
51,1,pentagon,1365,767,36539,confirmed,1.0
51,2,circle,268,370,32650,confirmed,1.0
51,3,rectangle,367,230,26025,confirmed,0.956
51,5,triangle,613,718,20742,confirmed,0.976
52,1,pentagon,1365,767,36580,confirmed,1.0
52,2,circle,259,345,32664,confirmed,1.0
52,3,rectangle,368,228,25006,confirmed,0.956
52,5,triangle,613,718,20785,confirmed,0.976
53,1,pentagon,1365,767,36595,confirmed,1.0
53,2,circle,245,322,32663,confirmed,1.0
53,3,rectangle,369,227,25125,confirmed,0.956
53,5,triangle,613,718,20842,confirmed,0.977
54,1,pentagon,1365,766,36662,confirmed,1.0
54,2,circle,254,287,59257,confirmed,1.0
54,3,rectangle,370,226,25125,coasting,0.956
54,5,triangle,614,718,20848,confirmed,0.977
55,1,pentagon,1364,766,36695,confirmed,1.0
55,2,circle,212,274,32667,confirmed,1.0
55,3,rectangle,367,230,28724,confirmed,0.956
55,5,triangle,614,718,20897,confirmed,0.978
56,1,pentagon,1364,765,36532,confirmed,1.0
56,2,circle,170,269,32658,confirmed,1.0
56,3,rectangle,360,237,29913,confirmed,0.956
56,5,triangle,614,718,20947,confirmed,0.978
57,1,pentagon,1364,765,36576,confirmed,1.0
57,2,circle,133,282,32660,confirmed,1.0
57,3,rectangle,359,239,29942,confirmed,0.956
57,5,triangle,615,718,20990,confirmed,0.978
58,1,pentagon,1364,764,36600,confirmed,1.0
58,2,circle,110,306,32674,confirmed,1.0
58,3,rectangle,358,239,29924,confirmed,0.956
58,5,triangle,615,717,20696,confirmed,0.978
58,6,trapezoid,1887,836,10484,confirmed,0.0
59,1,pentagon,1364,764,36654,confirmed,1.0
59,2,circle,88,324,32756,confirmed,1.0
59,3,rectangle,357,238,29903,confirmed,0.956
59,5,triangle,615,716,20767,confirmed,0.978
59,6,pentagon,1880,797,11656,confirmed,0.0
60,1,pentagon,1364,763,36494,confirmed,1.0
60,2,circle,71,346,31749,confirmed,1.0
60,3,rectangle,357,239,29895,confirmed,0.956
60,5,triangle,616,716,20832,confirmed,0.978
60,6,pentagon,1874,751,12832,confirmed,0.0
61,1,pentagon,1364,763,36571,confirmed,1.0
61,2,circle,62,371,30336,confirmed,1.0
61,3,rectangle,356,239,29820,confirmed,0.956
61,5,triangle,616,716,20842,confirmed,0.978
61,6,trapezoid,1866,703,15210,confirmed,0.0
62,1,pentagon,1364,762,36557,confirmed,1.0
62,2,circle,57,398,28970,confirmed,1.0
62,3,rectangle,356,239,29806,confirmed,0.956
62,5,triangle,617,716,20913,confirmed,0.978
62,6,trapezoid,1858,656,16807,confirmed,0.0
63,1,pentagon,1364,762,36647,confirmed,1.0
63,2,circle,55,426,27595,confirmed,1.0
63,3,rectangle,355,239,29783,confirmed,0.956
63,5,triangle,617,716,20984,confirmed,0.978
63,6,trapezoid,1852,610,17945,confirmed,0.0
64,1,pentagon,1364,761,36434,confirmed,1.0
64,2,circle,55,453,26091,confirmed,1.0
64,3,rectangle,354,239,29828,confirmed,0.956
64,5,triangle,617,714,20697,confirmed,0.978
64,6,trapezoid,1846,567,19298,confirmed,0.0
65,1,pentagon,1364,761,36541,confirmed,1.0
65,2,circle,56,480,24688,confirmed,1.0
65,3,rectangle,354,239,29829,confirmed,0.956
65,5,triangle,618,714,20784,confirmed,0.978
65,6,trapezoid,1843,529,15552,confirmed,0.0
66,1,pentagon,1364,760,36598,confirmed,1.0
66,2,circle,57,507,23678,confirmed,1.0
66,3,rectangle,353,239,29829,confirmed,0.956
66,5,triangle,618,714,20830,confirmed,0.978
66,6,trapezoid,1838,491,22379,confirmed,0.0
67,1,pentagon,1364,759,36438,confirmed,1.0
67,2,circle,57,532,22590,confirmed,1.0
67,3,rectangle,352,239,29854,confirmed,0.956
67,5,triangle,619,714,20887,confirmed,0.978
67,6,pentagon,1833,453,23151,confirmed,0.0
68,1,pentagon,1364,759,36539,confirmed,1.0
68,2,circle,56,557,21507,confirmed,1.0
68,3,rectangle,351,240,29973,confirmed,0.956
68,5,triangle,619,714,20959,confirmed,0.978
68,6,rectangle,1828,416,24456,confirmed,0.0
69,1,pentagon,1364,759,36588,confirmed,1.0
69,2,circle,54,581,20372,confirmed,1.0
69,3,rectangle,351,240,29976,confirmed,0.956
69,5,triangle,620,712,20685,confirmed,0.978
69,6,trapezoid,1823,379,25978,confirmed,0.0
70,1,pentagon,1364,758,36656,confirmed,1.0
70,2,circle,52,605,19240,confirmed,1.0
70,3,rectangle,350,240,29913,confirmed,0.956
70,5,triangle,620,712,20757,confirmed,0.978
70,6,hexagon,1818,346,21466,confirmed,0.0
71,1,pentagon,1364,757,36537,confirmed,1.0
71,2,circle,48,630,18099,confirmed,1.0
71,3,rectangle,349,240,29969,confirmed,0.956
71,5,triangle,621,712,20870,confirmed,0.978
71,6,trapezoid,1809,310,26372,confirmed,0.0
72,1,pentagon,1364,756,36615,confirmed,1.0
72,2,circle,45,654,16973,confirmed,1.0
72,3,rectangle,348,240,29952,confirmed,0.956
72,5,triangle,621,712,20889,confirmed,0.978
72,6,trapezoid,1796,269,26030,confirmed,1.0
73,1,pentagon,1364,756,36704,confirmed,1.0
73,2,circle,44,678,18007,confirmed,1.0
73,3,rectangle,347,241,29936,confirmed,0.956
73,5,triangle,622,712,21007,confirmed,0.978
73,6,trapezoid,1791,231,25857,confirmed,0.5
74,1,pentagon,1363,755,36563,confirmed,1.0
74,2,circle,44,702,19209,confirmed,1.0
74,3,rectangle,346,241,29806,confirmed,0.956
74,5,triangle,622,710,20740,confirmed,0.978
74,6,trapezoid,1782,199,26876,confirmed,0.5
75,1,pentagon,1363,754,36613,confirmed,1.0
75,2,circle,46,727,20374,confirmed,1.0
75,3,rectangle,346,241,29803,confirmed,0.956
75,5,triangle,623,710,20842,confirmed,0.978
75,6,trapezoid,1773,230,26321,confirmed,0.667
76,1,pentagon,1363,753,36491,confirmed,1.0
76,2,circle,50,751,21560,confirmed,1.0
76,3,rectangle,345,241,29804,confirmed,0.956
76,5,triangle,624,710,20893,confirmed,0.978
76,6,trapezoid,1764,249,20494,confirmed,0.667
77,1,pentagon,1363,753,36530,confirmed,1.0
77,2,circle,54,776,22702,confirmed,1.0
77,3,rectangle,344,241,29765,confirmed,0.956
77,5,triangle,624,710,20986,confirmed,0.978
77,6,trapezoid,1755,310,26897,confirmed,0.75
78,1,pentagon,1363,752,36655,confirmed,1.0
78,2,circle,58,801,24271,confirmed,1.0
78,3,rectangle,343,242,29899,confirmed,0.956
78,5,triangle,625,708,20742,confirmed,1.0
78,6,trapezoid,1747,350,20584,confirmed,0.75
79,1,pentagon,1363,751,36540,confirmed,1.0
79,2,circle,64,825,26846,confirmed,1.0
79,3,rectangle,342,242,29912,confirmed,0.956
79,5,triangle,626,708,20834,confirmed,1.0
79,6,trapezoid,1738,393,20515,confirmed,0.75
80,1,pentagon,1363,750,36575,confirmed,1.0
80,2,circle,73,849,30270,confirmed,1.0
80,3,rectangle,341,242,29913,confirmed,0.956
80,5,triangle,626,708,20917,confirmed,1.0
80,6,trapezoid,1729,434,27262,confirmed,0.75
81,1,pentagon,1363,749,36481,confirmed,1.0
81,2,circle,88,870,32839,confirmed,1.0
81,3,rectangle,340,244,29794,confirmed,0.956
81,5,triangle,627,706,20648,confirmed,1.0
81,6,trapezoid,1724,473,26540,confirmed,0.6
82,1,pentagon,1363,748,36571,confirmed,1.0
82,2,circle,133,880,32670,confirmed,1.0
82,3,rectangle,339,243,29788,confirmed,0.956
82,5,triangle,628,706,20791,confirmed,1.0
82,6,trapezoid,1717,514,27123,confirmed,0.6
83,1,pentagon,1363,747,36486,confirmed,1.0
83,2,circle,178,882,32690,confirmed,1.0
83,3,rectangle,338,243,29814,confirmed,0.956
83,5,triangle,629,706,20873,confirmed,1.0
83,6,trapezoid,1711,553,27063,confirmed,0.6
84,1,pentagon,1363,747,36533,confirmed,1.0
84,2,circle,222,873,32668,confirmed,1.0
84,3,rectangle,337,244,29949,confirmed,0.956
84,5,triangle,629,706,20997,confirmed,1.0
84,6,trapezoid,1704,592,27249,confirmed,0.6
85,1,pentagon,1363,745,36427,confirmed,1.0
85,2,circle,264,861,32672,confirmed,1.0
85,3,rectangle,336,244,29940,confirmed,0.956
85,5,triangle,630,704,20730,confirmed,1.0
85,6,trapezoid,1695,625,25676,confirmed,0.5
86,1,pentagon,1362,745,36532,confirmed,1.0
86,2,circle,303,847,32656,confirmed,1.0
86,3,rectangle,335,244,29917,confirmed,0.956
86,5,triangle,631,704,20845,confirmed,1.0
86,6,trapezoid,1691,660,25056,confirmed,0.429
87,1,pentagon,1362,743,36465,confirmed,1.0
87,2,circle,336,830,32654,confirmed,1.0
87,3,rectangle,333,245,29847,confirmed,0.956
87,5,triangle,632,704,20980,confirmed,1.0
87,6,trapezoid,1686,698,27174,confirmed,0.429
88,1,pentagon,1362,743,36530,confirmed,1.0
88,2,circle,363,810,32653,confirmed,1.0
88,3,rectangle,332,245,29837,confirmed,0.956
88,5,triangle,633,702,20721,confirmed,1.0
88,6,trapezoid,1680,737,21435,confirmed,0.429
89,1,pentagon,1362,741,36485,confirmed,1.0
89,2,circle,385,788,32680,confirmed,1.0
89,3,rectangle,331,247,29953,confirmed,0.956
89,5,triangle,633,702,20836,confirmed,1.0
89,6,trapezoid,1676,777,20936,confirmed,0.429
90,1,pentagon,1362,740,36554,confirmed,1.0
90,2,circle,401,764,32659,confirmed,1.0
90,3,rectangle,330,247,29881,confirmed,0.956
90,5,triangle,634,702,20969,confirmed,1.0
90,6,pentagon,1679,814,26230,confirmed,0.5
91,1,pentagon,1362,739,36457,confirmed,1.0
91,2,circle,414,741,32654,confirmed,1.0
91,3,rectangle,329,247,30015,confirmed,0.956
91,5,triangle,635,700,20752,confirmed,1.0
91,6,pentagon,1677,853,21319,confirmed,0.5
92,1,pentagon,1362,738,36589,confirmed,1.0
92,2,circle,426,716,32664,confirmed,1.0
92,3,rectangle,327,247,29799,confirmed,0.956
92,5,triangle,636,700,20874,confirmed,1.0
92,6,pentagon,1676,892,26969,confirmed,0.5
93,1,pentagon,1362,737,36509,confirmed,1.0
93,2,circle,439,692,32687,confirmed,1.0
93,3,rectangle,326,247,29822,confirmed,0.956
93,5,triangle,637,700,21032,confirmed,1.0
93,6,pentagon,1673,930,26786,confirmed,0.5
94,1,pentagon,1362,736,36649,confirmed,1.0
94,2,circle,445,668,32679,confirmed,1.0
94,3,rectangle,325,249,29948,confirmed,0.956
94,5,triangle,638,698,20818,confirmed,1.0
94,6,pentagon,1669,968,26828,confirmed,0.5
95,1,pentagon,1362,735,36691,confirmed,1.0
95,2,circle,447,643,32652,confirmed,1.0
95,3,rectangle,323,249,29935,confirmed,0.956
95,5,triangle,639,698,20950,confirmed,1.0
95,6,pentagon,1666,1007,26828,coasting,0.5
96,1,pentagon,1362,733,36570,confirmed,1.0
96,2,circle,447,618,32669,confirmed,1.0
96,3,rectangle,322,250,29829,confirmed,0.956
96,5,triangle,640,696,20748,confirmed,1.0
96,6,trapezoid,1654,959,26949,confirmed,0.444
97,1,pentagon,1361,732,36693,confirmed,1.0
97,2,circle,449,593,32660,confirmed,1.0
97,3,rectangle,321,249,29807,confirmed,0.956
97,5,triangle,641,696,20858,confirmed,1.0
97,6,trapezoid,1645,910,26538,confirmed,0.5
98,1,pentagon,1361,731,36565,confirmed,1.0
98,2,circle,449,568,32637,confirmed,1.0
98,3,rectangle,319,250,29954,confirmed,0.956
98,5,triangle,641,694,20670,confirmed,1.0
98,6,trapezoid,1637,875,27135,confirmed,0.5
99,1,pentagon,1361,730,36679,confirmed,1.0
99,2,circle,451,544,32663,confirmed,1.0
99,3,rectangle,318,251,29951,confirmed,0.978
99,5,triangle,642,694,20856,confirmed,1.0
99,6,trapezoid,1628,839,20225,confirmed,0.5
100,1,pentagon,1361,728,36613,confirmed,1.0
100,2,circle,452,519,32671,confirmed,1.0
100,3,rectangle,317,251,29828,confirmed,1.0
100,5,triangle,644,694,20991,confirmed,1.0
100,6,trapezoid,1621,799,20470,confirmed,0.5
101,1,pentagon,1361,727,36622,confirmed,1.0
101,2,circle,453,494,32669,confirmed,1.0
101,3,rectangle,315,251,29839,confirmed,1.0
101,5,triangle,645,692,20825,confirmed,1.0
101,6,trapezoid,1613,758,27576,confirmed,0.5
102,1,pentagon,1360,725,36430,confirmed,1.0
102,2,circle,454,469,32704,confirmed,1.0
102,3,rectangle,314,252,29927,confirmed,1.0
102,5,triangle,646,692,20955,confirmed,1.0
102,6,trapezoid,1608,717,20591,confirmed,0.5
103,1,pentagon,1360,724,36598,confirmed,1.0
103,2,circle,455,444,32676,confirmed,1.0
103,3,rectangle,312,254,29897,confirmed,1.0
103,5,triangle,647,690,20796,confirmed,1.0
103,6,trapezoid,1602,677,21966,confirmed,0.455
104,1,pentagon,1360,723,36578,confirmed,1.0
104,2,circle,456,419,32663,confirmed,1.0
104,3,rectangle,311,253,29740,confirmed,1.0
104,5,triangle,648,690,20963,confirmed,1.0
104,6,trapezoid,1598,634,26252,confirmed,0.5
105,1,pentagon,1360,721,36480,confirmed,1.0
105,2,circle,457,394,32677,confirmed,1.0
105,3,rectangle,308,253,29503,confirmed,0.978
105,5,triangle,649,688,20780,confirmed,1.0
105,6,trapezoid,1595,595,19813,confirmed,0.5
106,1,pentagon,1359,720,36766,confirmed,1.0
106,2,circle,458,370,32682,confirmed,1.0
106,3,rectangle,306,252,29104,confirmed,0.956
106,5,triangle,650,688,20932,confirmed,1.0
106,6,trapezoid,1594,557,29115,confirmed,0.5
107,1,pentagon,1359,718,36588,confirmed,1.0
107,2,circle,460,345,32658,confirmed,1.0
107,3,rectangle,303,253,28716,confirmed,0.933
107,5,triangle,651,686,20736,confirmed,1.0
107,6,trapezoid,1591,520,20992,confirmed,0.5
108,1,pentagon,1359,717,36642,confirmed,1.0
108,2,circle,470,321,32654,confirmed,1.0
108,3,rectangle,304,255,29611,confirmed,0.933
108,5,triangle,652,686,20942,confirmed,1.0
108,6,trapezoid,1585,483,27134,confirmed,0.5
109,1,pentagon,1358,715,36514,confirmed,1.0
109,2,circle,498,302,32648,confirmed,1.0
109,3,rectangle,303,257,29877,confirmed,0.933
109,5,triangle,654,684,20753,confirmed,1.0
109,6,trapezoid,1578,446,27280,confirmed,0.5
110,1,pentagon,1358,714,36700,confirmed,1.0
110,2,circle,538,292,32654,confirmed,1.0
110,3,rectangle,301,257,29855,confirmed,0.933
110,5,triangle,655,684,20963,confirmed,1.0
110,6,trapezoid,1570,410,27093,confirmed,0.5
111,1,pentagon,1358,712,36675,confirmed,1.0
111,2,circle,583,290,32656,confirmed,1.0
111,3,rectangle,300,258,29884,confirmed,0.933
111,5,triangle,656,682,20809,confirmed,1.0
111,6,trapezoid,1562,373,20599,confirmed,0.5
112,1,pentagon,1358,711,36620,confirmed,1.0
112,2,circle,626,298,32660,confirmed,1.0
112,3,rectangle,298,259,29856,confirmed,0.933
112,5,triangle,657,682,20995,confirmed,1.0
112,6,trapezoid,1553,335,26876,confirmed,0.5
113,1,pentagon,1357,709,36598,confirmed,1.0
113,2,circle,664,313,32685,confirmed,1.0
113,3,rectangle,297,260,29957,confirmed,0.933
113,5,triangle,659,680,20837,confirmed,1.0
113,6,trapezoid,1542,298,26936,confirmed,0.5
114,1,pentagon,1357,707,36560,confirmed,1.0
114,2,circle,685,335,32673,confirmed,1.0
114,3,rectangle,295,262,29808,confirmed,0.933
114,5,triangle,660,678,20672,confirmed,1.0
114,6,trapezoid,1530,261,26828,confirmed,0.5
115,1,pentagon,1357,705,36545,confirmed,1.0
115,2,circle,699,360,32661,confirmed,1.0
115,3,rectangle,293,262,29886,confirmed,0.933
115,5,triangle,661,678,20880,confirmed,1.0
115,6,trapezoid,1515,223,26642,confirmed,0.5
116,1,pentagon,1356,703,36511,confirmed,1.0
116,2,circle,709,386,32693,confirmed,1.0
116,3,rectangle,292,263,29758,confirmed,0.933
116,5,triangle,662,676,20770,confirmed,1.0
116,6,trapezoid,1491,227,20687,confirmed,0.462
117,1,pentagon,1355,702,36677,confirmed,1.0
117,2,circle,716,410,32646,confirmed,1.0
117,3,rectangle,290,264,29908,confirmed,0.933
117,5,triangle,664,676,20981,confirmed,1.0
117,6,trapezoid,1474,264,20639,confirmed,0.429
118,1,pentagon,1355,700,36652,confirmed,1.0
118,2,circle,722,436,32671,confirmed,1.0
118,3,rectangle,289,265,29814,confirmed,0.933
118,5,triangle,665,674,20858,confirmed,1.0
118,6,pentagon,1466,304,19901,confirmed,0.467
119,1,pentagon,1354,698,36600,confirmed,1.0
119,2,circle,727,460,32679,confirmed,1.0
119,3,rectangle,287,266,29987,confirmed,0.933
119,5,triangle,666,672,20742,confirmed,1.0
119,6,trapezoid,1464,344,26668,confirmed,0.438
120,1,pentagon,1354,696,36679,confirmed,1.0
120,2,circle,731,485,32675,confirmed,1.0
120,3,rectangle,286,267,29809,confirmed,0.933
120,5,triangle,668,673,20479,confirmed,1.0
120,6,trapezoid,1456,380,27034,confirmed,0.438
121,1,pentagon,1353,695,36590,confirmed,1.0
121,2,circle,733,510,32663,confirmed,1.0
121,3,rectangle,284,268,29967,confirmed,0.933
121,5,triangle,668,677,19179,confirmed,0.978
121,6,trapezoid,1449,427,20733,confirmed,0.412
122,1,pentagon,1352,692,36519,confirmed,1.0
122,2,circle,735,535,32674,confirmed,1.0
122,3,rectangle,283,269,29807,confirmed,0.933
122,5,triangle,669,680,17363,confirmed,0.978
122,6,trapezoid,1443,466,26696,confirmed,0.412
123,1,pentagon,1351,690,36559,confirmed,1.0
123,2,circle,730,576,48258,confirmed,1.0
123,3,rectangle,281,271,29833,confirmed,0.933
123,5,triangle,670,682,17363,coasting,0.978
123,6,trapezoid,1437,504,27122,confirmed,0.412
124,1,pentagon,1351,687,37577,confirmed,1.0
124,2,circle,725,612,45471,confirmed,1.0
124,3,rectangle,280,272,29902,confirmed,0.933
124,5,triangle,670,684,17363,coasting,0.978
124,6,trapezoid,1436,541,19043,confirmed,0.412
125,1,pentagon,1350,686,36566,confirmed,1.0
125,2,circle,722,632,42404,confirmed,0.978
125,3,rectangle,278,273,29822,confirmed,0.933
125,5,triangle,671,685,17363,coasting,0.978
125,6,trapezoid,1445,577,17923,confirmed,0.412
126,1,pentagon,1349,684,36557,confirmed,1.0
126,2,circle,721,645,39729,confirmed,0.956
126,3,rectangle,276,274,29924,confirmed,0.933
126,5,triangle,671,687,17363,coasting,0.978
126,6,trapezoid,1448,615,17923,coasting,0.412
127,1,pentagon,1348,682,36551,confirmed,1.0
127,2,circle,719,665,37591,confirmed,0.956
127,3,rectangle,275,276,29891,confirmed,0.933
127,5,triangle,672,688,17363,coasting,0.978
127,6,trapezoid,1450,648,17923,coasting,0.412
128,1,pentagon,1347,680,36570,confirmed,1.0
128,2,circle,717,685,36599,confirmed,0.956
128,3,rectangle,273,278,29884,confirmed,0.933
128,5,triangle,672,689,17363,coasting,0.978
128,6,trapezoid,1453,678,17923,coasting,0.412
129,1,pentagon,1346,678,36509,confirmed,1.0
129,2,circle,724,707,32686,confirmed,0.956
129,3,rectangle,271,279,29988,confirmed,0.933
129,5,triangle,673,691,17363,coasting,0.978
129,6,trapezoid,1455,705,17923,coasting,0.412
130,1,pentagon,1345,676,36509,confirmed,1.0
130,2,circle,722,732,32662,confirmed,0.956
130,3,rectangle,270,280,29962,confirmed,0.933
130,5,triangle,673,692,17363,coasting,0.978
130,6,trapezoid,1462,751,3719,confirmed,0.412
131,1,pentagon,1343,674,36518,confirmed,1.0
131,2,circle,718,757,32668,confirmed,0.956
131,3,rectangle,268,281,29811,confirmed,0.933
131,5,triangle,673,693,17363,coasting,0.978
131,6,trapezoid,1461,798,7089,confirmed,0.412
132,1,pentagon,1342,671,36458,confirmed,1.0
132,2,circle,714,782,32672,confirmed,0.956
132,3,rectangle,267,283,29986,confirmed,0.933
132,5,triangle,674,676,15824,confirmed,0.978
132,6,pentagon,1409,844,21676,confirmed,0.444
133,1,pentagon,1341,670,36682,confirmed,1.0
133,2,circle,709,807,32670,confirmed,0.956
133,3,rectangle,265,284,30002,confirmed,0.933
133,5,triangle,678,662,19775,confirmed,0.978
133,6,pentagon,1385,885,27125,confirmed,0.444
134,1,pentagon,1339,668,36736,confirmed,1.0
134,2,circle,705,832,32666,confirmed,0.956
134,3,rectangle,264,285,29756,confirmed,0.933
134,5,triangle,685,650,20839,confirmed,0.978
134,6,pentagon,1367,924,27357,confirmed,0.444
135,1,pentagon,1337,666,36722,confirmed,1.0
135,2,circle,701,857,32703,confirmed,0.956
135,3,rectangle,262,288,29802,confirmed,0.933
135,5,triangle,688,646,20808,confirmed,0.978
135,6,pentagon,1351,961,26776,confirmed,0.444
136,1,pentagon,1336,665,36736,confirmed,1.0
136,2,circle,700,881,32660,confirmed,0.956
136,3,rectangle,260,288,29906,confirmed,0.933
136,5,triangle,690,645,20754,confirmed,0.978
136,6,pentagon,1336,979,26899,confirmed,0.444
137,1,pentagon,1336,661,36581,confirmed,1.0
137,2,circle,708,905,32679,confirmed,0.956
137,3,rectangle,258,290,29866,confirmed,0.933
137,5,triangle,691,643,20710,confirmed,0.978
137,6,pentagon,1323,972,26661,confirmed,0.444
138,1,pentagon,1334,659,36885,confirmed,1.0
138,2,circle,728,927,32655,confirmed,0.956
138,3,rectangle,257,292,29879,confirmed,0.933
138,5,triangle,692,642,20650,confirmed,0.978
138,6,pentagon,1310,945,18799,confirmed,0.444
139,1,pentagon,1332,657,36895,confirmed,1.0
139,2,circle,763,942,32685,confirmed,0.956
139,3,rectangle,255,293,29865,confirmed,0.933
139,5,triangle,694,641,21020,confirmed,0.978
139,6,pentagon,1294,902,22253,confirmed,0.444
140,1,pentagon,1332,653,36558,confirmed,1.0
140,2,circle,806,949,32664,confirmed,0.956
140,3,rectangle,254,295,29740,confirmed,0.933
140,5,triangle,696,640,20975,confirmed,0.978
140,6,pentagon,1278,853,17059,confirmed,0.444
141,1,pentagon,1331,650,36476,confirmed,1.0
141,2,circle,852,948,32653,confirmed,0.956
141,3,rectangle,252,297,29708,confirmed,0.933
141,5,triangle,697,638,20951,confirmed,0.978
141,6,pentagon,1241,799,4884,confirmed,0.444
142,1,pentagon,1331,646,36933,confirmed,1.0
142,2,circle,897,945,32671,confirmed,0.956
142,3,rectangle,250,298,29878,confirmed,0.933
142,5,triangle,699,636,20938,confirmed,0.978
142,6,pentagon,1210,740,11573,confirmed,0.444
143,1,pentagon,1331,643,36798,confirmed,1.0
143,2,circle,942,939,32667,confirmed,0.956
143,3,rectangle,249,300,29979,confirmed,0.933
143,5,triangle,700,634,20904,confirmed,0.978
143,6,pentagon,1183,686,9489,confirmed,0.444
144,1,pentagon,1328,642,36511,confirmed,1.0
144,2,circle,983,929,32643,confirmed,0.956
144,3,rectangle,247,302,29945,confirmed,0.933
144,5,triangle,702,632,20899,confirmed,0.978
144,6,pentagon,1159,641,6440,confirmed,0.444
145,1,pentagon,1325,640,36564,confirmed,1.0
145,2,circle,1022,917,32680,confirmed,0.956
145,3,rectangle,246,304,29938,confirmed,0.933
145,5,triangle,704,630,20886,confirmed,0.978
145,6,pentagon,1141,595,10747,confirmed,0.444
146,1,pentagon,1324,637,36567,confirmed,1.0
146,2,circle,1060,903,32675,confirmed,0.956
146,3,rectangle,244,306,29919,confirmed,0.933
146,5,triangle,706,628,20883,confirmed,0.978
146,6,pentagon,1133,553,9929,confirmed,0.444
147,1,pentagon,1323,635,36590,confirmed,1.0
147,2,circle,1096,889,32659,confirmed,0.956
147,3,rectangle,243,308,29926,confirmed,0.933
147,5,triangle,707,626,20894,confirmed,0.978
147,6,pentagon,1158,524,24080,confirmed,0.421
148,1,pentagon,1321,632,36684,confirmed,1.0
148,2,circle,1131,874,32660,confirmed,0.956
148,3,rectangle,242,310,29946,confirmed,0.933
148,5,triangle,709,624,20910,confirmed,0.978
148,6,pentagon,1164,493,25714,confirmed,0.4
149,1,pentagon,1319,629,36515,confirmed,1.0
149,2,circle,1165,858,32652,confirmed,0.956
149,3,rectangle,240,312,30011,confirmed,0.933
149,5,triangle,711,622,20923,confirmed,0.978
149,6,pentagon,1163,459,26489,confirmed,0.4
150,1,pentagon,1318,626,36580,confirmed,1.0
150,2,circle,1198,840,32658,confirmed,0.956
150,3,rectangle,239,314,29908,confirmed,0.956
150,5,triangle,713,620,20934,confirmed,0.978
150,6,pentagon,1143,423,20311,confirmed,0.381
151,1,pentagon,1316,623,36468,confirmed,1.0
151,2,circle,1229,823,32559,confirmed,0.956
151,3,rectangle,238,316,29937,confirmed,0.978
151,5,triangle,715,618,20975,confirmed,0.978
151,6,pentagon,1132,387,20009,confirmed,0.381
152,1,pentagon,1315,620,36481,confirmed,1.0
152,2,circle,1259,809,31224,confirmed,0.956
152,3,rectangle,237,318,29944,confirmed,1.0
152,5,triangle,716,616,20995,confirmed,0.978
152,6,pentagon,1122,349,20405,confirmed,0.364
153,1,pentagon,1308,644,65476,confirmed,1.0
153,2,circle,1290,793,31224,coasting,0.956
153,3,rectangle,236,320,29930,confirmed,1.0
153,5,triangle,718,613,20695,confirmed,0.978
153,6,pentagon,1109,311,20767,confirmed,0.348
154,1,pentagon,1307,665,62568,confirmed,1.0
154,2,circle,1318,779,31224,coasting,0.956
154,3,rectangle,235,323,29903,confirmed,1.0
154,5,triangle,720,610,20743,confirmed,0.978
154,6,pentagon,1099,273,27167,confirmed,0.348
155,1,pentagon,1311,678,60580,confirmed,1.0
155,2,circle,1343,766,31224,coasting,0.956
155,3,rectangle,234,325,29873,confirmed,1.0
155,5,triangle,722,608,20765,confirmed,0.978
155,6,pentagon,1090,236,27597,confirmed,0.348
156,1,pentagon,1319,681,59523,confirmed,1.0
156,2,circle,1366,755,31224,coasting,0.956
156,3,rectangle,233,327,29852,confirmed,1.0
156,5,triangle,724,606,20826,confirmed,0.978
156,6,pentagon,1080,198,27102,confirmed,0.348
157,1,pentagon,1329,676,58895,confirmed,1.0
157,2,circle,1386,744,31224,coasting,0.956
157,3,rectangle,232,329,29782,confirmed,1.0
157,5,triangle,726,604,20844,confirmed,0.978
157,6,trapezoid,1066,158,26685,confirmed,0.333
158,1,pentagon,1340,665,59303,confirmed,1.0
158,2,circle,1405,735,31224,coasting,0.956
158,3,rectangle,231,332,29890,confirmed,1.0
158,5,triangle,728,602,20928,confirmed,0.978
158,6,trapezoid,1058,145,27355,confirmed,0.333
159,1,pentagon,1352,648,60503,confirmed,1.0
159,2,circle,1422,727,31224,coasting,0.956
159,3,rectangle,230,334,29910,confirmed,1.0
159,5,triangle,730,600,20995,confirmed,0.978
159,6,trapezoid,1054,158,26596,confirmed,0.333
160,1,pentagon,1362,629,61607,confirmed,1.0
160,2,circle,1436,719,31224,coasting,0.956
160,3,rectangle,230,336,29923,confirmed,1.0
160,5,triangle,732,596,20692,confirmed,0.978
160,6,pentagon,1057,252,20041,confirmed,0.36
161,1,pentagon,1370,609,62708,confirmed,1.0
161,2,circle,1450,712,31224,coasting,0.956
161,3,rectangle,229,339,29769,confirmed,1.0
161,5,triangle,734,594,20791,confirmed,0.978
161,6,pentagon,1056,310,19077,confirmed,0.346
162,1,pentagon,1375,589,64148,confirmed,1.0
162,2,circle,1462,706,31224,coasting,0.956
162,3,rectangle,228,341,29776,confirmed,1.0
162,5,triangle,736,592,20843,confirmed,0.978
162,6,pentagon,1056,356,19702,confirmed,0.346
163,1,pentagon,1379,571,65671,confirmed,1.0
163,2,circle,1473,701,31224,coasting,0.956
163,3,rectangle,227,345,29923,confirmed,1.0
163,5,triangle,739,590,20932,confirmed,0.978
163,6,trapezoid,1056,387,26967,confirmed,0.333
164,1,pentagon,1311,577,36506,confirmed,1.0
164,2,circle,1477,640,30054,confirmed,0.956
164,3,rectangle,226,346,29955,confirmed,1.0
164,5,triangle,741,586,20651,confirmed,0.978
164,6,trapezoid,1055,425,26886,confirmed,0.333
165,1,pentagon,1289,577,36429,confirmed,1.0
165,2,circle,1477,573,30792,confirmed,0.956
165,3,rectangle,226,349,29817,confirmed,1.0
165,5,triangle,743,584,20784,confirmed,0.978
165,6,pentagon,1055,457,25510,confirmed,0.357
166,1,pentagon,1284,576,36601,confirmed,1.0
166,2,circle,1472,510,31273,confirmed,0.956
166,3,rectangle,225,353,29970,confirmed,1.0
166,5,triangle,745,582,20854,confirmed,0.978
166,6,pentagon,1054,494,20328,confirmed,0.357
167,1,pentagon,1283,573,36527,confirmed,1.0
167,2,circle,1456,459,31784,confirmed,0.956
167,3,rectangle,225,355,29976,confirmed,1.0
167,5,triangle,747,580,20979,confirmed,0.978
167,6,pentagon,1054,533,26784,confirmed,0.357
168,1,pentagon,1283,569,36498,confirmed,1.0
168,2,circle,1442,431,32365,confirmed,0.956
168,3,rectangle,224,357,29816,confirmed,1.0
168,5,triangle,750,576,20763,confirmed,0.978
168,6,pentagon,1054,571,26737,confirmed,0.357
169,1,pentagon,1282,565,36547,confirmed,1.0
169,2,circle,1429,409,32670,confirmed,0.956
169,3,rectangle,224,360,29944,confirmed,1.0
169,5,triangle,752,574,20838,confirmed,0.978
169,6,pentagon,1053,610,26804,confirmed,0.357
170,1,pentagon,1282,561,37024,confirmed,1.0
170,2,circle,1416,388,32653,confirmed,0.956
170,3,rectangle,223,364,29830,confirmed,1.0
170,5,triangle,754,572,20962,confirmed,0.978
170,6,pentagon,1052,649,19785,confirmed,0.357
171,1,pentagon,1279,558,36706,confirmed,1.0
171,2,circle,1402,366,32641,confirmed,0.956
171,3,rectangle,223,365,29905,confirmed,1.0
171,5,triangle,757,568,20729,confirmed,0.978
171,6,trapezoid,1049,686,26249,confirmed,0.345
172,1,pentagon,1277,554,36593,confirmed,1.0
172,2,circle,1386,344,32652,confirmed,0.956
172,3,rectangle,222,368,29918,confirmed,1.0
172,5,triangle,759,566,20858,confirmed,0.978
172,6,trapezoid,1049,725,20130,confirmed,0.345
173,1,pentagon,1275,551,36625,confirmed,1.0
173,2,circle,1368,321,32669,confirmed,0.956
173,3,rectangle,222,371,29835,confirmed,1.0
173,5,triangle,761,563,20700,confirmed,0.978
173,6,trapezoid,1048,765,19935,confirmed,0.345
174,1,pentagon,1273,547,36518,confirmed,1.0
174,2,circle,1348,299,32690,confirmed,0.956
174,3,rectangle,221,374,29941,confirmed,1.0
174,5,triangle,764,560,20847,confirmed,0.978
174,6,trapezoid,1047,804,20392,confirmed,0.345
175,1,pentagon,1270,543,36514,confirmed,1.0
175,2,circle,1326,277,32673,confirmed,0.956
175,3,rectangle,221,377,29815,confirmed,1.0
175,5,triangle,766,558,20970,confirmed,0.978
175,6,trapezoid,1044,842,26943,confirmed,0.345
176,1,pentagon,1268,539,36480,confirmed,1.0
176,2,circle,1303,256,32659,confirmed,0.956
176,3,rectangle,220,380,29929,confirmed,1.0
176,5,triangle,769,554,20753,confirmed,0.978
176,6,trapezoid,1041,879,27045,confirmed,0.345
177,1,pentagon,1266,535,36496,confirmed,1.0
177,2,circle,1278,235,32651,confirmed,0.956
177,3,rectangle,220,383,29783,confirmed,1.0
177,5,triangle,771,552,20917,confirmed,0.978
177,6,trapezoid,1029,895,26940,confirmed,0.367
178,1,pentagon,1264,531,36519,confirmed,1.0
178,2,circle,1251,216,32658,confirmed,0.956
178,3,rectangle,219,387,29902,confirmed,1.0
178,5,triangle,774,548,20770,confirmed,1.0
178,6,trapezoid,1022,898,19421,confirmed,0.367
179,1,pentagon,1262,527,36545,confirmed,1.0
179,2,circle,1223,197,32656,confirmed,0.956
179,3,rectangle,218,389,29800,confirmed,1.0
179,5,triangle,776,546,20900,confirmed,1.0
179,6,trapezoid,1011,879,27129,confirmed,0.367
180,1,pentagon,1259,523,36516,confirmed,1.0
180,2,circle,1192,179,32657,confirmed,0.956
180,3,rectangle,218,392,29855,confirmed,1.0
180,5,triangle,779,542,20725,confirmed,1.0
180,6,trapezoid,998,795,25979,confirmed,0.355
181,1,pentagon,1257,519,36416,confirmed,1.0
181,2,circle,1156,164,32661,confirmed,0.956
181,3,rectangle,217,396,29800,confirmed,1.0
181,5,triangle,782,540,20918,confirmed,1.0
181,6,trapezoid,980,745,22266,confirmed,0.344
182,1,pentagon,1254,515,36444,confirmed,1.0
182,2,circle,1113,157,32682,confirmed,0.956
182,3,rectangle,217,399,29953,confirmed,1.0
182,5,triangle,784,536,20729,confirmed,1.0
182,6,trapezoid,971,702,20256,confirmed,0.333
183,1,pentagon,1251,511,36498,confirmed,1.0
183,2,circle,1070,151,32655,confirmed,0.956
183,3,rectangle,216,402,29890,confirmed,1.0
183,5,triangle,786,533,20820,confirmed,1.0
183,6,trapezoid,957,661,25765,confirmed,0.353
184,1,pentagon,1248,507,36530,confirmed,1.0
184,2,circle,1032,156,32669,confirmed,0.956
184,3,rectangle,215,406,29773,confirmed,1.0
184,5,triangle,786,528,19821,confirmed,0.978
184,6,trapezoid,946,623,25725,confirmed,0.371
185,1,pentagon,1245,503,36484,confirmed,1.0
185,2,circle,1009,176,32658,confirmed,0.956
185,3,rectangle,215,409,29893,confirmed,1.0
185,5,triangle,784,522,18493,confirmed,0.956
185,6,trapezoid,935,585,27501,confirmed,0.371
186,1,pentagon,1242,499,36507,confirmed,1.0
186,2,circle,993,201,32679,confirmed,0.978
186,3,rectangle,214,411,29823,confirmed,1.0
186,5,triangle,780,516,16285,confirmed,0.933
186,6,trapezoid,926,551,20581,confirmed,0.361
187,1,pentagon,1239,495,36507,confirmed,1.0
187,2,circle,981,226,32673,confirmed,1.0
187,3,rectangle,214,415,29832,confirmed,1.0
187,5,triangle,778,511,16285,coasting,0.933
187,6,trapezoid,913,512,25928,confirmed,0.378
188,1,pentagon,1236,491,36530,confirmed,1.0
188,2,circle,972,252,32703,confirmed,1.0
188,3,rectangle,213,418,29947,confirmed,1.0
188,5,triangle,776,506,16285,coasting,0.933
188,6,trapezoid,902,476,27172,confirmed,0.378
189,1,pentagon,1232,486,36570,confirmed,1.0
189,2,circle,965,276,32125,confirmed,1.0
189,3,rectangle,212,421,29881,confirmed,1.0
189,5,triangle,774,501,16285,coasting,0.933
189,6,trapezoid,886,439,26574,confirmed,0.395
190,1,pentagon,1228,483,36891,confirmed,1.0
190,2,circle,959,298,27138,confirmed,1.0
190,3,rectangle,212,425,29867,confirmed,1.0
190,5,triangle,799,522,16532,confirmed,0.911
190,6,trapezoid,872,403,27111,confirmed,0.395
191,1,pentagon,1226,478,36738,confirmed,1.0
191,2,circle,959,319,21369,confirmed,1.0
191,3,rectangle,211,428,29958,confirmed,1.0
191,5,triangle,809,518,19418,confirmed,0.889
191,6,trapezoid,856,365,26835,confirmed,0.41
192,1,pentagon,1223,473,36522,confirmed,1.0
192,2,circle,958,346,22292,confirmed,1.0
192,3,rectangle,210,432,29962,confirmed,1.0
192,5,triangle,814,508,20636,confirmed,0.889
192,6,trapezoid,842,327,26477,confirmed,0.425
193,1,pentagon,1219,469,36548,confirmed,1.0
193,2,circle,955,374,27833,confirmed,1.0
193,3,rectangle,210,435,29846,confirmed,1.0
193,5,triangle,816,501,20747,confirmed,0.889
193,6,trapezoid,826,291,26818,confirmed,0.425
194,1,pentagon,1216,464,36585,confirmed,1.0
194,2,circle,951,400,31614,confirmed,1.0
194,3,rectangle,209,440,29744,confirmed,1.0
194,5,triangle,822,496,21193,confirmed,0.889
194,6,trapezoid,812,256,21059,confirmed,0.415
195,1,pentagon,1212,460,36587,confirmed,1.0
195,2,circle,930,435,51719,confirmed,1.0
195,3,rectangle,208,443,29837,confirmed,1.0
195,5,triangle,827,490,21193,coasting,0.889
195,6,trapezoid,797,220,26813,confirmed,0.415
196,1,pentagon,1208,455,36420,confirmed,1.0
196,2,circle,912,464,50352,confirmed,1.0
196,3,rectangle,208,446,29953,confirmed,1.0
196,5,triangle,832,485,21193,coasting,0.889
196,6,trapezoid,785,179,26232,confirmed,0.429
197,1,pentagon,1204,451,36487,confirmed,1.0
197,2,circle,901,487,49611,confirmed,1.0
197,3,rectangle,207,451,29929,confirmed,1.0
197,5,triangle,836,481,21193,coasting,0.889
197,6,trapezoid,768,149,25923,confirmed,0.429
198,1,pentagon,1200,447,36526,confirmed,1.0
198,2,circle,954,502,32681,confirmed,1.0
198,3,rectangle,206,454,29933,confirmed,1.0
198,5,triangle,832,477,16951,confirmed,0.889
198,6,trapezoid,758,182,25279,confirmed,0.419
199,1,pentagon,1195,442,36579,confirmed,1.0
199,2,circle,979,523,32670,confirmed,1.0
199,3,rectangle,205,458,29942,confirmed,1.0
199,5,triangle,829,473,17999,confirmed,0.889
199,6,trapezoid,748,202,26146,confirmed,0.419
200,1,pentagon,1191,437,36403,confirmed,1.0
200,2,circle,991,546,32660,confirmed,1.0
200,3,rectangle,205,462,29829,confirmed,1.0
200,5,triangle,829,471,19011,confirmed,0.867
200,6,trapezoid,743,236,26946,confirmed,0.419
201,1,pentagon,1186,433,36483,confirmed,1.0
201,2,circle,1003,571,32661,confirmed,1.0
201,3,rectangle,204,465,29835,confirmed,1.0
201,5,triangle,835,473,19199,confirmed,0.844
201,6,trapezoid,739,278,27036,confirmed,0.419
202,1,pentagon,1180,429,36840,confirmed,1.0
202,2,circle,1019,594,32677,confirmed,1.0
202,3,rectangle,204,469,29811,confirmed,1.0
202,5,triangle,843,481,17327,confirmed,0.822
202,6,trapezoid,749,344,25914,confirmed,0.409
203,1,pentagon,1175,425,36738,confirmed,1.0
203,2,circle,1038,616,32677,confirmed,1.0
203,3,rectangle,203,473,29795,confirmed,1.0
203,5,triangle,848,485,17327,coasting,0.822
203,6,trapezoid,749,392,26898,confirmed,0.422
204,1,pentagon,1171,419,36476,confirmed,1.0
204,2,circle,1060,638,32676,confirmed,1.0
204,3,rectangle,203,477,29758,confirmed,1.0
204,5,triangle,853,488,17327,coasting,0.822
204,6,trapezoid,749,432,26868,confirmed,0.422
205,1,pentagon,1166,415,36523,confirmed,1.0
205,2,circle,1085,659,32648,confirmed,1.0
205,3,rectangle,202,481,29793,confirmed,1.0
205,5,triangle,857,491,17327,coasting,0.822
205,6,trapezoid,749,474,20592,confirmed,0.422
206,1,pentagon,1161,410,36542,confirmed,1.0
206,2,circle,1113,678,32664,confirmed,1.0
206,3,rectangle,202,485,29806,confirmed,1.0
206,5,triangle,861,494,17327,coasting,0.822
206,6,trapezoid,747,507,26221,confirmed,0.444
207,1,pentagon,1155,406,36618,confirmed,1.0
207,2,circle,1143,696,32663,confirmed,1.0
207,3,rectangle,201,490,29842,confirmed,1.0
207,5,triangle,865,478,17682,confirmed,0.822
207,6,trapezoid,746,544,26396,confirmed,0.444
208,1,pentagon,1149,401,36463,confirmed,1.0
208,2,circle,1176,713,32693,confirmed,1.0
208,3,rectangle,201,493,29833,confirmed,1.0
208,5,triangle,865,449,20621,confirmed,0.822
208,6,trapezoid,746,582,20994,confirmed,0.444
209,1,pentagon,1144,396,36543,confirmed,1.0
209,2,circle,1211,729,32683,confirmed,1.0
209,3,rectangle,200,497,29865,confirmed,1.0
209,5,triangle,867,438,20737,confirmed,0.822
209,6,trapezoid,746,620,27098,confirmed,0.444
210,1,pentagon,1140,390,37930,confirmed,1.0
210,2,circle,1247,743,32654,confirmed,1.0
210,3,rectangle,200,502,29800,confirmed,1.0
210,5,triangle,870,434,20704,confirmed,0.822
210,6,trapezoid,745,659,27099,confirmed,0.444
211,1,pentagon,1133,387,36376,confirmed,1.0
211,2,circle,1285,755,32674,confirmed,1.0
211,3,rectangle,199,506,29901,confirmed,1.0
211,5,triangle,874,430,20722,confirmed,0.822
211,6,trapezoid,743,694,25501,confirmed,0.422
212,1,pentagon,1127,381,37266,confirmed,1.0
212,2,circle,1325,766,32647,confirmed,1.0
212,3,rectangle,199,510,29901,confirmed,1.0
212,5,triangle,877,427,20818,confirmed,0.822
212,6,trapezoid,742,732,19981,confirmed,0.422
213,1,pentagon,1119,378,36576,confirmed,1.0
213,2,circle,1365,776,32668,confirmed,1.0
213,3,rectangle,199,514,29915,confirmed,1.0
213,5,triangle,880,424,20837,confirmed,0.822
213,6,trapezoid,743,772,20478,confirmed,0.422
214,1,pentagon,1112,374,36650,confirmed,1.0
214,2,circle,1407,785,32667,confirmed,1.0
214,3,rectangle,198,518,29947,confirmed,1.0
214,5,triangle,883,420,20938,confirmed,0.822
214,6,trapezoid,744,811,26413,confirmed,0.422
215,1,pentagon,1099,372,42900,confirmed,1.0
215,2,circle,1449,794,32669,confirmed,1.0
215,3,rectangle,198,523,29826,confirmed,1.0
215,5,triangle,886,416,20993,confirmed,0.822
215,6,trapezoid,738,845,26657,confirmed,0.444
216,1,pentagon,1086,370,42325,confirmed,1.0
216,2,circle,1492,798,32682,confirmed,1.0
216,3,rectangle,198,527,29835,confirmed,1.0
216,5,triangle,889,410,20723,confirmed,0.822
216,6,trapezoid,729,821,26673,confirmed,0.467
217,1,pentagon,1089,362,36768,confirmed,1.0
217,2,circle,1536,802,32663,confirmed,1.0
217,3,rectangle,198,532,29968,confirmed,1.0
217,5,triangle,892,406,20839,confirmed,0.822
217,6,trapezoid,722,780,26263,confirmed,0.489
218,1,pentagon,1085,354,37930,confirmed,1.0
218,2,circle,1580,805,32651,confirmed,1.0
218,3,rectangle,198,536,29965,confirmed,1.0
218,5,triangle,895,402,20878,confirmed,0.822
218,6,trapezoid,713,753,19631,confirmed,0.489
219,1,pentagon,1081,347,37389,confirmed,1.0
219,2,circle,1616,795,32654,confirmed,1.0
219,3,rectangle,198,541,29840,confirmed,1.0
219,5,triangle,898,398,21011,confirmed,0.822
219,6,trapezoid,704,720,19086,confirmed,0.489
220,1,pentagon,1075,341,37140,confirmed,1.0
220,2,circle,1650,778,32655,confirmed,1.0
220,3,rectangle,198,545,29844,confirmed,1.0
220,5,triangle,900,392,20590,confirmed,0.822
220,6,trapezoid,694,681,20011,confirmed,0.489
221,1,pentagon,1068,336,37139,confirmed,1.0
221,2,circle,1682,761,32688,confirmed,1.0
221,3,rectangle,198,550,29946,confirmed,1.0
221,5,triangle,901,386,19962,confirmed,0.822
221,6,trapezoid,682,639,19956,confirmed,0.489
222,1,pentagon,1060,331,37211,confirmed,1.0
222,2,circle,1711,741,32672,confirmed,1.0
222,3,rectangle,197,555,29846,confirmed,1.0
222,5,triangle,900,381,18866,confirmed,0.822
222,6,trapezoid,669,595,27393,confirmed,0.489
223,1,pentagon,1047,332,36508,confirmed,1.0
223,2,circle,1736,720,32661,confirmed,1.0
223,3,rectangle,197,559,29874,confirmed,1.0
223,5,triangle,899,376,16957,confirmed,0.822
223,6,trapezoid,647,554,19228,confirmed,0.489
224,1,pentagon,1037,329,36596,confirmed,1.0
224,2,circle,1758,699,32654,confirmed,1.0
224,3,rectangle,197,564,29958,confirmed,1.0
224,5,triangle,899,370,16957,coasting,0.822
224,6,trapezoid,629,512,27126,confirmed,0.489
225,1,pentagon,1029,324,36552,confirmed,1.0
225,2,circle,1778,676,32676,confirmed,1.0
225,3,rectangle,197,569,29804,confirmed,1.0
225,5,triangle,899,366,16957,coasting,0.822
225,6,trapezoid,611,471,20343,confirmed,0.489
226,1,pentagon,1020,320,36610,confirmed,1.0
226,2,circle,1797,653,32663,confirmed,1.0
226,3,rectangle,197,574,29954,confirmed,1.0
226,5,triangle,899,361,16957,coasting,0.822
226,6,trapezoid,595,432,25890,confirmed,0.489
227,1,pentagon,1011,315,36505,confirmed,1.0
227,2,circle,1812,630,32641,confirmed,1.0
227,3,rectangle,197,578,29941,confirmed,1.0
227,5,triangle,899,357,16957,coasting,0.822
227,6,trapezoid,579,395,20806,confirmed,0.489
228,1,pentagon,1002,311,36576,confirmed,1.0
228,2,circle,1828,607,32420,confirmed,1.0
228,3,rectangle,197,583,29818,confirmed,1.0
228,5,triangle,899,354,16957,coasting,0.822
228,6,trapezoid,562,359,20816,confirmed,0.489
229,1,pentagon,993,307,36594,confirmed,1.0
229,2,circle,1841,584,31274,confirmed,1.0
229,3,rectangle,197,588,29956,confirmed,1.0
229,5,triangle,899,351,16957,coasting,0.822
229,6,trapezoid,546,323,26832,confirmed,0.489
230,1,pentagon,984,303,36826,confirmed,1.0
230,2,circle,1850,560,30036,confirmed,1.0
230,3,rectangle,197,593,29839,confirmed,1.0
230,5,triangle,899,348,16957,coasting,0.822
230,6,trapezoid,529,287,26607,confirmed,0.489
231,1,pentagon,974,299,36851,confirmed,1.0
231,2,circle,1855,536,28641,confirmed,1.0
231,3,rectangle,197,598,29950,confirmed,1.0
231,5,triangle,899,345,16957,coasting,0.822
231,6,trapezoid,514,250,26713,confirmed,0.489
232,1,pentagon,965,295,36965,confirmed,1.0
232,2,circle,1859,511,27115,confirmed,1.0
232,3,rectangle,197,603,29844,confirmed,1.0
232,5,triangle,899,343,16957,coasting,0.822
232,6,trapezoid,499,213,26372,confirmed,0.489
233,1,pentagon,956,291,37174,confirmed,1.0
233,2,circle,1861,486,25456,confirmed,1.0
233,3,rectangle,198,608,29932,confirmed,1.0
233,5,triangle,899,341,16957,coasting,0.822
233,6,trapezoid,480,177,26965,confirmed,0.489
234,1,pentagon,948,287,37454,confirmed,1.0
234,2,circle,1863,461,23723,confirmed,1.0
234,3,rectangle,198,614,29942,confirmed,1.0
234,5,triangle,899,339,16957,coasting,0.822
234,6,trapezoid,460,141,26421,confirmed,0.489
235,1,pentagon,934,281,35394,confirmed,1.0
235,2,circle,1865,437,21936,confirmed,1.0
235,3,rectangle,199,620,29937,confirmed,1.0
235,5,triangle,899,338,16957,coasting,0.822
235,6,trapezoid,440,105,27154,confirmed,0.489
236,1,pentagon,921,276,35528,confirmed,1.0
236,2,circle,1868,412,20351,confirmed,1.0
236,3,rectangle,199,624,30048,confirmed,1.0
236,5,triangle,899,336,16957,coasting,0.822
236,6,trapezoid,419,68,24930,confirmed,0.489
237,1,pentagon,911,273,35627,confirmed,0.978
237,2,circle,1868,388,21469,confirmed,1.0
237,3,rectangle,200,629,29749,confirmed,1.0
237,5,triangle,899,335,16957,coasting,0.822
237,6,trapezoid,398,36,16839,confirmed,0.489
238,1,pentagon,901,269,36933,confirmed,0.978
238,2,circle,1867,363,22559,confirmed,1.0
238,3,rectangle,201,635,29904,confirmed,1.0
238,5,triangle,899,334,16957,coasting,0.822
238,6,trapezoid,377,14,13371,confirmed,0.489
239,1,pentagon,896,268,40734,confirmed,0.978
239,2,circle,1864,338,23615,confirmed,1.0
239,3,rectangle,203,641,29948,confirmed,1.0
239,5,triangle,899,332,16957,coasting,0.822
239,6,trapezoid,364,10,19463,confirmed,0.489
240,1,pentagon,882,264,36518,confirmed,0.978
240,2,circle,1861,314,24786,confirmed,1.0
240,3,rectangle,205,646,29772,confirmed,1.0
240,5,triangle,899,331,16957,coasting,0.822
240,6,trapezoid,359,28,26516,confirmed,0.489
241,1,pentagon,871,259,37363,confirmed,0.978
241,2,circle,1856,289,26043,confirmed,1.0
241,3,rectangle,206,650,29932,confirmed,1.0
241,5,triangle,899,331,16957,coasting,0.822
241,6,trapezoid,372,106,26867,confirmed,0.511
242,1,pentagon,858,256,36607,confirmed,0.978
242,2,circle,1851,265,27751,confirmed,1.0
242,3,rectangle,208,656,29940,confirmed,1.0
242,5,triangle,899,330,16957,coasting,0.822
242,6,trapezoid,376,152,26684,confirmed,0.511
243,1,pentagon,852,251,42897,confirmed,0.978
243,2,circle,1844,240,29916,confirmed,1.0
243,3,rectangle,209,662,29869,confirmed,1.0
243,5,triangle,899,329,16957,coasting,0.822
243,6,trapezoid,378,201,26785,confirmed,0.511
244,1,pentagon,837,249,37322,confirmed,0.978
244,2,circle,1834,217,32250,confirmed,1.0
244,3,rectangle,212,667,29837,confirmed,1.0
244,6,trapezoid,378,244,27255,confirmed,0.511
245,1,pentagon,831,248,43599,confirmed,0.978
245,2,circle,1806,198,32676,confirmed,1.0
245,3,rectangle,214,672,29991,confirmed,1.0
245,6,trapezoid,377,281,20092,confirmed,0.511
246,1,pentagon,827,246,43885,confirmed,0.978
246,2,circle,1772,182,32673,confirmed,1.0
246,3,rectangle,217,678,29961,confirmed,1.0
246,6,trapezoid,374,320,27489,confirmed,0.511
247,1,pentagon,822,243,44615,confirmed,0.978
247,2,circle,1734,168,32666,confirmed,1.0
247,3,rectangle,219,683,29852,confirmed,1.0
247,6,trapezoid,371,355,26756,confirmed,0.533
248,1,pentagon,789,239,36659,confirmed,0.978
248,2,circle,1692,160,32648,confirmed,1.0
248,3,rectangle,222,689,29756,confirmed,1.0
248,6,trapezoid,371,391,26663,confirmed,0.556
249,1,pentagon,767,237,37438,confirmed,0.978
249,2,circle,1649,164,32654,confirmed,1.0
249,3,rectangle,224,694,29898,confirmed,1.0
249,6,trapezoid,367,429,26585,confirmed,0.556
250,1,pentagon,751,232,37157,confirmed,0.978
250,2,circle,1606,174,32643,confirmed,1.0
250,3,rectangle,228,701,29926,confirmed,1.0
250,6,trapezoid,365,467,26519,confirmed,0.578
251,1,pentagon,740,231,36835,confirmed,0.978
251,2,circle,1571,187,32661,confirmed,1.0
251,3,rectangle,231,705,29872,confirmed,1.0
251,6,trapezoid,363,505,26966,confirmed,0.578
252,1,pentagon,727,229,36953,confirmed,0.978
252,2,circle,1551,210,32652,confirmed,1.0
252,3,rectangle,233,712,29667,confirmed,1.0
252,6,trapezoid,362,544,27025,confirmed,0.578
252,7,triangle,899,226,18059,confirmed,0.0
253,1,pentagon,713,230,36610,confirmed,0.978
253,2,circle,1533,233,32676,confirmed,1.0
253,3,rectangle,236,719,27660,confirmed,1.0
253,6,trapezoid,361,582,26880,confirmed,0.578
253,7,triangle,890,222,18577,confirmed,0.0
254,1,pentagon,698,230,36659,confirmed,0.978
254,2,circle,1516,257,32685,confirmed,1.0
254,3,rectangle,238,727,25558,confirmed,1.0
254,6,trapezoid,360,621,26902,confirmed,0.578
254,7,triangle,875,214,19323,confirmed,1.0
255,1,pentagon,684,230,36668,confirmed,0.978
255,2,circle,1500,280,32685,confirmed,1.0
255,3,rectangle,246,747,14010,confirmed,1.0
255,6,trapezoid,356,658,26797,confirmed,0.6
255,7,triangle,864,208,19699,confirmed,1.0
256,1,pentagon,669,230,36616,confirmed,0.978
256,2,circle,1486,304,32664,confirmed,1.0
256,3,rectangle,251,760,14010,coasting,1.0
256,6,trapezoid,353,695,26555,confirmed,0.622
256,7,triangle,855,204,20359,confirmed,1.0
257,1,pentagon,654,230,36681,confirmed,0.978
257,2,circle,1476,328,32665,confirmed,1.0
257,3,rectangle,255,773,14010,coasting,1.0
257,6,trapezoid,353,733,27540,confirmed,0.622
257,7,triangle,846,200,20553,confirmed,1.0
258,1,pentagon,640,229,37046,confirmed,0.978
258,2,circle,1468,353,32666,confirmed,1.0
258,3,rectangle,260,784,14010,coasting,1.0
258,6,trapezoid,349,772,26764,confirmed,0.644
258,7,triangle,837,196,20944,confirmed,1.0
259,1,pentagon,625,231,36647,confirmed,0.978
259,2,circle,1463,377,32665,confirmed,1.0
259,3,rectangle,263,794,14010,coasting,1.0
259,6,trapezoid,342,791,27676,confirmed,0.667
259,7,triangle,829,190,20864,confirmed,1.0
260,1,pentagon,610,233,36439,confirmed,0.978
260,2,circle,1457,402,32692,confirmed,1.0
260,3,rectangle,267,803,14010,coasting,1.0
260,6,trapezoid,342,795,28631,confirmed,0.667
260,7,triangle,821,186,20991,confirmed,1.0
261,1,pentagon,595,235,36486,confirmed,0.978
261,2,circle,1453,427,32663,confirmed,1.0
261,3,rectangle,277,819,12039,confirmed,1.0
261,6,trapezoid,339,732,26957,confirmed,0.689
261,7,triangle,812,180,20738,confirmed,1.0
262,1,pentagon,581,235,38049,confirmed,0.978
262,2,circle,1450,452,32682,confirmed,1.0
262,3,rectangle,284,831,12039,coasting,1.0
262,6,trapezoid,330,715,34740,confirmed,0.689
262,7,triangle,803,176,20823,confirmed,1.0
263,1,pentagon,569,234,39256,confirmed,0.978
263,2,circle,1447,476,32677,confirmed,1.0
263,3,rectangle,290,842,12039,coasting,1.0
263,6,trapezoid,325,701,56681,confirmed,0.689
263,7,triangle,794,172,20865,confirmed,1.0
264,1,pentagon,552,235,31829,confirmed,0.978
264,2,circle,1446,501,32651,confirmed,1.0
264,3,rectangle,296,791,29865,confirmed,1.0
264,6,trapezoid,323,616,27330,confirmed,0.689
264,7,triangle,784,168,20810,confirmed,1.0
265,1,pentagon,536,238,36730,confirmed,0.978
265,2,circle,1446,526,32681,confirmed,1.0
265,3,rectangle,304,779,29819,confirmed,1.0
265,6,trapezoid,317,564,20592,confirmed,0.689
265,7,triangle,773,164,20804,confirmed,1.0
266,1,pentagon,520,245,36637,confirmed,0.978
266,2,circle,1448,551,32673,confirmed,1.0
266,3,rectangle,311,782,29947,confirmed,1.0
266,6,trapezoid,311,518,19156,confirmed,0.689
266,7,triangle,762,162,20966,confirmed,1.0
267,1,pentagon,506,250,36637,confirmed,0.978
267,2,circle,1450,576,32678,confirmed,1.0
267,3,rectangle,319,788,29766,confirmed,1.0
267,6,trapezoid,300,482,19997,confirmed,0.689
267,7,triangle,750,158,20710,confirmed,1.0
268,1,pentagon,492,255,36559,confirmed,0.978
268,2,circle,1454,601,32666,confirmed,1.0
268,3,rectangle,328,794,29836,confirmed,1.0
268,6,trapezoid,289,442,26517,confirmed,0.689
268,7,triangle,738,156,20817,confirmed,1.0
269,1,pentagon,479,258,37463,confirmed,0.978
269,2,circle,1460,625,32662,confirmed,1.0
269,3,rectangle,337,799,29969,confirmed,1.0
269,6,trapezoid,281,405,21137,confirmed,0.689
269,7,triangle,726,154,20824,confirmed,1.0
270,1,pentagon,464,266,37620,confirmed,0.978
270,2,circle,1466,650,32660,confirmed,1.0
270,3,rectangle,345,805,29903,confirmed,1.0
270,6,trapezoid,273,369,19730,confirmed,0.689
270,7,triangle,714,152,20855,confirmed,1.0
271,1,pentagon,452,271,36831,confirmed,0.978
271,2,circle,1475,674,32653,confirmed,1.0
271,3,rectangle,354,809,29856,confirmed,1.0
271,6,trapezoid,264,333,20023,confirmed,0.689
271,7,triangle,701,150,20921,confirmed,1.0
272,1,pentagon,439,277,36890,confirmed,0.978
272,2,circle,1485,698,32702,confirmed,1.0
272,3,rectangle,364,814,29914,confirmed,1.0
272,6,trapezoid,252,297,25004,confirmed,0.689
272,7,triangle,689,148,20938,confirmed,1.0
273,1,pentagon,427,282,36545,confirmed,0.978
273,2,circle,1497,722,32656,confirmed,1.0
273,3,rectangle,373,819,29954,confirmed,1.0
273,6,trapezoid,237,260,15682,confirmed,0.689
273,7,triangle,676,146,20969,confirmed,1.0
274,1,pentagon,415,289,36532,confirmed,0.978
274,2,circle,1511,746,32656,confirmed,1.0
274,3,rectangle,383,823,30011,confirmed,1.0
274,6,trapezoid,226,221,16317,confirmed,0.689
274,7,triangle,664,144,21028,confirmed,1.0
275,1,pentagon,403,295,36440,confirmed,0.978
275,2,circle,1526,769,32652,confirmed,1.0
275,3,rectangle,393,826,29929,confirmed,1.0
275,6,trapezoid,223,182,26197,confirmed,0.667
275,7,triangle,651,140,20671,confirmed,1.0
276,1,pentagon,392,301,37364,confirmed,0.978
276,2,circle,1543,792,32670,confirmed,1.0
276,3,rectangle,403,830,29964,confirmed,1.0
276,6,trapezoid,217,145,26973,confirmed,0.667
276,7,triangle,639,140,20902,confirmed,1.0
277,1,pentagon,381,309,36615,confirmed,0.978
277,2,circle,1563,814,32654,confirmed,1.0
277,3,rectangle,413,834,29985,confirmed,1.0
277,6,trapezoid,211,108,27063,confirmed,0.667
277,7,triangle,626,141,20653,confirmed,1.0
278,1,pentagon,370,317,36451,confirmed,0.978
278,2,circle,1585,836,32670,confirmed,1.0
278,3,rectangle,424,838,29924,confirmed,1.0
278,6,trapezoid,204,75,20568,confirmed,0.667
278,7,triangle,614,145,20909,confirmed,1.0
279,1,pentagon,360,325,36525,confirmed,0.978
279,2,circle,1613,856,32691,confirmed,1.0
279,3,rectangle,434,842,29905,confirmed,1.0
279,6,trapezoid,198,69,27033,confirmed,0.667
279,7,triangle,601,148,20830,confirmed,1.0
280,1,pentagon,350,333,36517,confirmed,0.978
280,2,circle,1646,872,32686,confirmed,1.0
280,3,rectangle,445,847,29930,confirmed,1.0
280,6,trapezoid,192,88,19997,confirmed,0.667
280,7,triangle,588,150,20712,confirmed,1.0
281,1,pentagon,340,341,36488,confirmed,0.978
281,2,circle,1682,886,32659,confirmed,1.0
281,3,rectangle,456,851,29884,confirmed,1.0
281,6,trapezoid,186,126,18883,confirmed,0.667
281,7,triangle,575,154,20861,confirmed,1.0
282,1,pentagon,331,350,36697,confirmed,0.978
282,2,circle,1720,900,32649,confirmed,1.0
282,3,rectangle,467,854,29952,confirmed,1.0
282,6,trapezoid,178,219,19687,confirmed,0.689
282,7,triangle,563,158,20928,confirmed,1.0
283,1,pentagon,322,358,36572,confirmed,0.978
283,2,circle,1757,914,32671,confirmed,1.0
283,3,rectangle,479,857,29846,confirmed,1.0
283,6,trapezoid,169,272,23389,confirmed,0.689
283,7,triangle,552,162,20811,confirmed,1.0
284,1,pentagon,313,367,36536,confirmed,0.978
284,2,circle,1795,913,32686,confirmed,1.0
284,3,rectangle,490,861,29787,confirmed,1.0
284,6,trapezoid,154,318,15752,confirmed,0.689
284,7,triangle,542,168,20828,confirmed,1.0
285,1,pentagon,305,376,36610,confirmed,0.978
285,2,circle,1833,913,31158,confirmed,1.0
285,3,rectangle,502,864,29965,confirmed,1.0
285,6,trapezoid,135,361,10085,confirmed,0.689
285,7,triangle,533,174,20734,confirmed,1.0
286,1,pentagon,297,385,36519,confirmed,0.978
286,2,circle,1866,907,24496,confirmed,1.0
286,3,rectangle,514,867,29828,confirmed,1.0
286,6,trapezoid,119,400,17277,confirmed,0.689
286,7,triangle,526,181,20976,confirmed,1.0
287,1,pentagon,289,394,36549,confirmed,0.978
287,2,circle,1892,897,16781,confirmed,1.0
287,3,rectangle,526,870,29949,confirmed,1.0
287,6,trapezoid,103,444,17277,coasting,0.689
287,7,triangle,519,188,20742,confirmed,1.0
288,1,pentagon,282,404,36621,confirmed,0.978
288,2,circle,1911,881,10070,confirmed,1.0
288,3,rectangle,539,873,29936,confirmed,1.0
288,6,trapezoid,98,477,21104,confirmed,0.689
288,7,triangle,514,196,20819,confirmed,1.0
289,1,pentagon,275,413,36458,confirmed,0.978
289,2,circle,1936,870,10070,coasting,1.0
289,3,rectangle,552,875,29737,confirmed,1.0
289,6,trapezoid,97,508,14616,confirmed,0.689
289,7,triangle,508,204,20916,confirmed,1.0
290,1,pentagon,270,422,36846,confirmed,0.978
290,2,circle,1958,860,10070,coasting,1.0
290,3,rectangle,565,877,29803,confirmed,1.0
290,6,trapezoid,112,536,21573,confirmed,0.689
290,7,triangle,504,212,20964,confirmed,1.0
291,1,pentagon,263,433,36527,confirmed,0.978
291,2,circle,1979,851,10070,coasting,1.0
291,3,rectangle,578,879,29832,confirmed,1.0
291,6,trapezoid,120,570,25789,confirmed,0.689
291,7,triangle,500,220,20970,confirmed,1.0
292,1,pentagon,257,442,36787,confirmed,0.978
292,3,rectangle,591,883,29946,confirmed,1.0
292,6,trapezoid,125,607,20146,confirmed,0.689
292,7,triangle,496,228,20961,confirmed,1.0
293,1,pentagon,251,453,36519,confirmed,0.978
293,3,rectangle,605,885,29990,confirmed,1.0
293,6,trapezoid,125,645,27065,confirmed,0.689
293,7,triangle,493,236,20901,confirmed,1.0
294,1,pentagon,244,463,36685,confirmed,0.978
294,3,rectangle,618,886,29925,confirmed,1.0
294,6,trapezoid,122,684,21572,confirmed,0.689
294,7,triangle,490,244,20851,confirmed,1.0
295,1,pentagon,241,474,36632,confirmed,0.978
295,3,rectangle,632,888,29885,confirmed,1.0
295,6,trapezoid,116,724,26760,confirmed,0.689
295,7,triangle,488,252,20817,confirmed,1.0
296,1,pentagon,235,486,37554,confirmed,0.978
296,3,rectangle,646,888,29814,confirmed,1.0
296,6,trapezoid,119,756,20530,confirmed,0.689
296,7,triangle,487,260,20683,confirmed,1.0
297,1,pentagon,236,495,36831,confirmed,0.978
297,3,rectangle,660,886,29912,confirmed,1.0
297,6,trapezoid,128,719,26020,confirmed,0.689
297,7,triangle,486,270,20942,confirmed,1.0
298,1,pentagon,235,506,36570,confirmed,0.978
298,3,rectangle,674,886,29948,confirmed,1.0
298,6,trapezoid,135,701,18751,confirmed,0.689
298,7,triangle,484,278,20842,confirmed,1.0
299,1,pentagon,233,517,36519,confirmed,0.978
299,3,rectangle,688,885,29833,confirmed,1.0
299,6,trapezoid,127,672,6313,confirmed,0.689
299,7,triangle,484,286,20669,confirmed,1.0
300,1,pentagon,231,528,36497,confirmed,0.978
300,3,rectangle,703,884,29997,confirmed,1.0
300,6,trapezoid,126,653,6313,coasting,0.689
300,7,triangle,484,296,20910,confirmed,1.0
301,1,pentagon,228,540,36883,confirmed,0.978
301,3,rectangle,717,883,29913,confirmed,1.0
301,6,trapezoid,125,635,6313,coasting,0.689
301,7,triangle,484,304,20778,confirmed,1.0
302,1,pentagon,228,550,36780,confirmed,0.978
302,3,rectangle,732,883,29847,confirmed,1.0
302,6,trapezoid,124,620,6313,coasting,0.689
302,7,triangle,485,314,20978,confirmed,1.0
303,1,pentagon,226,561,36425,confirmed,0.978
303,3,rectangle,747,883,29820,confirmed,1.0
303,6,trapezoid,123,606,6313,coasting,0.689
303,7,triangle,487,322,20846,confirmed,1.0
304,1,pentagon,225,573,36530,confirmed,1.0
304,3,rectangle,762,882,29895,confirmed,1.0
304,6,trapezoid,123,593,6313,coasting,0.689
304,7,triangle,488,332,21016,confirmed,1.0
305,1,pentagon,225,584,36582,confirmed,1.0
305,3,rectangle,777,882,29980,confirmed,1.0
305,6,trapezoid,161,521,18609,confirmed,0.689
305,7,triangle,490,340,20835,confirmed,1.0
306,1,pentagon,226,596,36637,confirmed,1.0
306,3,rectangle,792,883,29865,confirmed,1.0
306,6,trapezoid,202,441,26964,confirmed,0.689
306,7,triangle,493,348,20677,confirmed,1.0
307,1,pentagon,227,607,36542,confirmed,1.0
307,3,rectangle,807,882,29954,confirmed,1.0
307,6,trapezoid,241,363,20336,confirmed,0.689
307,7,triangle,496,358,20833,confirmed,1.0
308,1,pentagon,229,619,36515,confirmed,1.0
308,3,rectangle,822,881,29915,confirmed,1.0
308,6,trapezoid,274,291,26833,confirmed,0.711
308,7,triangle,499,366,20648,confirmed,1.0
309,1,pentagon,232,630,36562,confirmed,1.0
309,3,rectangle,837,880,30005,confirmed,1.0
309,6,trapezoid,299,234,21288,confirmed,0.711
309,7,triangle,504,376,20863,confirmed,1.0
310,1,pentagon,237,642,36721,confirmed,1.0
310,3,rectangle,852,879,30005,confirmed,1.0
310,6,trapezoid,318,187,27234,confirmed,0.711
310,7,triangle,509,384,20726,confirmed,1.0
311,1,pentagon,242,653,36494,confirmed,1.0
311,3,rectangle,867,876,29879,confirmed,1.0
311,6,trapezoid,329,151,17876,confirmed,0.711
311,7,triangle,514,394,20929,confirmed,1.0
312,1,pentagon,248,664,36583,confirmed,1.0
312,3,rectangle,881,872,29739,confirmed,1.0
312,6,trapezoid,338,119,27171,confirmed,0.711
312,7,triangle,521,402,20820,confirmed,1.0
313,1,pentagon,257,675,36530,confirmed,1.0
313,3,rectangle,894,868,29861,confirmed,1.0
313,6,trapezoid,344,90,20194,confirmed,0.711
313,7,triangle,527,410,20660,confirmed,1.0
314,1,pentagon,267,686,36629,confirmed,1.0
314,3,rectangle,906,862,29708,confirmed,1.0
314,6,trapezoid,352,61,26355,confirmed,0.711
314,7,triangle,534,420,20891,confirmed,1.0
315,1,pentagon,279,696,36768,confirmed,1.0
315,3,rectangle,918,856,29757,confirmed,1.0
315,6,trapezoid,363,35,16966,confirmed,0.711
315,7,triangle,541,428,20838,confirmed,1.0
316,1,pentagon,291,706,36671,confirmed,1.0
316,3,rectangle,930,849,29779,confirmed,1.0
316,6,trapezoid,378,14,13072,confirmed,0.711
316,7,triangle,549,437,20695,confirmed,1.0
317,1,pentagon,306,715,36554,confirmed,1.0
317,3,rectangle,941,843,29822,confirmed,1.0
317,6,trapezoid,418,-1,2495,confirmed,0.711
317,7,triangle,557,446,20928,confirmed,1.0
318,1,pentagon,321,723,36456,confirmed,1.0
318,3,rectangle,952,837,29910,confirmed,1.0
318,6,trapezoid,429,-2,12117,confirmed,0.711
318,7,triangle,566,454,20861,confirmed,1.0
319,1,pentagon,338,731,36485,confirmed,1.0
319,3,rectangle,964,830,29920,confirmed,1.0
319,6,trapezoid,430,11,22641,confirmed,0.711
319,7,triangle,574,462,20763,confirmed,1.0
320,1,pentagon,356,739,36560,confirmed,1.0
320,3,rectangle,975,824,29828,confirmed,1.0
320,6,trapezoid,407,76,20838,confirmed,0.711
320,7,triangle,584,470,20733,confirmed,1.0
320,8,pentagon,1890,350,12901,confirmed,0.0
321,1,pentagon,375,746,36752,confirmed,1.0
321,3,rectangle,986,816,29880,confirmed,1.0
321,6,trapezoid,400,125,21007,confirmed,0.711
321,7,triangle,593,480,20999,confirmed,1.0
321,8,pentagon,1884,373,15263,confirmed,0.0
322,1,pentagon,395,751,36562,confirmed,1.0
322,3,rectangle,997,811,30002,confirmed,1.0
322,6,trapezoid,395,167,20729,confirmed,0.711
322,7,triangle,604,488,21003,confirmed,1.0
322,8,pentagon,1878,401,16975,confirmed,0.0
323,1,pentagon,416,756,36824,confirmed,1.0
323,3,rectangle,1008,803,29991,confirmed,1.0
323,6,trapezoid,394,207,26835,confirmed,0.711
323,7,triangle,614,496,21003,confirmed,1.0
323,8,pentagon,1873,431,18688,confirmed,0.0
324,1,pentagon,436,762,36969,confirmed,1.0
324,3,rectangle,1019,795,29857,confirmed,1.0
324,6,trapezoid,402,241,26633,confirmed,0.711
324,7,triangle,625,504,20998,confirmed,1.0
324,8,hexagon,1867,462,20357,confirmed,0.0
325,1,pentagon,459,765,36618,confirmed,1.0
325,3,rectangle,1030,788,29994,confirmed,1.0
325,6,trapezoid,405,281,20773,confirmed,0.689
325,7,triangle,636,512,20952,confirmed,1.0
325,8,hexagon,1862,491,22021,confirmed,0.0
326,1,pentagon,482,767,36738,confirmed,1.0
326,3,rectangle,1040,782,29881,confirmed,1.0
326,6,trapezoid,401,317,26954,confirmed,0.711
326,7,triangle,647,520,20978,confirmed,1.0
326,8,hexagon,1858,520,23676,confirmed,0.0
327,1,pentagon,504,765,36638,confirmed,1.0
327,3,rectangle,1050,773,29780,confirmed,1.0
327,6,trapezoid,399,355,20632,confirmed,0.711
327,7,triangle,659,526,20647,confirmed,1.0
327,8,circle,1854,547,25221,confirmed,0.0
328,1,pentagon,527,762,36545,confirmed,1.0
328,3,rectangle,1059,765,29878,confirmed,1.0
328,6,trapezoid,397,393,26841,confirmed,0.711
328,7,triangle,671,534,20754,confirmed,1.0
328,8,circle,1850,572,26040,confirmed,0.0
329,1,pentagon,549,759,36581,confirmed,1.0
329,3,rectangle,1067,756,29978,confirmed,1.0
329,6,trapezoid,395,432,27020,confirmed,0.711
329,7,triangle,683,542,20778,confirmed,1.0
329,8,circle,1850,597,25315,confirmed,0.0
330,1,pentagon,572,755,36475,confirmed,1.0
330,3,rectangle,1075,748,29953,confirmed,1.0
330,6,trapezoid,389,469,20076,confirmed,0.689
330,7,triangle,696,550,20858,confirmed,1.0
330,8,circle,1851,621,24546,confirmed,0.0
331,1,pentagon,595,752,36707,confirmed,1.0
331,3,rectangle,1082,739,29740,confirmed,1.0
331,6,trapezoid,387,507,26688,confirmed,0.689
331,7,triangle,710,558,21004,confirmed,1.0
331,8,hexagon,1853,644,23792,confirmed,0.0
332,1,pentagon,618,749,36659,confirmed,1.0
332,3,rectangle,1089,731,29977,confirmed,1.0
332,6,trapezoid,386,546,26902,confirmed,0.689
332,7,triangle,723,564,20753,confirmed,1.0
332,8,hexagon,1857,668,22914,confirmed,0.0
333,1,pentagon,644,742,39580,confirmed,1.0
333,3,rectangle,1096,721,29797,confirmed,1.0
333,6,trapezoid,385,584,27022,confirmed,0.689
333,7,triangle,738,571,20498,confirmed,1.0
333,8,hexagon,1860,691,21974,confirmed,0.0
334,1,pentagon,666,739,37607,confirmed,1.0
334,3,rectangle,1102,712,29930,confirmed,1.0
334,6,trapezoid,387,619,25491,confirmed,0.689
334,7,triangle,754,577,19967,confirmed,0.978
334,8,hexagon,1864,715,20797,confirmed,0.0
335,1,pentagon,691,733,38310,confirmed,1.0
335,3,rectangle,1108,702,29919,confirmed,1.0
335,6,trapezoid,386,661,19464,confirmed,0.667
335,7,triangle,770,582,18773,confirmed,0.956
335,8,pentagon,1869,740,18571,confirmed,0.0
336,1,pentagon,709,730,36928,confirmed,1.0
336,3,rectangle,1114,693,29766,confirmed,1.0
336,6,trapezoid,388,697,26631,confirmed,0.667
336,7,triangle,788,585,17508,confirmed,0.933
336,8,pentagon,1875,763,15015,confirmed,0.0
337,1,pentagon,729,725,36537,confirmed,1.0
337,3,rectangle,1121,685,29981,confirmed,1.0
337,6,trapezoid,388,735,19381,confirmed,0.667
337,7,triangle,805,590,17508,coasting,0.933
337,8,trapezoid,1884,786,9712,confirmed,0.0
338,1,pentagon,751,719,36507,confirmed,1.0
338,3,rectangle,1127,675,29924,confirmed,1.0
338,6,trapezoid,391,774,27853,confirmed,0.667
338,7,triangle,821,594,17508,coasting,0.933
338,8,trapezoid,1891,809,9712,coasting,0.0
339,1,pentagon,773,713,36527,confirmed,1.0
339,3,rectangle,1133,666,29861,confirmed,1.0
339,6,trapezoid,393,812,26498,confirmed,0.667
339,7,triangle,834,598,17508,coasting,0.933
339,8,trapezoid,1897,830,9712,coasting,0.0
340,1,pentagon,795,706,36643,confirmed,1.0
340,3,rectangle,1139,655,29878,confirmed,1.0
340,6,trapezoid,396,848,25602,confirmed,0.667
340,7,triangle,847,601,17508,coasting,0.933
340,8,trapezoid,1903,849,9712,coasting,0.0
341,1,pentagon,815,698,36589,confirmed,1.0
341,3,rectangle,1145,645,29931,confirmed,1.0
341,6,trapezoid,400,830,25506,confirmed,0.667
341,7,triangle,858,604,17508,coasting,0.933
341,8,trapezoid,1908,865,9712,coasting,0.0
342,1,pentagon,838,691,37137,confirmed,1.0
342,3,rectangle,1151,637,29902,confirmed,1.0
342,6,trapezoid,407,821,18717,confirmed,0.667
342,7,triangle,868,607,17508,coasting,0.933
342,8,trapezoid,1913,881,9712,coasting,0.0
343,1,pentagon,855,681,36715,confirmed,0.978
343,3,rectangle,1157,627,29991,confirmed,1.0
343,6,trapezoid,417,796,19299,confirmed,0.667
343,7,triangle,877,610,17508,coasting,0.933
343,8,trapezoid,1917,894,9712,coasting,0.0
344,1,pentagon,873,671,36577,confirmed,0.978
344,3,rectangle,1164,616,29975,confirmed,1.0
344,6,trapezoid,428,757,20383,confirmed,0.667
344,7,triangle,885,612,17508,coasting,0.933
344,8,trapezoid,1921,907,9712,coasting,0.0
345,1,pentagon,890,661,36546,confirmed,0.978
345,3,rectangle,1170,607,29970,confirmed,1.0
345,6,trapezoid,443,709,26707,confirmed,0.667
345,7,triangle,892,614,17508,coasting,0.933
345,8,trapezoid,1924,918,9712,coasting,0.0
346,1,pentagon,906,648,35209,confirmed,0.978
346,3,rectangle,1176,596,29872,confirmed,1.0
346,6,trapezoid,457,658,19607,confirmed,0.667
346,7,triangle,899,616,17508,coasting,0.933
346,8,trapezoid,1927,928,9712,coasting,0.0
347,1,pentagon,922,636,35225,confirmed,0.978
347,3,rectangle,1183,587,29938,confirmed,1.0
347,6,trapezoid,473,607,20209,confirmed,0.667
347,7,triangle,905,617,17508,coasting,0.933
347,8,trapezoid,1930,937,9712,coasting,0.0
348,1,pentagon,938,625,35420,confirmed,0.978
348,3,rectangle,1189,577,29960,confirmed,1.0
348,6,trapezoid,487,559,26908,confirmed,0.667
348,7,triangle,910,619,17508,coasting,0.933
348,8,trapezoid,1932,945,9712,coasting,0.0
349,1,pentagon,955,619,40096,confirmed,0.978
349,3,rectangle,1197,568,29840,confirmed,1.0
349,6,trapezoid,500,517,26757,confirmed,0.689
349,7,triangle,915,620,17508,coasting,0.933
349,8,trapezoid,1934,952,9712,coasting,0.0
350,1,pentagon,971,616,42705,confirmed,0.978
350,3,rectangle,1205,558,29795,confirmed,1.0
350,6,trapezoid,517,479,26174,confirmed,0.711
350,7,triangle,919,621,17508,coasting,0.933
350,8,trapezoid,1936,958,9712,coasting,0.0
351,1,pentagon,982,608,40323,confirmed,0.978
351,3,rectangle,1212,548,29791,confirmed,1.0
351,6,trapezoid,535,443,26446,confirmed,0.711
351,7,triangle,923,622,17508,coasting,0.933
351,8,trapezoid,1938,964,9712,coasting,0.0
352,1,pentagon,996,583,36537,confirmed,0.978
352,3,rectangle,1221,537,29897,confirmed,1.0
352,6,trapezoid,554,406,27201,confirmed,0.711
352,7,triangle,988,717,16337,confirmed,0.911
352,8,trapezoid,1940,970,9712,coasting,0.0
353,1,pentagon,1008,566,36568,confirmed,0.978
353,3,rectangle,1229,527,29870,confirmed,1.0
353,6,trapezoid,569,370,21459,confirmed,0.711
353,7,triangle,1018,747,18189,confirmed,0.889
353,8,trapezoid,1941,974,9712,coasting,0.0
354,1,pentagon,1021,551,36675,confirmed,0.978
354,3,rectangle,1238,518,29975,confirmed,1.0
354,6,trapezoid,584,333,26625,confirmed,0.711
354,7,triangle,1035,753,19516,confirmed,0.867
354,8,trapezoid,1942,979,9712,coasting,0.0
355,1,pentagon,1032,538,36443,confirmed,0.978
355,3,rectangle,1247,509,29964,confirmed,1.0
355,6,trapezoid,600,295,25648,confirmed,0.689
355,7,triangle,1048,754,20300,confirmed,0.867
355,8,trapezoid,1944,983,9712,coasting,0.0
356,1,pentagon,1046,524,37335,confirmed,0.978
356,3,rectangle,1255,498,30010,confirmed,1.0
356,6,trapezoid,617,259,26928,confirmed,0.689
356,7,triangle,1057,759,20949,confirmed,0.867
356,8,trapezoid,1945,986,9712,coasting,0.0
357,1,pentagon,1059,509,37331,confirmed,0.978
357,3,rectangle,1264,488,29945,confirmed,1.0
357,6,trapezoid,634,223,19904,confirmed,0.689
357,7,triangle,1064,768,20740,confirmed,0.867
357,8,trapezoid,1946,989,9712,coasting,0.0
358,1,pentagon,1072,495,36893,confirmed,0.978
358,3,rectangle,1273,479,29981,confirmed,1.0
358,6,trapezoid,648,186,26429,confirmed,0.711
358,7,triangle,1071,779,20877,confirmed,0.867
359,1,pentagon,1084,485,36571,confirmed,0.978
359,3,rectangle,1282,468,29927,confirmed,1.0
359,6,trapezoid,665,149,26623,confirmed,0.711
359,7,triangle,1078,790,20638,confirmed,0.867
360,1,pentagon,1097,473,36456,confirmed,0.978
360,3,rectangle,1291,458,29957,confirmed,1.0
360,6,trapezoid,686,128,26160,confirmed,0.711
360,7,triangle,1085,802,20791,confirmed,0.867
361,1,pentagon,1111,460,36563,confirmed,0.978
361,3,rectangle,1300,448,29934,confirmed,1.0
361,6,trapezoid,699,124,26720,confirmed,0.711
361,7,triangle,1092,814,20863,confirmed,0.867
362,1,pentagon,1126,447,36532,confirmed,0.978
362,3,rectangle,1310,439,29860,confirmed,1.0
362,6,trapezoid,697,187,25975,confirmed,0.689
362,7,triangle,1097,826,20853,confirmed,0.867
363,1,pentagon,1141,434,36739,confirmed,0.978
363,3,rectangle,1320,429,29665,confirmed,1.0
363,6,trapezoid,701,223,20560,confirmed,0.689
363,7,triangle,1100,838,20851,confirmed,0.867
364,1,pentagon,1156,421,36535,confirmed,0.978
364,3,rectangle,1331,419,29487,confirmed,1.0
364,6,trapezoid,701,264,26210,confirmed,0.689
364,7,triangle,1102,850,20806,confirmed,0.867
365,1,pentagon,1171,407,36577,confirmed,0.978
365,3,rectangle,1343,409,29307,confirmed,1.0
365,6,trapezoid,700,318,26810,confirmed,0.711
365,7,triangle,1108,862,20775,confirmed,0.867
366,1,pentagon,1182,397,39181,confirmed,0.978
366,3,rectangle,1353,399,28927,confirmed,1.0
366,6,trapezoid,700,363,26793,confirmed,0.711
366,7,triangle,1121,871,20700,confirmed,0.867
366,9,hexagon,1873,239,23565,confirmed,0.0
367,1,pentagon,1193,387,40786,confirmed,0.978
367,3,rectangle,1365,389,28340,confirmed,1.0
367,6,trapezoid,704,398,25377,confirmed,0.689
367,7,triangle,1142,875,21012,confirmed,0.867
367,9,circle,1857,224,29980,confirmed,0.0
368,1,pentagon,1217,371,36489,confirmed,0.978
368,3,rectangle,1377,380,27897,confirmed,1.0
368,6,trapezoid,707,438,27133,confirmed,0.689
368,7,triangle,1165,873,20691,confirmed,0.867
368,9,circle,1815,200,32668,confirmed,1.0
369,1,pentagon,1260,358,64472,confirmed,0.978
369,3,rectangle,1388,370,27897,coasting,1.0
369,6,trapezoid,709,478,27128,confirmed,0.689
369,7,triangle,1188,869,20948,confirmed,0.867
369,9,circle,1772,185,32654,confirmed,1.0
370,1,pentagon,1301,347,63320,confirmed,0.978
370,3,rectangle,1398,361,27897,coasting,1.0
370,6,trapezoid,712,514,26745,confirmed,0.689
370,7,triangle,1211,865,20657,confirmed,0.867
370,9,circle,1735,191,32665,confirmed,1.0
371,1,pentagon,1331,338,68781,confirmed,0.978
371,3,rectangle,1408,353,27897,coasting,1.0
371,6,trapezoid,711,552,26963,confirmed,0.689
371,7,triangle,1226,857,21022,confirmed,0.867
371,9,circle,1702,208,32664,confirmed,1.0
372,1,pentagon,1361,328,61089,confirmed,0.978
372,3,rectangle,1416,346,27897,coasting,1.0
372,6,trapezoid,710,588,26617,confirmed,0.689
372,7,triangle,1241,847,21002,confirmed,0.867
372,9,circle,1669,228,32665,confirmed,1.0
373,1,pentagon,1386,319,59571,confirmed,0.978
373,3,rectangle,1423,340,27897,coasting,1.0
373,6,trapezoid,706,626,29006,confirmed,0.689
373,7,triangle,1255,837,21003,confirmed,0.867
373,9,circle,1638,247,32659,confirmed,1.0
374,1,pentagon,1406,311,56310,confirmed,0.978
374,3,rectangle,1443,336,18569,confirmed,1.0
374,6,trapezoid,709,665,26860,confirmed,0.689
374,7,triangle,1269,826,20987,confirmed,0.867
374,9,circle,1611,267,32679,confirmed,1.0
375,1,pentagon,1381,296,36514,confirmed,0.978
375,3,rectangle,1457,331,18569,coasting,1.0
375,6,trapezoid,708,703,26412,confirmed,0.689
375,7,triangle,1283,816,21023,confirmed,0.867
375,9,circle,1587,288,32682,confirmed,1.0
376,1,pentagon,1381,285,36514,coasting,0.978
376,3,rectangle,1469,327,18569,coasting,1.0
376,6,trapezoid,709,742,26904,confirmed,0.689
376,7,triangle,1298,804,20674,confirmed,0.867
376,9,circle,1532,305,67680,confirmed,1.0
377,1,pentagon,1415,287,60738,confirmed,0.978
377,3,rectangle,1480,323,18569,coasting,1.0
377,6,trapezoid,711,779,26548,confirmed,0.711
377,7,triangle,1312,794,20719,confirmed,0.867
377,9,circle,1491,323,67680,coasting,1.0
378,1,pentagon,1452,294,52324,confirmed,0.978
378,3,rectangle,1489,319,18569,coasting,1.0
378,6,trapezoid,712,817,26738,confirmed,0.711
378,7,triangle,1327,784,20807,confirmed,0.867
378,9,circle,1488,351,19362,confirmed,1.0
379,1,pentagon,1491,304,61782,confirmed,0.978
379,3,rectangle,1498,316,18569,coasting,1.0
379,6,trapezoid,715,855,27083,confirmed,0.711
379,7,triangle,1341,774,20839,confirmed,0.867
379,9,circle,1491,384,18184,confirmed,1.0
380,1,pentagon,1520,320,57632,confirmed,0.978
380,3,rectangle,1506,313,18569,coasting,1.0
380,6,trapezoid,720,894,26913,confirmed,0.711
380,7,triangle,1355,764,21001,confirmed,0.867
380,9,circle,1482,412,18184,coasting,1.0
381,1,pentagon,1539,338,63399,confirmed,0.978
381,3,rectangle,1513,311,18569,coasting,1.0
381,6,trapezoid,729,906,26685,confirmed,0.711
381,7,triangle,1368,752,20833,confirmed,0.867
381,9,circle,1475,437,18184,coasting,1.0
382,1,pentagon,1583,297,42242,confirmed,0.978
382,3,rectangle,1520,308,18569,coasting,1.0
382,6,trapezoid,740,896,18431,confirmed,0.711
382,7,triangle,1382,741,20662,confirmed,0.867
382,9,circle,1472,457,31103,confirmed,1.0
383,1,pentagon,1612,288,40355,confirmed,0.978
383,3,rectangle,1525,306,18569,coasting,1.0
383,6,trapezoid,749,862,27078,confirmed,0.711
383,7,triangle,1395,730,20883,confirmed,0.867
383,9,circle,1469,477,32670,confirmed,1.0
384,1,pentagon,1644,278,39608,confirmed,0.978
384,3,rectangle,1531,304,18569,coasting,1.0
384,6,trapezoid,764,763,25761,confirmed,0.689
384,7,triangle,1407,718,20823,confirmed,0.867
384,9,circle,1463,500,32650,confirmed,1.0
385,1,pentagon,1673,274,37384,confirmed,0.978
385,3,rectangle,1535,302,18569,coasting,1.0
385,6,trapezoid,772,713,18712,confirmed,0.667
385,7,triangle,1419,711,19579,confirmed,0.844
385,9,circle,1456,524,32674,confirmed,1.0
386,1,pentagon,1698,284,36633,confirmed,0.978
386,3,rectangle,1539,301,18569,coasting,1.0
386,6,trapezoid,783,664,27252,confirmed,0.667
386,7,triangle,1431,705,16712,confirmed,0.844
386,9,circle,1449,550,32687,confirmed,1.0
387,1,pentagon,1727,290,36490,confirmed,0.978
387,3,rectangle,1543,300,18569,coasting,1.0
387,6,trapezoid,793,620,27028,confirmed,0.667
387,7,triangle,1443,701,12749,confirmed,0.844
387,9,circle,1443,574,32657,confirmed,1.0
388,1,pentagon,1757,296,36705,confirmed,0.978
388,3,rectangle,1547,298,18569,coasting,1.0
388,6,trapezoid,803,580,26357,confirmed,0.667
388,7,triangle,1455,695,12749,coasting,0.844
388,9,circle,1439,608,41099,confirmed,1.0
389,1,pentagon,1783,299,38996,confirmed,0.978
389,3,rectangle,1550,297,18569,coasting,1.0
389,6,trapezoid,813,545,26964,confirmed,0.667
389,7,triangle,1466,690,12749,coasting,0.844
389,9,circle,1437,636,36397,confirmed,1.0
390,1,pentagon,1811,306,36558,confirmed,0.978
390,3,rectangle,1552,296,18569,coasting,1.0
390,6,trapezoid,821,510,27024,confirmed,0.667
390,7,triangle,1476,685,12749,coasting,0.844
390,9,circle,1437,658,37800,confirmed,1.0
391,1,pentagon,1835,316,34914,confirmed,0.978
391,3,rectangle,1555,295,18569,coasting,1.0
391,6,trapezoid,830,476,27079,confirmed,0.667
391,7,triangle,1485,681,12749,coasting,0.844
391,9,circle,1425,675,32666,confirmed,1.0
392,1,pentagon,1854,329,31700,confirmed,0.978
392,3,rectangle,1557,295,18569,coasting,1.0
392,6,trapezoid,842,443,26900,confirmed,0.667
392,7,triangle,1492,678,12749,coasting,0.844
392,9,circle,1441,694,32660,confirmed,1.0
393,1,pentagon,1867,344,28919,confirmed,0.978
393,3,rectangle,1559,294,18569,coasting,1.0
393,6,trapezoid,852,407,26808,confirmed,0.667
393,7,triangle,1508,646,13269,confirmed,0.844
393,9,circle,1466,714,32649,confirmed,1.0
394,1,pentagon,1874,361,26592,confirmed,0.978
394,3,rectangle,1561,293,18569,coasting,1.0
394,6,trapezoid,861,369,26887,confirmed,0.667
394,7,triangle,1521,616,17245,confirmed,0.844
394,9,circle,1496,733,32689,confirmed,1.0
395,1,pentagon,1878,379,23569,confirmed,0.978
395,6,trapezoid,873,335,19079,confirmed,0.644
395,7,triangle,1534,592,17245,coasting,0.844
395,9,circle,1525,726,52760,confirmed,1.0
396,1,pentagon,1880,398,21180,confirmed,0.978
396,6,trapezoid,880,297,26385,confirmed,0.644
396,7,triangle,1540,569,20731,confirmed,0.844
396,9,circle,1580,737,32673,confirmed,1.0
397,1,pentagon,1881,417,18988,confirmed,0.978
397,6,trapezoid,891,259,27190,confirmed,0.644
397,7,triangle,1547,554,20977,confirmed,0.844
397,9,circle,1628,736,32660,confirmed,1.0
398,1,pentagon,1881,437,16857,confirmed,0.978
398,6,trapezoid,905,221,26674,confirmed,0.644
398,7,triangle,1555,541,20921,confirmed,0.844
398,9,circle,1671,728,32671,confirmed,1.0
399,1,pentagon,1882,457,14657,confirmed,0.978
399,6,trapezoid,918,183,18884,confirmed,0.644
399,7,triangle,1563,527,20860,confirmed,0.844
399,9,circle,1710,714,32655,confirmed,1.0
400,1,pentagon,1884,476,12905,confirmed,0.978
400,6,trapezoid,930,146,19979,confirmed,0.644
400,7,triangle,1570,514,20836,confirmed,0.844
400,9,circle,1744,697,32660,confirmed,1.0
401,1,pentagon,1886,495,11288,confirmed,0.978
401,6,trapezoid,947,107,26922,confirmed,0.644
401,7,triangle,1578,500,20830,confirmed,0.844
401,9,circle,1775,679,32644,confirmed,1.0
402,1,pentagon,1889,514,9657,confirmed,0.978
402,6,trapezoid,955,124,20780,confirmed,0.622
402,7,triangle,1586,486,20800,confirmed,0.844
402,9,circle,1803,660,32610,confirmed,1.0
403,1,pentagon,1893,532,8057,confirmed,0.978
403,6,trapezoid,963,134,26955,confirmed,0.622
403,7,triangle,1594,472,20784,confirmed,0.844
403,9,circle,1830,643,29612,confirmed,1.0
404,1,pentagon,1896,551,8057,coasting,0.978
404,6,trapezoid,968,161,19797,confirmed,0.622
404,7,triangle,1603,458,20796,confirmed,0.867
404,9,circle,1851,627,23792,confirmed,1.0
405,1,pentagon,1899,567,8057,coasting,0.978
405,6,trapezoid,964,237,19941,confirmed,0.6
405,7,triangle,1611,444,20809,confirmed,0.889
405,9,circle,1866,610,17869,confirmed,1.0
406,1,pentagon,1901,582,8057,coasting,0.978
406,6,trapezoid,964,285,20341,confirmed,0.6
406,7,triangle,1619,430,20782,confirmed,0.911
406,9,circle,1886,594,17869,coasting,1.0
407,1,pentagon,1903,596,8057,coasting,0.978
407,6,trapezoid,963,328,21057,confirmed,0.6
407,7,triangle,1627,416,20871,confirmed,0.933
407,9,circle,1904,579,17869,coasting,1.0
408,1,pentagon,1905,608,8057,coasting,0.978
408,6,trapezoid,964,369,27107,confirmed,0.6
408,7,triangle,1630,402,20971,confirmed,0.956
408,9,circle,1907,550,10335,confirmed,1.0
409,1,pentagon,1907,619,8057,coasting,0.978
409,6,trapezoid,967,403,26348,confirmed,0.6
409,7,triangle,1631,386,20823,confirmed,0.978
409,9,circle,1906,521,10595,confirmed,1.0
410,1,pentagon,1909,629,8057,coasting,0.978
410,6,trapezoid,969,439,26829,confirmed,0.6
410,7,triangle,1632,372,20971,confirmed,0.978
410,9,circle,1903,492,9878,confirmed,1.0
411,1,pentagon,1910,637,8057,coasting,0.978
411,6,trapezoid,973,477,27365,confirmed,0.6
411,7,triangle,1629,356,20868,confirmed,0.978
411,9,circle,1900,464,8738,confirmed,1.0
412,1,pentagon,1912,645,8057,coasting,0.978
412,6,trapezoid,974,515,26762,confirmed,0.6
412,7,triangle,1620,342,20822,confirmed,0.978
412,9,circle,1898,436,7706,confirmed,1.0
413,1,pentagon,1913,653,8057,coasting,0.978
413,6,trapezoid,976,553,27032,confirmed,0.6
413,7,triangle,1605,329,20854,confirmed,0.978
413,9,circle,1896,410,7138,confirmed,1.0
414,1,pentagon,1914,659,8057,coasting,0.978
414,6,trapezoid,980,591,26826,confirmed,0.622
414,7,triangle,1585,319,20945,confirmed,0.978
414,9,circle,1895,384,6804,confirmed,1.0
415,1,pentagon,1915,665,8057,coasting,0.978
415,6,trapezoid,984,630,26765,confirmed,0.622
415,7,triangle,1563,309,20857,confirmed,0.978
415,9,circle,1895,359,6863,confirmed,1.0
416,1,pentagon,1916,670,8057,coasting,0.978
416,6,trapezoid,988,668,20366,confirmed,0.622
416,7,triangle,1539,301,20952,confirmed,0.978
416,9,circle,1895,335,7642,confirmed,1.0
417,1,pentagon,1916,675,8057,coasting,0.978
417,6,trapezoid,991,706,26958,confirmed,0.622
417,7,triangle,1515,294,20861,confirmed,0.978
417,9,circle,1893,311,9054,confirmed,1.0
418,1,pentagon,1917,679,8057,coasting,0.978
418,6,trapezoid,994,742,26655,confirmed,0.644
418,7,triangle,1490,286,20677,confirmed,0.978
418,9,circle,1891,287,11101,confirmed,1.0
419,1,pentagon,1918,683,8057,coasting,0.978
419,6,trapezoid,999,781,26779,confirmed,0.667
419,7,triangle,1464,280,20700,confirmed,0.978
419,9,circle,1886,263,14263,confirmed,1.0
419,10,trapezoid,1884,800,18694,confirmed,0.0
420,1,pentagon,1918,686,8057,coasting,0.978
420,6,trapezoid,1004,819,27179,confirmed,0.667
420,7,triangle,1437,275,20994,confirmed,0.978
420,9,circle,1879,241,18209,confirmed,1.0
420,10,pentagon,1872,810,24974,confirmed,0.0
421,1,pentagon,1919,689,8057,coasting,0.978
421,6,trapezoid,1009,856,25964,confirmed,0.667
421,7,triangle,1411,270,20910,confirmed,0.978
421,9,circle,1870,219,22757,confirmed,1.0
421,10,pentagon,1857,823,30598,confirmed,0.0
422,1,pentagon,1919,692,8057,coasting,0.978
422,6,trapezoid,1013,871,18993,confirmed,0.667
422,7,triangle,1384,266,20988,confirmed,0.978
422,9,circle,1857,198,27470,confirmed,1.0
422,10,pentagon,1838,837,35483,confirmed,0.0
423,1,pentagon,1920,695,8057,coasting,0.978
423,6,trapezoid,1021,859,27149,confirmed,0.667
423,7,triangle,1357,261,20695,confirmed,0.978
423,9,circle,1842,178,31495,confirmed,1.0
423,10,pentagon,1802,852,36533,confirmed,1.0
424,6,trapezoid,1035,777,20651,confirmed,0.644
424,7,triangle,1330,256,20728,confirmed,0.978
424,9,circle,1811,161,32685,confirmed,1.0
424,10,pentagon,1766,861,36730,confirmed,1.0
425,6,trapezoid,1046,718,26389,confirmed,0.644
425,7,triangle,1302,252,20791,confirmed,0.978
425,9,circle,1779,144,32666,confirmed,1.0
425,10,pentagon,1729,867,36500,confirmed,1.0
426,6,trapezoid,1056,674,26687,confirmed,0.644
426,7,triangle,1275,248,20746,confirmed,0.978
426,9,circle,1749,125,32668,confirmed,1.0
426,10,pentagon,1694,869,36585,confirmed,1.0
427,6,trapezoid,1067,634,25740,confirmed,0.667
427,7,triangle,1247,244,20730,confirmed,0.978
427,9,circle,1720,107,32772,confirmed,1.0
427,10,pentagon,1657,872,36390,confirmed,1.0
428,6,trapezoid,1078,595,20106,confirmed,0.667
428,7,triangle,1219,242,20884,confirmed,0.978
428,9,circle,1690,89,31588,confirmed,1.0
428,10,pentagon,1621,875,36574,confirmed,1.0
429,6,trapezoid,1089,560,26297,confirmed,0.667
429,7,triangle,1191,244,20795,confirmed,0.978
429,9,circle,1659,75,29412,confirmed,1.0
429,10,pentagon,1585,878,36596,confirmed,1.0
430,6,trapezoid,1101,523,27190,confirmed,0.667
430,7,triangle,1163,249,20768,confirmed,0.978
430,9,circle,1626,64,27185,confirmed,1.0
430,10,pentagon,1550,878,36443,confirmed,1.0
431,6,trapezoid,1116,492,19908,confirmed,0.644
431,7,triangle,1135,253,20612,confirmed,0.978
431,9,circle,1589,56,25164,confirmed,1.0
431,10,pentagon,1515,873,36736,confirmed,1.0
432,6,trapezoid,1127,451,26847,confirmed,0.667
432,7,triangle,1107,259,20925,confirmed,0.978
432,9,circle,1550,50,23311,confirmed,1.0
432,10,pentagon,1479,867,36693,confirmed,1.0
432,11,rectangle,1887,800,15692,confirmed,0.0
433,6,trapezoid,1140,414,27192,confirmed,0.667
433,7,triangle,1079,266,20971,confirmed,0.978
433,9,circle,1508,48,21510,confirmed,1.0
433,10,pentagon,1444,861,36679,confirmed,1.0
433,11,rectangle,1881,813,18678,confirmed,0.0
434,6,trapezoid,1153,377,26997,confirmed,0.667
434,7,triangle,1049,269,17845,confirmed,0.978
434,9,circle,1465,46,20307,confirmed,1.0
434,10,pentagon,1409,853,36554,confirmed,1.0
434,11,rectangle,1873,829,21886,confirmed,0.0
435,6,trapezoid,1164,340,21728,confirmed,0.667
435,7,triangle,1015,273,17610,confirmed,0.956
435,9,circle,1421,48,21587,confirmed,1.0
435,10,pentagon,1377,843,37066,confirmed,1.0
435,11,rectangle,1863,844,25834,confirmed,0.0
436,6,trapezoid,1174,303,21160,confirmed,0.644
436,7,triangle,994,283,19306,confirmed,0.933
436,9,circle,1378,52,23684,confirmed,1.0
436,10,pentagon,1346,831,33831,confirmed,1.0
436,11,rectangle,1852,860,29818,confirmed,0.0
437,6,trapezoid,1186,266,27045,confirmed,0.644
437,7,triangle,977,298,20915,confirmed,0.933
437,9,circle,1338,60,26670,confirmed,1.0
437,10,pentagon,1323,814,36806,confirmed,1.0
437,11,rectangle,1829,871,29917,confirmed,1.0
438,6,trapezoid,1197,228,27215,confirmed,0.644
438,7,triangle,958,311,20850,confirmed,0.933
438,9,circle,1302,70,29084,confirmed,1.0
438,10,pentagon,1302,796,36747,confirmed,1.0
438,11,rectangle,1802,878,29817,confirmed,1.0
439,6,trapezoid,1211,188,26536,confirmed,0.667
439,7,triangle,940,326,20891,confirmed,0.933
439,9,circle,1274,77,24535,confirmed,1.0
439,10,pentagon,1284,777,36656,confirmed,1.0
439,11,rectangle,1777,887,29779,confirmed,1.0
440,6,trapezoid,1224,151,27094,confirmed,0.667
440,7,triangle,926,340,20716,confirmed,0.933
440,9,circle,1241,84,24535,coasting,1.0
440,10,pentagon,1265,758,36663,confirmed,1.0
440,11,rectangle,1749,886,29971,confirmed,1.0
441,6,trapezoid,1233,168,26825,confirmed,0.667
441,7,triangle,915,355,20757,confirmed,0.956
441,9,circle,1211,91,24535,coasting,1.0
441,10,pentagon,1246,740,37762,confirmed,1.0
441,11,rectangle,1721,885,29852,confirmed,1.0
442,6,trapezoid,1241,180,26898,confirmed,0.667
442,7,triangle,907,372,20693,confirmed,0.956
442,9,circle,1184,96,24535,coasting,1.0
442,10,pentagon,1228,722,37100,confirmed,1.0
442,11,rectangle,1696,877,29888,confirmed,1.0
443,6,trapezoid,1247,207,26940,confirmed,0.667
443,7,triangle,902,389,20908,confirmed,0.956
443,9,circle,1170,121,20058,confirmed,1.0
443,10,pentagon,1217,700,36529,confirmed,1.0
443,11,rectangle,1675,865,29815,confirmed,1.0
444,6,trapezoid,1245,282,21346,confirmed,0.667
444,7,triangle,897,406,20770,confirmed,0.956
444,9,circle,1160,155,24072,confirmed,1.0
444,10,pentagon,1206,677,38186,confirmed,1.0
444,11,rectangle,1657,852,29698,confirmed,1.0
445,6,trapezoid,1246,333,21496,confirmed,0.644
445,7,triangle,893,424,20923,confirmed,0.956
445,9,circle,1151,193,27503,confirmed,1.0
445,10,pentagon,1197,657,36496,confirmed,1.0
445,11,rectangle,1641,840,29876,confirmed,1.0
446,6,trapezoid,1248,378,26505,confirmed,0.644
446,7,triangle,890,440,20720,confirmed,0.956
446,9,circle,1142,231,30243,confirmed,1.0
446,10,pentagon,1188,636,36698,confirmed,1.0
446,11,rectangle,1626,826,29933,confirmed,1.0
447,6,trapezoid,1251,419,26833,confirmed,0.644
447,7,triangle,887,458,20827,confirmed,0.956
447,9,circle,1137,268,31685,confirmed,1.0
447,10,pentagon,1179,614,36540,confirmed,1.0
447,11,rectangle,1612,811,29917,confirmed,1.0
448,6,trapezoid,1267,447,24677,confirmed,0.644
448,7,triangle,884,476,20973,confirmed,0.956
448,9,circle,1137,296,32359,confirmed,1.0
448,10,pentagon,1170,593,36490,confirmed,1.0
448,11,rectangle,1600,796,29871,confirmed,1.0
449,6,trapezoid,1285,482,16684,confirmed,0.644
449,7,triangle,880,492,20752,confirmed,0.956
449,9,circle,1139,322,32657,confirmed,1.0
449,10,pentagon,1159,572,36589,confirmed,1.0
449,11,rectangle,1588,781,29856,confirmed,1.0
450,6,trapezoid,1303,517,11928,confirmed,0.644
450,7,triangle,877,510,20808,confirmed,0.956
450,9,circle,1146,344,31881,confirmed,1.0
450,10,pentagon,1146,551,36471,confirmed,1.0
450,11,rectangle,1576,766,29899,confirmed,1.0
451,6,trapezoid,1315,557,19590,confirmed,0.644
451,7,triangle,873,528,20942,confirmed,0.956
451,9,circle,1156,366,28385,confirmed,1.0
451,10,pentagon,1134,530,36673,confirmed,1.0
451,11,rectangle,1564,751,29730,confirmed,1.0
452,6,trapezoid,1315,596,23317,confirmed,0.644
452,7,triangle,869,544,20690,confirmed,0.956
452,9,circle,1177,384,24965,confirmed,1.0
452,10,pentagon,1122,509,36508,confirmed,1.0
452,11,rectangle,1551,737,30009,confirmed,1.0
453,6,trapezoid,1306,636,21130,confirmed,0.644
453,7,triangle,865,562,20740,confirmed,0.956
453,9,circle,1209,400,27414,confirmed,1.0
453,10,pentagon,1108,488,36605,confirmed,1.0
453,11,rectangle,1541,721,29795,confirmed,1.0
454,6,trapezoid,1283,674,26078,confirmed,0.644
454,7,triangle,861,580,20822,confirmed,0.956
454,9,circle,1271,402,31742,confirmed,1.0
454,10,pentagon,1093,467,36526,confirmed,1.0
454,11,rectangle,1535,706,29812,confirmed,1.0
455,6,trapezoid,1274,713,20754,confirmed,0.644
455,7,triangle,857,598,20853,confirmed,0.956
455,9,circle,1320,397,32673,confirmed,1.0
455,10,pentagon,1079,446,36645,confirmed,1.0
455,11,rectangle,1531,689,29947,confirmed,1.0
456,6,trapezoid,1277,750,26031,confirmed,0.622
456,7,triangle,854,616,20898,confirmed,0.956
456,9,circle,1363,389,32680,confirmed,1.0
456,10,pentagon,1063,425,36979,confirmed,1.0
456,11,rectangle,1526,673,29900,confirmed,1.0
457,6,trapezoid,1274,790,22328,confirmed,0.622
457,7,triangle,848,634,20955,confirmed,0.956
457,9,circle,1398,374,32635,confirmed,1.0
457,10,pentagon,1047,404,36803,confirmed,1.0
457,11,rectangle,1523,655,29848,confirmed,1.0
458,6,trapezoid,1273,829,22561,confirmed,0.622
458,7,triangle,843,652,21017,confirmed,0.956
458,9,circle,1425,354,32656,confirmed,1.0
458,10,pentagon,1025,384,36402,confirmed,1.0
458,11,rectangle,1518,639,29868,confirmed,1.0
459,6,trapezoid,1274,867,20802,confirmed,0.622
459,7,triangle,837,668,20713,confirmed,0.956
459,9,circle,1448,332,32650,confirmed,1.0
459,10,pentagon,1003,366,36657,confirmed,1.0
459,11,rectangle,1515,622,29972,confirmed,1.0
460,6,trapezoid,1277,896,26679,confirmed,0.622
460,7,triangle,831,686,20690,confirmed,0.956
460,9,circle,1462,308,32657,confirmed,1.0
460,10,pentagon,978,348,36589,confirmed,1.0
460,11,rectangle,1513,606,29926,confirmed,1.0
461,6,trapezoid,1285,899,27117,confirmed,0.622
461,7,triangle,823,704,20805,confirmed,0.956
461,9,circle,1465,282,32685,confirmed,1.0
461,10,pentagon,954,329,37183,confirmed,1.0
461,11,rectangle,1511,588,29894,confirmed,1.0
462,6,trapezoid,1297,878,20772,confirmed,0.622
462,7,triangle,815,722,20836,confirmed,0.956
462,9,circle,1462,257,32647,confirmed,1.0
462,10,pentagon,921,315,36735,confirmed,1.0
462,11,rectangle,1509,572,29825,confirmed,1.0
463,6,trapezoid,1311,838,26744,confirmed,0.622
463,7,triangle,805,740,20959,confirmed,0.956
463,9,circle,1452,232,32679,confirmed,1.0
463,10,pentagon,886,302,36463,confirmed,1.0
463,11,rectangle,1505,554,29941,confirmed,1.0
464,6,trapezoid,1331,744,26916,confirmed,0.622
464,7,triangle,794,756,20727,confirmed,0.956
464,9,circle,1440,208,32659,confirmed,1.0
464,10,pentagon,848,294,36543,confirmed,1.0
464,11,rectangle,1499,539,29905,confirmed,1.0
465,6,trapezoid,1346,688,19839,confirmed,0.622
465,7,triangle,780,774,21003,confirmed,0.956
465,9,circle,1423,185,32660,confirmed,1.0
465,10,pentagon,807,289,36531,confirmed,1.0
465,11,rectangle,1491,521,29677,confirmed,1.0
466,6,trapezoid,1358,649,21077,confirmed,0.6
466,7,triangle,762,789,20765,confirmed,0.956
466,9,circle,1405,162,32672,confirmed,1.0
466,10,pentagon,765,287,36604,confirmed,1.0
466,11,rectangle,1483,502,28768,confirmed,0.967
467,6,trapezoid,1371,606,21158,confirmed,0.6
467,7,triangle,742,803,20642,confirmed,0.956
467,9,circle,1385,140,32667,confirmed,1.0
467,10,pentagon,723,287,36642,confirmed,1.0
467,11,rectangle,1475,484,26734,confirmed,0.967
468,6,trapezoid,1383,567,21320,confirmed,0.6
468,7,triangle,715,813,20745,confirmed,0.956
468,9,circle,1364,118,32656,confirmed,1.0
468,10,pentagon,682,290,36496,confirmed,1.0
468,11,rectangle,1467,465,23631,confirmed,0.967
469,6,trapezoid,1387,534,26072,confirmed,0.6
469,7,triangle,690,810,20993,confirmed,0.956
469,9,circle,1342,97,32457,confirmed,1.0
469,10,pentagon,641,295,36656,confirmed,1.0
469,11,rectangle,1457,443,19338,confirmed,0.967
470,6,trapezoid,1401,503,21386,confirmed,0.578
470,7,triangle,678,793,20980,confirmed,0.956
470,9,circle,1316,79,30618,confirmed,1.0
470,10,pentagon,602,300,37116,confirmed,1.0
470,11,rectangle,1443,410,13094,confirmed,0.967
471,6,trapezoid,1411,466,27668,confirmed,0.6
471,7,triangle,680,772,20712,confirmed,0.956
471,9,circle,1285,65,28515,confirmed,1.0
471,10,pentagon,561,311,38391,confirmed,1.0
471,11,rectangle,1431,383,13094,coasting,0.967
472,6,trapezoid,1420,431,19409,confirmed,0.6
472,7,triangle,686,752,20828,confirmed,0.956
472,9,circle,1249,56,26362,confirmed,1.0
472,10,pentagon,532,331,36652,confirmed,1.0
472,11,rectangle,1421,359,13094,coasting,0.967
473,6,trapezoid,1429,398,22638,confirmed,0.6
473,7,triangle,693,733,20974,confirmed,0.956
473,9,circle,1209,50,24054,confirmed,1.0
473,10,pentagon,501,348,36513,confirmed,1.0
473,11,rectangle,1412,337,13094,coasting,0.967
474,6,trapezoid,1439,353,26921,confirmed,0.6
474,7,triangle,701,712,20687,confirmed,0.956
474,9,circle,1168,47,22086,confirmed,1.0
474,10,pentagon,468,363,36940,confirmed,1.0
474,11,rectangle,1403,317,13094,coasting,0.967
475,6,trapezoid,1446,312,26278,confirmed,0.6
475,7,triangle,710,694,20723,confirmed,0.956
475,9,circle,1123,47,22527,confirmed,1.0
475,10,pentagon,435,379,37292,confirmed,1.0
475,11,rectangle,1396,300,13094,coasting,0.967
476,6,trapezoid,1457,274,26646,confirmed,0.6
476,7,triangle,722,676,20722,confirmed,0.956
476,9,circle,1077,50,23101,confirmed,1.0
476,10,pentagon,404,396,36635,confirmed,1.0
476,11,rectangle,1389,284,13094,coasting,0.967
477,6,trapezoid,1464,236,26679,confirmed,0.622
477,7,triangle,737,659,20970,confirmed,0.956
477,9,circle,1031,55,24950,confirmed,1.0
477,10,pentagon,372,412,36731,confirmed,1.0
477,11,rectangle,1383,269,13094,coasting,0.967
478,6,trapezoid,1469,201,20958,confirmed,0.6
478,7,triangle,754,642,20693,confirmed,0.956
478,9,circle,989,64,27611,confirmed,1.0
478,10,pentagon,340,427,32823,confirmed,1.0
478,11,rectangle,1377,256,13094,coasting,0.967
478,12,rectangle,1291,336,29742,confirmed,1.0
479,6,trapezoid,1475,166,21540,confirmed,0.6
479,7,triangle,774,627,20936,confirmed,0.956
479,9,circle,951,74,30222,confirmed,1.0
479,10,pentagon,321,450,36680,confirmed,1.0
479,11,rectangle,1373,245,13094,coasting,0.967
479,12,rectangle,1264,315,29831,confirmed,1.0
480,6,trapezoid,1475,193,21289,confirmed,0.6
480,7,triangle,798,613,20992,confirmed,0.978
480,9,circle,918,88,32241,confirmed,1.0
480,10,pentagon,306,473,36567,confirmed,1.0
480,11,rectangle,1368,234,13094,coasting,0.967
480,12,rectangle,1238,302,29844,confirmed,1.0
481,6,trapezoid,1478,232,20372,confirmed,0.578
481,7,triangle,824,600,20836,confirmed,1.0
481,9,circle,899,112,32654,confirmed,1.0
481,10,pentagon,297,497,36535,confirmed,1.0
481,11,rectangle,1364,225,13094,coasting,0.967
481,12,rectangle,1212,292,29892,confirmed,1.0
482,6,trapezoid,1479,261,20033,confirmed,0.578
482,7,triangle,851,587,20844,confirmed,1.0
482,9,circle,876,134,32648,confirmed,1.0
482,10,pentagon,292,522,36904,confirmed,1.0
482,11,rectangle,1360,217,13094,coasting,0.967
482,12,rectangle,1184,282,29840,confirmed,1.0
483,6,trapezoid,1482,297,21462,confirmed,0.578
483,7,triangle,879,576,20821,confirmed,1.0
483,9,circle,852,155,32661,confirmed,1.0
483,10,pentagon,282,547,37919,confirmed,1.0
483,11,rectangle,1357,209,13094,coasting,0.967
483,12,rectangle,1156,273,29988,confirmed,1.0
484,6,trapezoid,1483,338,27167,confirmed,0.578
484,7,triangle,908,564,20674,confirmed,1.0
484,9,circle,828,176,32668,confirmed,1.0
484,10,pentagon,284,572,36700,confirmed,1.0
484,11,rectangle,1354,202,13094,coasting,0.967
484,12,rectangle,1126,266,29843,confirmed,1.0
485,6,trapezoid,1484,388,26020,confirmed,0.578
485,7,triangle,937,554,20791,confirmed,1.0
485,9,circle,804,197,32672,confirmed,1.0
485,10,pentagon,284,597,36599,confirmed,1.0
485,11,rectangle,1352,196,13094,coasting,0.967
485,12,rectangle,1096,261,29781,confirmed,1.0
486,6,trapezoid,1487,432,20728,confirmed,0.578
486,7,triangle,967,544,20806,confirmed,1.0
486,9,circle,780,218,32675,confirmed,1.0
486,10,pentagon,285,622,36706,confirmed,1.0
486,11,rectangle,1349,191,13094,coasting,0.967
486,12,rectangle,1064,257,29786,confirmed,1.0
487,6,trapezoid,1490,474,21271,confirmed,0.578
487,7,triangle,997,534,20880,confirmed,1.0
487,9,circle,756,238,32642,confirmed,1.0
487,10,pentagon,287,647,36555,confirmed,1.0
487,11,rectangle,1347,186,13094,coasting,0.967
487,12,rectangle,1031,254,29826,confirmed,1.0
488,6,trapezoid,1494,515,26418,confirmed,0.578
488,7,triangle,1028,524,20922,confirmed,1.0
488,9,circle,732,259,32660,confirmed,1.0
488,10,pentagon,291,671,36480,confirmed,1.0
488,11,rectangle,1345,181,13094,coasting,0.967
488,12,rectangle,998,253,29860,confirmed,1.0
489,6,trapezoid,1496,547,26226,confirmed,0.556
489,7,triangle,1058,514,21016,confirmed,1.0
489,9,circle,712,281,32682,confirmed,1.0
489,10,pentagon,297,696,36574,confirmed,1.0
489,11,rectangle,1344,177,13094,coasting,0.967
489,12,rectangle,965,252,29979,confirmed,1.0
490,6,trapezoid,1500,585,21108,confirmed,0.556
490,7,triangle,1088,502,20708,confirmed,1.0
490,9,circle,701,305,32676,confirmed,1.0
490,10,pentagon,304,721,36461,confirmed,1.0
490,11,rectangle,1342,173,13094,coasting,0.967
490,12,rectangle,934,253,30019,confirmed,1.0
491,6,trapezoid,1507,623,27371,confirmed,0.556
491,7,triangle,1118,492,20773,confirmed,1.0
491,9,circle,691,330,32674,confirmed,1.0
491,10,pentagon,315,746,36644,confirmed,1.0
491,12,rectangle,907,263,29952,confirmed,1.0
492,6,trapezoid,1515,660,26936,confirmed,0.556
492,7,triangle,1149,482,20828,confirmed,1.0
492,9,circle,684,354,32651,confirmed,1.0
492,10,pentagon,329,770,36699,confirmed,1.0
492,12,rectangle,880,275,29906,confirmed,1.0
493,6,trapezoid,1521,699,22184,confirmed,0.556
493,7,triangle,1180,472,20936,confirmed,1.0
493,9,circle,681,379,32662,confirmed,1.0
493,10,pentagon,346,793,36434,confirmed,1.0
493,12,rectangle,854,287,29861,confirmed,1.0
494,6,trapezoid,1527,738,21022,confirmed,0.556
494,7,triangle,1210,461,20653,confirmed,1.0
494,9,circle,687,404,32678,confirmed,1.0
494,10,pentagon,366,816,36711,confirmed,1.0
494,12,rectangle,834,297,28070,confirmed,0.941
495,6,trapezoid,1533,776,21352,confirmed,0.556
495,7,triangle,1242,452,20835,confirmed,1.0
495,9,circle,701,427,32659,confirmed,1.0
495,10,pentagon,392,838,36505,confirmed,1.0
495,12,rectangle,812,307,25457,confirmed,0.941
496,6,trapezoid,1538,812,26779,confirmed,0.556
496,7,triangle,1275,442,20664,confirmed,1.0
496,9,circle,725,449,32652,confirmed,1.0
496,10,pentagon,423,856,36522,confirmed,1.0
496,12,rectangle,793,317,21649,confirmed,0.941
497,6,trapezoid,1543,849,26848,confirmed,0.556
497,7,triangle,1307,434,20830,confirmed,1.0
497,9,circle,759,464,32667,confirmed,1.0
497,10,pentagon,464,866,36503,confirmed,1.0
497,12,rectangle,773,322,17529,confirmed,0.941
498,6,trapezoid,1550,887,26929,confirmed,0.578
498,7,triangle,1340,425,20677,confirmed,1.0
498,9,circle,802,473,32671,confirmed,1.0
498,10,pentagon,511,865,36521,confirmed,1.0
498,12,rectangle,753,331,17132,confirmed,0.941
499,6,trapezoid,1557,915,21689,confirmed,0.578
499,7,triangle,1373,416,20762,confirmed,1.0
499,9,circle,847,476,32671,confirmed,1.0
499,10,pentagon,556,856,36747,confirmed,1.0
499,12,rectangle,734,351,24036,confirmed,0.941
500,6,trapezoid,1569,916,25935,confirmed,0.578
500,7,triangle,1407,408,20702,confirmed,1.0
500,9,circle,893,475,32658,confirmed,1.0
500,10,pentagon,598,844,36504,confirmed,1.0
500,12,rectangle,727,392,29287,confirmed,0.944
501,6,trapezoid,1578,894,26537,confirmed,0.578
501,7,triangle,1441,401,21006,confirmed,1.0
501,9,circle,934,471,32669,confirmed,1.0
501,10,pentagon,640,834,36750,confirmed,1.0
501,12,rectangle,718,418,29905,confirmed,0.947
502,6,trapezoid,1588,854,20526,confirmed,0.578
502,7,triangle,1475,394,20931,confirmed,1.0
502,9,circle,970,457,32651,confirmed,1.0
502,10,pentagon,679,817,36513,confirmed,1.0
502,12,rectangle,708,438,29992,confirmed,0.95
503,6,trapezoid,1599,803,20217,confirmed,0.578
503,7,triangle,1509,386,20870,confirmed,1.0
503,9,circle,1003,439,32653,confirmed,1.0
503,10,pentagon,716,803,36711,confirmed,1.0
503,12,rectangle,698,455,29892,confirmed,0.952
504,6,trapezoid,1612,720,26811,confirmed,0.6
504,7,triangle,1544,378,20702,confirmed,1.0
504,9,circle,1033,421,32672,confirmed,1.0
504,10,pentagon,745,779,36461,confirmed,1.0
504,12,rectangle,688,474,29842,confirmed,0.955
505,6,trapezoid,1623,664,27190,confirmed,0.6
505,7,triangle,1579,372,20829,confirmed,1.0
505,9,circle,1053,398,32669,confirmed,1.0
505,10,pentagon,773,758,36671,confirmed,1.0
505,12,rectangle,679,492,29869,confirmed,0.957
506,6,trapezoid,1633,630,21404,confirmed,0.578
506,7,triangle,1614,366,21007,confirmed,1.0
506,9,circle,1065,373,32653,confirmed,1.0
506,10,pentagon,803,736,37213,confirmed,1.0
506,12,rectangle,670,510,29976,confirmed,0.958
507,6,trapezoid,1645,590,20128,confirmed,0.578
507,7,triangle,1650,358,20808,confirmed,1.0
507,9,circle,1070,349,32669,confirmed,1.0
507,10,pentagon,831,715,36521,confirmed,1.0
507,12,rectangle,661,530,29871,confirmed,0.96
508,6,trapezoid,1657,552,20270,confirmed,0.578
508,7,triangle,1685,352,20988,confirmed,1.0
508,9,circle,1070,323,32654,confirmed,1.0
508,10,pentagon,860,692,37780,confirmed,1.0
508,12,rectangle,651,548,29987,confirmed,0.962
509,6,trapezoid,1669,515,27342,confirmed,0.578
509,7,triangle,1720,344,20970,confirmed,1.0
509,9,circle,1067,298,32678,confirmed,1.0
509,10,pentagon,886,672,36679,confirmed,1.0
509,12,rectangle,641,567,29841,confirmed,0.963
510,6,trapezoid,1682,479,26998,confirmed,0.578
510,7,triangle,1754,335,20741,confirmed,1.0
510,9,circle,1062,273,32648,confirmed,1.0
510,10,pentagon,913,650,36521,confirmed,1.0
510,12,rectangle,631,586,29947,confirmed,0.964
511,6,trapezoid,1696,444,26420,confirmed,0.6
511,7,triangle,1790,325,19064,confirmed,1.0
511,9,circle,1053,249,32674,confirmed,1.0
511,10,pentagon,940,630,36768,confirmed,1.0
511,12,rectangle,621,605,29856,confirmed,0.966
512,6,trapezoid,1706,409,21134,confirmed,0.6
512,7,triangle,1828,314,17813,confirmed,1.0
512,9,circle,1041,225,32679,confirmed,1.0
512,10,pentagon,968,607,36473,confirmed,1.0
512,12,rectangle,611,625,29942,confirmed,0.967
513,6,trapezoid,1712,371,26809,confirmed,0.622
513,7,triangle,1863,302,16570,confirmed,1.0
513,9,circle,1027,201,32667,confirmed,1.0
513,10,pentagon,996,586,36767,confirmed,1.0
513,12,rectangle,601,643,29840,confirmed,0.968
514,6,trapezoid,1720,333,20889,confirmed,0.6
514,7,triangle,1889,287,14768,confirmed,1.0
514,9,circle,1010,178,32677,confirmed,1.0
514,10,pentagon,1024,563,36480,confirmed,1.0
514,12,rectangle,590,662,30019,confirmed,0.969
515,6,trapezoid,1728,297,27119,confirmed,0.6
515,7,triangle,1907,270,11857,confirmed,1.0
515,9,circle,990,156,32656,confirmed,1.0
515,10,pentagon,1052,541,36538,confirmed,1.0
515,12,rectangle,579,681,29854,confirmed,0.97
516,6,trapezoid,1741,256,26039,confirmed,0.6
516,7,triangle,1917,254,8948,confirmed,1.0
516,9,circle,966,135,32652,confirmed,1.0
516,10,pentagon,1079,518,36591,confirmed,1.0
516,12,rectangle,568,700,29946,confirmed,0.971
517,6,trapezoid,1752,221,20168,confirmed,0.6
517,7,triangle,1920,236,7117,confirmed,1.0
517,9,circle,937,116,32650,confirmed,1.0
517,10,pentagon,1106,496,36643,confirmed,1.0
517,12,rectangle,555,718,29953,confirmed,0.971
518,6,trapezoid,1758,213,20463,confirmed,0.6
518,7,triangle,1916,217,7644,confirmed,1.0
518,9,circle,908,98,32676,confirmed,1.0
518,10,pentagon,1134,473,36494,confirmed,1.0
518,12,rectangle,540,736,29899,confirmed,0.972
519,6,trapezoid,1761,230,20342,confirmed,0.6
519,7,triangle,1909,198,8567,confirmed,1.0
519,9,circle,873,85,32019,confirmed,1.0
519,10,pentagon,1162,450,36701,confirmed,1.0
519,12,rectangle,522,755,29930,confirmed,0.973
520,6,trapezoid,1756,321,21410,confirmed,0.6
520,7,triangle,1899,176,9914,confirmed,1.0
520,9,circle,833,77,31747,confirmed,1.0
520,10,pentagon,1189,428,36611,confirmed,1.0
520,12,rectangle,503,772,29854,confirmed,0.974
521,6,trapezoid,1756,370,27358,confirmed,0.6
521,7,triangle,1888,152,11649,confirmed,1.0
521,9,circle,788,75,31774,confirmed,1.0
521,10,pentagon,1216,406,36790,confirmed,1.0
521,12,rectangle,483,788,29980,confirmed,0.974
522,6,trapezoid,1760,415,26011,confirmed,0.6
522,7,triangle,1879,126,13630,confirmed,1.0
522,9,circle,741,77,32065,confirmed,1.0
522,10,pentagon,1247,384,36601,confirmed,1.0
522,12,rectangle,462,806,29820,confirmed,0.975
523,6,trapezoid,1761,460,21977,confirmed,0.6
523,7,triangle,1870,101,15384,confirmed,1.0
523,9,circle,696,86,32782,confirmed,1.0
523,10,pentagon,1279,362,36879,confirmed,1.0
523,12,rectangle,440,821,29790,confirmed,0.976
524,6,trapezoid,1764,495,26325,confirmed,0.6
524,7,triangle,1861,80,16784,confirmed,1.0
524,9,circle,654,115,32676,confirmed,1.0
524,10,pentagon,1311,341,36417,confirmed,1.0
524,12,rectangle,418,838,29932,confirmed,0.976
525,6,trapezoid,1766,534,26591,confirmed,0.6
525,7,triangle,1850,62,19157,confirmed,1.0
525,9,circle,618,135,32653,confirmed,1.0
525,10,pentagon,1346,321,36477,confirmed,1.0
525,12,rectangle,395,854,29759,confirmed,0.977
526,6,trapezoid,1764,573,21757,confirmed,0.578
526,7,triangle,1840,42,19157,coasting,1.0
526,9,circle,583,151,32672,confirmed,1.0
526,10,pentagon,1389,308,36667,confirmed,1.0
526,12,rectangle,369,868,29795,confirmed,0.977
527,6,trapezoid,1764,609,20898,confirmed,0.556
527,7,triangle,1813,39,17293,confirmed,1.0
527,9,circle,550,168,32674,confirmed,1.0
527,10,pentagon,1437,302,36607,confirmed,1.0
527,12,rectangle,340,881,29946,confirmed,0.978
528,6,trapezoid,1764,645,26595,confirmed,0.556
528,7,triangle,1777,42,17894,confirmed,1.0
528,9,circle,520,186,32671,confirmed,1.0
528,10,pentagon,1486,303,36727,confirmed,1.0
528,12,rectangle,309,892,29751,confirmed,0.978
529,6,trapezoid,1766,683,27491,confirmed,0.556
529,7,triangle,1738,54,18978,confirmed,1.0
529,9,circle,492,205,32683,confirmed,1.0
529,10,pentagon,1532,314,36632,confirmed,1.0
529,12,rectangle,277,902,29785,confirmed,0.978
530,6,trapezoid,1764,722,21812,confirmed,0.556
530,7,triangle,1703,71,20152,confirmed,1.0
530,9,circle,467,225,32663,confirmed,1.0
530,10,pentagon,1577,327,36593,confirmed,1.0
530,12,rectangle,243,910,29813,confirmed,0.978
531,6,trapezoid,1765,759,26941,confirmed,0.556
531,7,triangle,1671,92,20457,confirmed,1.0
531,9,circle,445,246,32669,confirmed,1.0
531,10,pentagon,1622,341,36602,confirmed,1.0
531,12,rectangle,208,917,29933,confirmed,0.978
532,6,trapezoid,1765,798,21199,confirmed,0.556
532,7,triangle,1654,125,20677,confirmed,1.0
532,9,circle,427,269,32669,confirmed,1.0
532,10,pentagon,1665,356,36560,confirmed,1.0
532,12,rectangle,171,920,29669,confirmed,0.978
533,6,trapezoid,1763,836,27480,confirmed,0.556
533,7,triangle,1640,152,20963,confirmed,1.0
533,9,circle,416,293,32660,confirmed,1.0
533,10,pentagon,1709,371,36586,confirmed,1.0
533,12,rectangle,136,917,29751,confirmed,0.978
534,6,trapezoid,1763,874,26838,confirmed,0.556
534,7,triangle,1630,175,21014,confirmed,1.0
534,9,circle,408,318,32656,confirmed,1.0
534,10,pentagon,1751,385,33904,confirmed,1.0
534,12,rectangle,120,900,29796,confirmed,0.978
535,6,trapezoid,1766,884,21559,confirmed,0.556
535,7,triangle,1621,197,20997,confirmed,1.0
535,9,circle,401,343,32657,confirmed,1.0
535,10,pentagon,1787,407,36538,confirmed,1.0
535,12,rectangle,118,878,29907,confirmed,0.978
536,6,trapezoid,1770,883,26643,confirmed,0.556
536,7,triangle,1622,218,20865,confirmed,1.0
536,9,circle,395,367,32657,confirmed,1.0
536,10,pentagon,1821,428,36651,confirmed,1.0
536,12,rectangle,121,855,29843,confirmed,0.978
537,6,trapezoid,1780,817,26493,confirmed,0.533
537,7,triangle,1627,240,20819,confirmed,1.0
537,9,circle,404,391,32668,confirmed,1.0
537,10,pentagon,1849,449,38335,confirmed,1.0
537,12,rectangle,124,833,29946,confirmed,0.978
538,6,trapezoid,1789,780,26996,confirmed,0.533
538,7,triangle,1638,262,20821,confirmed,1.0
538,9,circle,415,415,32674,confirmed,1.0
538,10,pentagon,1864,476,34175,confirmed,1.0
538,12,rectangle,126,811,29939,confirmed,0.978
539,6,trapezoid,1798,739,26846,confirmed,0.533
539,7,triangle,1650,284,20793,confirmed,1.0
539,9,circle,434,438,32645,confirmed,1.0
539,10,pentagon,1869,506,33557,confirmed,1.0
539,12,rectangle,128,789,29863,confirmed,0.978
540,6,trapezoid,1807,702,16545,confirmed,0.533
540,7,triangle,1663,306,20859,confirmed,1.0
540,9,circle,464,456,32655,confirmed,1.0
540,10,pentagon,1867,538,32754,confirmed,1.0
540,12,rectangle,129,769,30023,confirmed,0.978
541,6,trapezoid,1815,666,16545,coasting,0.533
541,7,triangle,1679,328,20970,confirmed,1.0
541,9,circle,504,468,32654,confirmed,1.0
541,10,pentagon,1862,570,32176,confirmed,1.0
541,12,rectangle,130,746,29926,confirmed,0.978
542,6,trapezoid,1823,633,16545,coasting,0.533
542,7,triangle,1698,348,20849,confirmed,1.0
542,9,circle,549,469,32672,confirmed,1.0
542,10,pentagon,1854,603,32598,confirmed,1.0
542,12,rectangle,132,725,29797,confirmed,0.978
543,6,trapezoid,1830,603,16545,coasting,0.533
543,7,triangle,1718,368,20862,confirmed,1.0
543,9,circle,588,457,32662,confirmed,1.0
543,10,pentagon,1848,634,30749,confirmed,1.0
543,12,rectangle,133,705,30015,confirmed,0.978
544,6,trapezoid,1836,577,16545,coasting,0.533
544,7,triangle,1741,388,21001,confirmed,1.0
544,9,circle,621,438,32660,confirmed,1.0
544,10,pentagon,1844,664,30326,confirmed,1.0
544,12,rectangle,134,682,29963,confirmed,1.0
545,6,trapezoid,1840,533,21908,confirmed,0.533
545,7,triangle,1761,408,21001,coasting,1.0
545,9,circle,649,417,32663,confirmed,1.0
545,10,pentagon,1841,693,30058,confirmed,1.0
545,12,rectangle,135,660,30015,confirmed,1.0
546,6,trapezoid,1844,485,20644,confirmed,0.533
546,7,triangle,1780,427,21001,coasting,1.0
546,9,circle,675,396,32690,confirmed,1.0
546,10,pentagon,1840,722,30594,confirmed,1.0
546,12,rectangle,136,640,29771,confirmed,1.0
547,6,trapezoid,1843,441,26476,confirmed,0.533
547,7,triangle,1797,443,21001,coasting,1.0
547,9,circle,702,376,32667,confirmed,1.0
547,10,pentagon,1839,750,30031,confirmed,1.0
547,12,rectangle,138,617,29845,confirmed,1.0
548,6,trapezoid,1848,393,17962,confirmed,0.533
548,7,triangle,1812,458,21001,coasting,1.0
548,9,circle,712,351,32667,confirmed,1.0
548,10,pentagon,1836,779,33694,confirmed,1.0
548,12,rectangle,139,595,29829,confirmed,1.0
549,6,trapezoid,1853,347,16606,confirmed,0.533
549,7,triangle,1835,477,16502,confirmed,1.0
549,9,circle,716,327,32657,confirmed,1.0
549,10,pentagon,1831,809,35547,confirmed,1.0
549,12,rectangle,139,574,29926,confirmed,1.0
550,6,trapezoid,1860,308,11164,confirmed,0.533
550,7,triangle,1859,493,15499,confirmed,1.0
550,9,circle,721,301,32653,confirmed,1.0
550,10,pentagon,1821,837,36510,confirmed,1.0
550,12,rectangle,138,552,29980,confirmed,1.0
551,6,trapezoid,1867,266,13578,confirmed,0.533
551,7,triangle,1880,512,11469,confirmed,1.0
551,9,circle,724,276,32652,confirmed,1.0
551,10,pentagon,1788,860,36499,confirmed,1.0
551,12,rectangle,138,531,29960,confirmed,1.0
552,6,trapezoid,1875,230,9361,confirmed,0.533
552,7,triangle,1902,530,11469,coasting,1.0
552,9,circle,726,252,32675,confirmed,1.0
552,10,pentagon,1742,873,36520,confirmed,1.0
552,12,rectangle,138,509,29945,confirmed,1.0
553,6,trapezoid,1883,191,9231,confirmed,0.533
553,7,triangle,1921,546,11469,coasting,1.0
553,9,circle,724,227,32687,confirmed,1.0
553,10,pentagon,1689,872,36486,confirmed,1.0
553,12,rectangle,137,487,29975,confirmed,1.0
554,6,trapezoid,1891,157,4527,confirmed,0.533
554,7,triangle,1938,560,11469,coasting,1.0
554,9,circle,715,203,32665,confirmed,1.0
554,10,pentagon,1636,862,36571,confirmed,1.0
554,12,rectangle,137,465,29984,confirmed,1.0
555,6,trapezoid,1900,120,4527,coasting,0.533
555,7,triangle,1954,573,11469,coasting,1.0
555,9,circle,705,178,32694,confirmed,1.0
555,10,pentagon,1589,854,38110,confirmed,1.0
555,12,rectangle,136,442,29918,confirmed,1.0
556,6,trapezoid,1907,87,4527,coasting,0.533
556,7,triangle,1968,585,11469,coasting,1.0
556,9,circle,694,154,32660,confirmed,1.0
556,10,pentagon,1541,832,36602,confirmed,1.0
556,12,rectangle,136,419,29826,confirmed,1.0
557,6,trapezoid,1913,58,4527,coasting,0.533
557,9,circle,679,131,32673,confirmed,1.0
557,10,pentagon,1498,811,36464,confirmed,1.0
557,12,rectangle,134,398,29808,confirmed,1.0
558,6,trapezoid,1919,31,4527,coasting,0.533
558,9,circle,665,107,32754,confirmed,1.0
558,10,pentagon,1458,790,36533,confirmed,1.0
558,12,rectangle,133,376,29754,confirmed,1.0
559,6,trapezoid,1925,7,4527,coasting,0.533
559,9,circle,646,86,31436,confirmed,1.0
559,10,pentagon,1422,768,36535,confirmed,1.0
559,12,rectangle,131,353,29860,confirmed,1.0
560,6,trapezoid,1930,-15,4527,coasting,0.533
560,9,circle,622,69,29019,confirmed,1.0
560,10,pentagon,1385,745,37183,confirmed,1.0
560,12,rectangle,130,330,29947,confirmed,1.0
561,6,trapezoid,1934,-34,4527,coasting,0.533
561,9,circle,592,57,26500,confirmed,1.0
561,10,pentagon,1354,720,36552,confirmed,1.0
561,12,rectangle,131,309,29995,confirmed,1.0
562,6,trapezoid,1938,-52,4527,coasting,0.533
562,9,circle,556,49,23997,confirmed,1.0
562,10,pentagon,1324,694,36574,confirmed,1.0
562,12,rectangle,133,285,29848,confirmed,1.0
563,9,circle,516,43,21381,confirmed,1.0
563,10,pentagon,1294,669,36490,confirmed,1.0
563,12,rectangle,140,264,29833,confirmed,1.0
564,9,circle,473,42,21000,confirmed,1.0
564,10,pentagon,1266,642,36534,confirmed,1.0
564,12,rectangle,152,242,29882,confirmed,1.0
565,9,circle,427,44,21907,confirmed,1.0
565,10,pentagon,1239,615,37027,confirmed,1.0
565,12,rectangle,170,222,29954,confirmed,1.0
566,9,circle,381,49,23696,confirmed,1.0
566,10,pentagon,1214,588,36604,confirmed,1.0
566,12,rectangle,195,204,29981,confirmed,1.0
567,9,circle,339,59,26829,confirmed,1.0
567,10,pentagon,1192,560,36607,confirmed,1.0
567,12,rectangle,222,194,27598,confirmed,0.978
568,9,circle,302,71,29811,confirmed,1.0
568,10,pentagon,1173,531,36532,confirmed,1.0
568,12,rectangle,247,190,21819,confirmed,0.978
569,9,circle,272,85,32140,confirmed,1.0
569,10,pentagon,1156,499,39385,confirmed,1.0
569,12,rectangle,275,204,18044,confirmed,0.978
570,9,circle,261,112,32663,confirmed,1.0
570,10,pentagon,1140,471,36660,confirmed,1.0
570,12,rectangle,306,224,19378,confirmed,0.978
570,13,trapezoid,1863,895,19298,confirmed,0.0
571,9,circle,247,138,32689,confirmed,1.0
571,10,pentagon,1125,442,36646,confirmed,1.0
571,12,rectangle,338,244,23332,confirmed,0.978
571,13,triangle,1845,915,20841,confirmed,0.0
572,9,circle,234,162,32669,confirmed,1.0
572,10,pentagon,1110,412,36649,confirmed,1.0
572,12,rectangle,365,265,26571,confirmed,0.978
572,13,triangle,1803,950,20681,confirmed,1.0
573,9,circle,223,186,32653,confirmed,1.0
573,10,pentagon,1097,381,36459,confirmed,1.0
573,12,rectangle,380,291,28686,confirmed,0.956
573,13,triangle,1767,972,20713,confirmed,1.0
574,9,circle,214,211,32656,confirmed,1.0
574,10,pentagon,1083,351,36564,confirmed,1.0
574,12,rectangle,388,312,29778,confirmed,0.956
574,13,triangle,1731,990,20822,confirmed,1.0
575,9,circle,207,235,32660,confirmed,1.0
575,10,pentagon,1069,321,36689,confirmed,1.0
575,12,rectangle,397,333,29773,confirmed,0.956
575,13,triangle,1694,1004,21024,confirmed,1.0
576,9,circle,200,260,32660,confirmed,1.0
576,10,pentagon,1055,290,36672,confirmed,1.0
576,12,rectangle,400,356,29934,confirmed,0.956
576,13,triangle,1657,1018,21460,confirmed,1.0
577,9,circle,194,284,32677,confirmed,1.0
577,10,pentagon,1039,260,36621,confirmed,1.0
577,12,rectangle,399,380,29807,confirmed,0.956
577,13,triangle,1616,1007,20985,confirmed,1.0
578,9,circle,188,309,32658,confirmed,1.0
578,10,pentagon,1020,230,36574,confirmed,1.0
578,12,rectangle,396,403,29902,confirmed,0.956
578,13,triangle,1584,986,20745,confirmed,1.0
579,9,circle,181,333,32651,confirmed,1.0
579,10,pentagon,998,201,36486,confirmed,1.0
579,12,rectangle,395,427,29920,confirmed,0.956
579,13,triangle,1560,962,20673,confirmed,1.0
580,9,circle,180,358,32675,confirmed,1.0
580,10,pentagon,971,173,36447,confirmed,1.0
580,12,rectangle,393,449,29918,confirmed,0.956
580,13,triangle,1544,938,20985,confirmed,1.0
581,9,circle,185,383,32646,confirmed,1.0
581,10,pentagon,934,150,36617,confirmed,1.0
581,12,rectangle,391,473,29736,confirmed,0.956
581,13,triangle,1535,911,20716,confirmed,1.0
582,9,circle,191,407,32668,confirmed,1.0
582,10,pentagon,881,141,36439,confirmed,1.0
582,12,rectangle,389,496,29922,confirmed,0.956
582,13,triangle,1529,886,20909,confirmed,1.0
583,9,circle,198,432,32670,confirmed,1.0
583,10,pentagon,823,145,36502,confirmed,1.0
583,12,rectangle,387,520,29939,confirmed,0.956
583,13,triangle,1523,860,20749,confirmed,1.0
584,9,circle,205,457,32658,confirmed,1.0
584,10,pentagon,766,154,36745,confirmed,1.0
584,12,rectangle,384,544,29962,confirmed,0.956
584,13,triangle,1526,836,20901,confirmed,1.0
585,9,circle,211,481,32670,confirmed,1.0
585,10,pentagon,709,163,36564,confirmed,1.0
585,12,rectangle,382,568,29624,confirmed,0.956
585,13,triangle,1535,810,20708,confirmed,1.0
586,9,circle,217,506,32656,confirmed,1.0
586,10,pentagon,652,172,36543,confirmed,1.0
586,12,rectangle,381,590,29400,confirmed,0.956
586,13,triangle,1548,786,20790,confirmed,1.0
587,9,circle,224,530,32650,confirmed,1.0
587,10,pentagon,598,184,36561,confirmed,1.0
587,12,rectangle,380,614,28559,confirmed,0.933
587,13,triangle,1568,763,20916,confirmed,1.0
588,9,circle,232,555,32695,confirmed,1.0
588,10,pentagon,549,199,36490,confirmed,1.0
588,12,rectangle,381,639,27775,confirmed,0.911
588,13,triangle,1593,742,20822,confirmed,1.0
589,9,circle,242,579,32660,confirmed,1.0
589,10,pentagon,502,218,36584,confirmed,1.0
589,12,rectangle,382,664,26789,confirmed,0.911
589,13,triangle,1623,721,20879,confirmed,1.0
590,9,circle,254,603,32695,confirmed,1.0
590,10,pentagon,458,240,36474,confirmed,1.0
590,12,rectangle,383,690,25592,confirmed,0.911
590,13,triangle,1653,702,20715,confirmed,1.0
591,9,circle,268,626,32677,confirmed,1.0
591,10,pentagon,413,261,36897,confirmed,1.0
591,12,rectangle,386,715,24307,confirmed,0.911
591,13,triangle,1685,683,20835,confirmed,1.0
592,9,circle,285,649,32667,confirmed,1.0
592,10,pentagon,378,288,36727,confirmed,1.0
592,12,rectangle,391,741,23154,confirmed,0.911
592,13,triangle,1717,666,21000,confirmed,1.0
593,9,circle,306,671,32672,confirmed,1.0
593,10,pentagon,342,314,36662,confirmed,1.0
593,12,rectangle,401,766,22230,confirmed,0.911
593,13,triangle,1749,646,20833,confirmed,1.0
594,9,circle,334,691,32668,confirmed,1.0
594,10,pentagon,304,338,36516,confirmed,1.0
594,12,rectangle,415,792,20870,confirmed,0.911
594,13,triangle,1778,626,20813,confirmed,1.0
595,9,circle,369,706,32655,confirmed,1.0
595,10,pentagon,272,365,36684,confirmed,1.0
595,12,rectangle,431,818,19276,confirmed,0.911
595,13,triangle,1807,606,20859,confirmed,1.0
596,9,circle,411,714,32665,confirmed,1.0
596,10,pentagon,247,395,36782,confirmed,1.0
596,12,rectangle,449,847,18174,confirmed,0.911
596,13,triangle,1836,586,20537,confirmed,1.0
597,9,circle,455,719,32670,confirmed,1.0
597,10,pentagon,225,425,36605,confirmed,1.0
597,12,rectangle,472,872,18823,confirmed,0.911
597,13,triangle,1861,564,18666,confirmed,1.0
598,9,circle,497,723,32668,confirmed,1.0
598,10,pentagon,204,456,36600,confirmed,1.0
598,12,rectangle,503,891,19563,confirmed,0.911
598,13,triangle,1881,540,15934,confirmed,1.0
599,9,circle,536,713,32678,confirmed,1.0
599,10,pentagon,186,488,36610,confirmed,1.0
599,12,rectangle,543,898,21916,confirmed,0.911
599,13,triangle,1895,516,12317,confirmed,1.0
600,9,circle,575,699,32669,confirmed,1.0
600,10,pentagon,172,520,36583,confirmed,1.0
600,12,rectangle,587,894,23506,confirmed,0.911
600,13,triangle,1905,496,8554,confirmed,1.0
601,9,circle,605,680,32662,confirmed,1.0
601,10,pentagon,164,553,36490,confirmed,1.0
601,12,rectangle,633,879,24506,confirmed,0.911
601,13,triangle,1919,474,8554,coasting,1.0
602,9,circle,625,656,32658,confirmed,1.0
602,10,pentagon,161,586,36565,confirmed,1.0
602,12,rectangle,675,856,25605,confirmed,0.911
602,13,triangle,1931,455,8554,coasting,1.0
603,9,circle,635,632,32649,confirmed,1.0
603,10,pentagon,165,619,36428,confirmed,1.0
603,12,rectangle,710,828,26227,confirmed,0.911
603,13,triangle,1943,437,8554,coasting,1.0
604,9,circle,639,607,32689,confirmed,1.0
604,10,pentagon,177,652,36616,confirmed,1.0
604,12,rectangle,719,784,27125,confirmed,0.889
604,13,triangle,1953,421,8554,coasting,1.0
605,9,circle,637,582,32675,confirmed,1.0
605,10,pentagon,188,683,38492,confirmed,1.0
605,12,rectangle,737,751,27891,confirmed,0.889
605,13,triangle,1962,407,8554,coasting,1.0
606,9,circle,632,556,32665,confirmed,1.0
606,10,pentagon,215,715,36482,confirmed,1.0
606,12,rectangle,740,724,28574,confirmed,0.867
606,13,triangle,1940,377,11209,confirmed,1.0
607,9,circle,623,532,32692,confirmed,1.0
607,10,pentagon,247,745,36626,confirmed,1.0
607,12,rectangle,745,698,29240,confirmed,0.844
607,13,triangle,1910,342,15592,confirmed,1.0
608,9,circle,612,508,32653,confirmed,1.0
608,10,pentagon,291,767,36523,confirmed,1.0
608,12,rectangle,751,672,29771,confirmed,0.844
608,13,triangle,1878,308,18683,confirmed,1.0
609,9,circle,595,485,32661,confirmed,1.0
609,10,pentagon,335,787,36978,confirmed,1.0
609,12,rectangle,756,648,30009,confirmed,0.844
609,13,triangle,1844,278,20607,confirmed,1.0
610,9,circle,573,463,32662,confirmed,1.0
610,10,pentagon,403,792,36519,confirmed,1.0
610,12,rectangle,760,623,29811,confirmed,0.844
610,13,triangle,1801,259,20717,confirmed,1.0
611,9,circle,544,444,32663,confirmed,1.0
611,10,pentagon,466,789,36491,confirmed,1.0
611,12,rectangle,765,599,29954,confirmed,0.844
611,13,triangle,1761,244,20847,confirmed,1.0
612,9,circle,510,428,32664,confirmed,1.0
612,10,pentagon,525,790,36845,confirmed,1.0
612,12,rectangle,769,574,29847,confirmed,0.844
612,13,triangle,1721,229,20804,confirmed,1.0
613,9,circle,473,414,32659,confirmed,1.0
613,10,pentagon,586,776,36698,confirmed,1.0
613,12,rectangle,772,548,30004,confirmed,0.844
613,13,triangle,1681,213,20666,confirmed,1.0
614,9,circle,437,400,32668,confirmed,1.0
614,10,pentagon,645,761,39741,confirmed,1.0
614,12,rectangle,773,524,29907,confirmed,0.844
614,13,triangle,1641,203,20679,confirmed,1.0
615,9,circle,394,396,32667,confirmed,1.0
615,10,pentagon,690,736,36553,confirmed,1.0
615,12,rectangle,775,499,29982,confirmed,0.844
615,13,triangle,1596,209,20831,confirmed,1.0
616,9,circle,350,397,32657,confirmed,1.0
616,10,pentagon,735,713,36496,confirmed,1.0
616,12,rectangle,777,473,29897,confirmed,0.844
616,13,triangle,1551,220,20980,confirmed,1.0
617,9,circle,306,403,32671,confirmed,1.0
617,10,pentagon,784,689,37861,confirmed,1.0
617,12,rectangle,780,448,29935,confirmed,0.844
617,13,triangle,1505,230,20720,confirmed,1.0
618,9,circle,270,418,32673,confirmed,1.0
618,10,pentagon,824,664,36585,confirmed,1.0
618,12,rectangle,782,424,29749,confirmed,0.844
618,13,triangle,1464,246,20848,confirmed,1.0
619,9,circle,238,436,32663,confirmed,1.0
619,10,pentagon,865,639,36513,confirmed,1.0
619,12,rectangle,785,398,29921,confirmed,0.844
619,13,triangle,1431,266,20814,confirmed,1.0
620,9,circle,211,457,32646,confirmed,1.0
620,10,pentagon,905,613,36587,confirmed,1.0
620,12,rectangle,788,372,29951,confirmed,0.844
620,13,triangle,1401,288,20907,confirmed,1.0
621,9,circle,189,479,32647,confirmed,1.0
621,10,pentagon,944,587,36531,confirmed,1.0
621,12,rectangle,791,348,29782,confirmed,0.844
621,13,triangle,1374,311,20790,confirmed,1.0
622,9,circle,170,501,32632,confirmed,1.0
622,10,pentagon,984,561,36553,confirmed,1.0
622,12,rectangle,794,321,29818,confirmed,0.844
622,13,triangle,1358,337,20798,confirmed,1.0
623,9,circle,153,524,32667,confirmed,1.0
623,10,pentagon,1024,535,36565,confirmed,1.0
623,12,rectangle,798,296,29920,confirmed,0.844
623,13,triangle,1352,365,20978,confirmed,1.0
624,9,circle,139,548,32642,confirmed,1.0
624,10,pentagon,1065,508,36873,confirmed,1.0
624,12,rectangle,802,270,29959,confirmed,0.844
624,13,triangle,1351,392,20720,confirmed,1.0
625,9,circle,124,572,32688,confirmed,1.0
625,10,pentagon,1103,481,36555,confirmed,1.0
625,12,rectangle,806,245,29856,confirmed,0.844
625,13,triangle,1351,420,20811,confirmed,1.0
626,9,circle,111,596,32657,confirmed,1.0
626,10,pentagon,1140,453,36517,confirmed,1.0
626,12,rectangle,813,220,29988,confirmed,0.844
626,13,triangle,1351,448,20866,confirmed,1.0
627,9,circle,96,619,32607,confirmed,1.0
627,10,pentagon,1176,425,36586,confirmed,1.0
627,12,rectangle,825,195,29753,confirmed,0.844
627,13,triangle,1350,476,20949,confirmed,1.0
628,9,circle,83,643,31368,confirmed,1.0
628,10,pentagon,1214,397,36502,confirmed,1.0
628,12,rectangle,844,172,29981,confirmed,0.844
628,13,triangle,1348,504,20818,confirmed,1.0
629,9,circle,73,667,29970,confirmed,1.0
629,10,pentagon,1252,369,36497,confirmed,1.0
629,12,rectangle,882,159,29862,confirmed,0.844
629,13,triangle,1345,532,19824,confirmed,1.0
630,9,circle,68,691,29868,confirmed,1.0
630,10,pentagon,1289,342,36632,confirmed,1.0
630,12,rectangle,927,161,29954,confirmed,0.844
630,13,triangle,1338,559,20661,confirmed,1.0
631,9,circle,66,715,29785,confirmed,1.0
631,10,pentagon,1329,315,36528,confirmed,1.0
631,12,rectangle,973,171,29925,confirmed,0.844
631,13,triangle,1332,586,20871,confirmed,1.0
632,9,circle,67,740,29692,confirmed,1.0
632,10,pentagon,1370,288,36614,confirmed,1.0
632,12,rectangle,1016,183,29948,confirmed,0.844
632,13,triangle,1324,614,20956,confirmed,1.0
632,14,triangle,1888,245,7361,confirmed,0.0
633,9,circle,70,765,29817,confirmed,1.0
633,10,pentagon,1411,261,36515,confirmed,1.0
633,12,rectangle,1056,198,30020,confirmed,0.867
633,13,triangle,1315,640,20693,confirmed,1.0
633,14,hexagon,1880,232,14083,confirmed,0.0
634,9,circle,74,790,30120,confirmed,1.0
634,10,pentagon,1453,235,36600,confirmed,1.0
634,12,rectangle,1090,216,29979,confirmed,0.889
634,13,triangle,1305,668,20857,confirmed,1.0
634,14,trapezoid,1874,236,11174,confirmed,0.0
635,9,circle,79,815,31010,confirmed,1.0
635,10,pentagon,1497,210,36534,confirmed,1.0
635,12,rectangle,1119,237,29883,confirmed,0.889
635,13,triangle,1295,696,20915,confirmed,1.0
635,14,trapezoid,1870,257,12015,confirmed,0.0
636,9,circle,87,840,32223,confirmed,1.0
636,10,pentagon,1543,186,36588,confirmed,1.0
636,12,rectangle,1141,261,29972,confirmed,0.889
636,13,triangle,1279,722,20861,confirmed,1.0
636,14,trapezoid,1862,291,17102,confirmed,0.0
637,9,circle,103,863,32672,confirmed,1.0
637,10,pentagon,1590,165,36661,confirmed,1.0
637,12,rectangle,1157,286,29843,confirmed,0.889
637,13,triangle,1258,748,20999,confirmed,1.0
637,14,trapezoid,1855,335,17472,confirmed,0.0
638,9,circle,124,885,32653,confirmed,1.0
638,10,pentagon,1644,173,36572,confirmed,1.0
638,12,rectangle,1171,311,29856,confirmed,0.889
638,13,triangle,1230,771,20863,confirmed,1.0
638,14,trapezoid,1848,385,19240,confirmed,0.0
639,9,circle,150,906,32669,confirmed,1.0
639,10,pentagon,1684,201,36582,confirmed,1.0
639,12,rectangle,1179,336,29866,confirmed,0.889
639,13,triangle,1193,790,20665,confirmed,1.0
639,14,trapezoid,1842,436,20521,confirmed,0.0
640,9,circle,185,921,32643,confirmed,1.0
640,10,pentagon,1716,235,36498,confirmed,1.0
640,12,rectangle,1179,363,29777,confirmed,0.889
640,13,triangle,1149,804,20705,confirmed,1.0
640,14,trapezoid,1836,485,21887,confirmed,0.0
641,9,circle,226,929,32650,confirmed,1.0
641,10,pentagon,1744,270,36503,confirmed,1.0
641,12,rectangle,1176,389,29887,confirmed,0.889
641,13,triangle,1103,816,20711,confirmed,1.0
641,14,hexagon,1834,532,20721,confirmed,0.0
642,9,circle,271,933,32669,confirmed,1.0
642,10,pentagon,1770,304,36452,confirmed,1.0
642,12,rectangle,1174,417,29975,confirmed,0.889
642,13,triangle,1052,817,20981,confirmed,1.0
642,14,trapezoid,1830,575,24223,confirmed,0.0
643,9,circle,316,936,32670,confirmed,1.0
643,10,pentagon,1795,337,36579,confirmed,1.0
643,12,rectangle,1172,442,30014,confirmed,0.889
643,13,triangle,1001,815,20918,confirmed,1.0
643,14,trapezoid,1826,614,25239,confirmed,0.0
644,9,circle,357,930,32660,confirmed,1.0
644,10,pentagon,1821,371,36096,confirmed,1.0
644,12,rectangle,1168,470,29867,confirmed,0.889
644,13,triangle,950,810,20791,confirmed,1.0
644,14,pentagon,1817,652,28085,confirmed,0.0
645,9,circle,397,918,32644,confirmed,1.0
645,10,pentagon,1843,404,33394,confirmed,1.0
645,12,rectangle,1165,496,29906,confirmed,0.889
645,13,triangle,902,800,20749,confirmed,1.0
645,14,trapezoid,1811,688,27393,confirmed,0.0
646,9,circle,436,905,32669,confirmed,1.0
646,10,pentagon,1861,437,28974,confirmed,1.0
646,12,rectangle,1162,522,29915,confirmed,0.889
646,13,triangle,868,780,20823,confirmed,1.0
646,14,hexagon,1799,722,26759,confirmed,0.0
647,9,circle,473,890,32656,confirmed,1.0
647,10,pentagon,1874,470,24837,confirmed,1.0
647,12,rectangle,1158,548,29923,confirmed,0.889
647,13,triangle,845,753,20732,confirmed,1.0
647,14,pentagon,1788,755,26348,confirmed,1.0
648,9,circle,505,873,32688,confirmed,1.0
648,10,pentagon,1883,504,22114,confirmed,1.0
648,12,rectangle,1155,575,29774,confirmed,0.911
648,13,triangle,826,726,20827,confirmed,1.0
648,14,pentagon,1775,792,26976,confirmed,0.5
649,9,circle,534,854,32664,confirmed,1.0
649,10,pentagon,1887,539,20169,confirmed,1.0
649,12,rectangle,1152,601,29810,confirmed,0.933
649,13,triangle,811,697,20697,confirmed,1.0
649,14,pentagon,1765,829,27195,confirmed,0.5
650,9,circle,558,833,32676,confirmed,1.0
650,10,pentagon,1886,575,20047,confirmed,1.0
650,12,rectangle,1149,628,29927,confirmed,0.956
650,13,triangle,797,670,20964,confirmed,1.0
650,14,pentagon,1753,870,20943,confirmed,0.667
651,9,circle,576,810,32674,confirmed,1.0
651,10,pentagon,1882,612,21890,confirmed,1.0
651,12,rectangle,1148,655,29851,confirmed,0.978
651,13,triangle,782,642,20836,confirmed,1.0
651,14,pentagon,1740,908,28486,confirmed,0.667
652,9,circle,587,786,32675,confirmed,1.0
652,10,pentagon,1874,648,24376,confirmed,1.0
652,12,rectangle,1147,682,29987,confirmed,1.0
652,13,triangle,768,614,20751,confirmed,1.0
652,14,pentagon,1729,945,26358,confirmed,0.667
653,9,circle,588,761,32661,confirmed,1.0
653,10,pentagon,1865,684,27196,confirmed,1.0
653,12,rectangle,1148,709,29965,confirmed,1.0
653,13,triangle,752,588,21028,confirmed,1.0
653,14,pentagon,1723,984,21014,confirmed,0.75
654,9,circle,584,736,32666,confirmed,1.0
654,10,pentagon,1853,721,30240,confirmed,1.0
654,12,rectangle,1150,735,29878,confirmed,1.0
654,13,triangle,736,560,20930,confirmed,1.0
654,14,pentagon,1713,964,26929,confirmed,0.6
655,9,circle,580,711,32663,confirmed,1.0
655,10,pentagon,1841,757,33689,confirmed,1.0
655,12,rectangle,1154,762,29946,confirmed,1.0
655,13,triangle,716,534,20977,confirmed,1.0
655,14,pentagon,1704,953,20094,confirmed,0.6
656,9,circle,553,693,32658,confirmed,1.0
656,10,pentagon,1826,792,37378,confirmed,1.0
656,12,rectangle,1161,789,29809,confirmed,1.0
656,13,triangle,691,508,20786,confirmed,1.0
656,14,pentagon,1675,885,15917,confirmed,0.667
657,9,circle,518,676,32665,confirmed,1.0
657,10,pentagon,1793,824,36547,confirmed,1.0
657,12,rectangle,1169,815,29830,confirmed,1.0
657,13,triangle,653,490,20760,confirmed,1.0
657,14,pentagon,1656,850,15917,coasting,0.667
658,9,circle,475,673,32654,confirmed,1.0
658,10,pentagon,1758,851,36667,confirmed,1.0
658,12,rectangle,1180,843,29960,confirmed,1.0
658,13,triangle,607,495,20729,confirmed,1.0
658,14,pentagon,1639,819,15917,coasting,0.667
659,9,circle,433,683,32663,confirmed,1.0
659,10,pentagon,1681,854,36443,confirmed,1.0
659,12,rectangle,1193,868,29904,confirmed,1.0
659,13,triangle,563,513,20730,confirmed,1.0
659,14,pentagon,1623,791,15917,coasting,0.667
660,9,circle,400,701,32680,confirmed,1.0
660,10,pentagon,1608,853,36573,confirmed,1.0
660,12,rectangle,1210,894,29868,confirmed,1.0
660,13,triangle,521,534,20739,confirmed,1.0
660,14,pentagon,1644,751,18911,confirmed,0.667
661,9,circle,375,724,32664,confirmed,1.0
661,10,pentagon,1539,850,36494,confirmed,1.0
661,12,rectangle,1232,918,29858,confirmed,1.0
661,13,triangle,482,556,20760,confirmed,1.0
661,14,pentagon,1658,707,20408,confirmed,0.667
662,9,circle,358,748,32659,confirmed,1.0
662,10,pentagon,1474,842,36638,confirmed,1.0
662,12,rectangle,1263,938,29840,confirmed,1.0
662,13,triangle,446,579,20933,confirmed,1.0
662,14,pentagon,1668,661,26352,confirmed,0.667
663,9,circle,344,773,32671,confirmed,1.0
663,10,pentagon,1414,826,36520,confirmed,1.0
663,12,rectangle,1293,960,25978,confirmed,1.0
663,13,triangle,412,601,20945,confirmed,1.0
663,14,pentagon,1676,617,20787,confirmed,0.667
664,9,circle,331,797,32658,confirmed,1.0
664,10,pentagon,1355,837,61043,confirmed,1.0
664,12,rectangle,1320,982,25978,coasting,1.0
664,13,triangle,380,624,20728,confirmed,1.0
664,14,pentagon,1681,574,22405,confirmed,0.667
665,9,circle,317,821,32683,confirmed,1.0
665,10,pentagon,1316,784,36624,confirmed,1.0
665,12,rectangle,1390,972,28572,confirmed,1.0
665,13,triangle,349,648,20802,confirmed,1.0
665,14,pentagon,1683,533,20057,confirmed,0.667
666,9,circle,303,844,32643,confirmed,1.0
666,10,pentagon,1281,744,36749,confirmed,1.0
666,12,rectangle,1445,960,29864,confirmed,1.0
666,13,triangle,331,675,20689,confirmed,1.0
666,14,pentagon,1683,493,27153,confirmed,0.667
667,9,circle,302,869,32656,confirmed,1.0
667,10,pentagon,1248,708,36630,confirmed,1.0
667,12,rectangle,1490,944,29795,confirmed,1.0
667,13,triangle,311,701,20464,confirmed,1.0
667,14,pentagon,1681,453,26199,confirmed,0.667
668,9,circle,305,894,32654,confirmed,1.0
668,10,pentagon,1220,674,36661,confirmed,1.0
668,12,rectangle,1528,925,29824,confirmed,1.0
668,13,triangle,295,729,20287,confirmed,1.0
668,14,pentagon,1679,418,18860,confirmed,0.667
669,9,circle,303,897,52795,confirmed,1.0
669,10,pentagon,1193,641,36596,confirmed,1.0
669,12,rectangle,1559,904,29922,confirmed,1.0
669,13,triangle,275,756,20287,coasting,1.0
669,14,pentagon,1677,382,21400,confirmed,0.667
670,9,circle,313,937,32662,confirmed,1.0
670,10,pentagon,1166,607,36608,confirmed,1.0
670,12,rectangle,1585,880,29939,confirmed,1.0
670,13,triangle,266,784,19365,confirmed,1.0
670,14,pentagon,1677,350,20056,confirmed,0.571
671,9,circle,323,967,32661,confirmed,1.0
671,10,pentagon,1142,572,36681,confirmed,1.0
671,12,rectangle,1608,855,29972,confirmed,1.0
671,13,triangle,256,812,19043,confirmed,1.0
671,14,pentagon,1675,313,26953,confirmed,0.571
672,9,circle,334,993,31556,confirmed,1.0
672,10,pentagon,1118,537,36552,confirmed,1.0
672,12,rectangle,1628,830,29791,confirmed,1.0
672,13,triangle,242,842,19366,confirmed,1.0
672,14,pentagon,1672,269,26905,confirmed,0.5
673,9,circle,350,1013,28666,confirmed,1.0
673,10,pentagon,1097,498,40085,confirmed,1.0
673,12,rectangle,1647,805,29929,confirmed,1.0
673,13,triangle,216,869,20784,confirmed,1.0
673,14,pentagon,1667,235,19044,confirmed,0.444
674,9,circle,372,1028,25363,confirmed,1.0
674,10,pentagon,1073,465,36605,confirmed,1.0
674,12,rectangle,1666,778,29990,confirmed,1.0
674,13,triangle,171,875,20971,confirmed,1.0
674,14,pentagon,1662,201,26897,confirmed,0.444
675,9,circle,401,1038,22523,confirmed,1.0
675,10,pentagon,1051,431,36564,confirmed,1.0
675,12,rectangle,1684,753,30044,confirmed,1.0
675,13,triangle,125,860,20900,confirmed,1.0
675,14,pentagon,1654,229,20787,confirmed,0.4
676,9,circle,438,1043,20576,confirmed,1.0
676,10,pentagon,1025,396,36586,confirmed,1.0
676,12,rectangle,1700,726,30032,confirmed,1.0
676,13,triangle,90,849,20846,confirmed,1.0
676,14,pentagon,1647,244,27142,confirmed,0.4
677,9,circle,482,1044,19631,confirmed,1.0
677,10,pentagon,996,362,36609,confirmed,1.0
677,12,rectangle,1711,699,29799,confirmed,1.0
677,13,triangle,67,826,20619,confirmed,1.0
677,14,pentagon,1638,275,20784,confirmed,0.4
678,9,circle,531,1042,19378,confirmed,1.0
678,10,pentagon,960,329,36550,confirmed,1.0
678,12,rectangle,1720,673,29895,confirmed,1.0
678,13,triangle,55,796,20500,confirmed,1.0
678,14,pentagon,1628,316,20050,confirmed,0.4
679,9,circle,581,1038,19272,confirmed,1.0
679,10,pentagon,916,302,36669,confirmed,1.0
679,12,rectangle,1729,645,29900,confirmed,1.0
679,13,triangle,52,760,20368,confirmed,1.0
679,14,pentagon,1617,363,20963,confirmed,0.4
680,9,circle,632,1034,19401,confirmed,1.0
680,10,pentagon,860,281,36457,confirmed,1.0
680,12,rectangle,1738,617,29798,confirmed,1.0
680,13,triangle,55,722,20281,confirmed,1.0
680,14,pentagon,1606,414,21553,confirmed,0.4
681,9,circle,680,1028,21319,confirmed,1.0
681,10,pentagon,793,277,36784,confirmed,1.0
681,12,rectangle,1749,590,28323,confirmed,1.0
681,13,triangle,62,684,20167,confirmed,1.0
681,14,pentagon,1591,461,29434,confirmed,0.4
682,9,circle,726,1022,23137,confirmed,1.0
682,10,pentagon,725,281,36539,confirmed,1.0
682,12,rectangle,1758,563,29140,confirmed,1.0
682,13,triangle,69,647,20103,confirmed,1.0
682,14,pentagon,1585,505,26902,confirmed,0.364
683,9,circle,769,1016,24943,confirmed,1.0
683,10,pentagon,659,284,36908,confirmed,1.0
683,12,rectangle,1763,534,29887,confirmed,1.0
683,13,triangle,76,611,20060,confirmed,1.0
683,14,pentagon,1577,548,27177,confirmed,0.364
684,9,circle,810,1009,26711,confirmed,1.0
684,10,pentagon,592,302,36780,confirmed,1.0
684,12,rectangle,1768,507,29819,confirmed,1.0
684,13,triangle,81,578,20136,confirmed,1.0
684,14,pentagon,1568,589,21318,confirmed,0.364
685,9,circle,849,1002,28686,confirmed,1.0
685,10,pentagon,529,314,37163,confirmed,1.0
685,12,rectangle,1772,478,29949,confirmed,1.0
685,13,triangle,86,548,20342,confirmed,1.0
685,14,trapezoid,1558,620,26776,confirmed,0.417
686,9,circle,885,994,30667,confirmed,1.0
686,10,pentagon,473,342,36598,confirmed,1.0
686,12,rectangle,1776,450,29969,confirmed,1.0
686,13,triangle,90,518,20587,confirmed,1.0
686,14,trapezoid,1547,657,20950,confirmed,0.417
687,9,circle,919,985,32402,confirmed,1.0
687,10,pentagon,421,369,36640,confirmed,1.0
687,12,rectangle,1781,423,30012,confirmed,1.0
687,13,triangle,95,490,20832,confirmed,1.0
687,14,trapezoid,1538,696,21451,confirmed,0.417
688,9,circle,941,965,32682,confirmed,1.0
688,10,pentagon,368,395,36690,confirmed,1.0
688,12,rectangle,1787,395,29928,confirmed,1.0
688,13,triangle,101,462,20941,confirmed,1.0
688,14,trapezoid,1528,734,22230,confirmed,0.417
689,9,circle,963,943,32669,confirmed,1.0
689,10,pentagon,330,427,36510,confirmed,1.0
689,12,rectangle,1792,365,29882,confirmed,1.0
689,13,triangle,115,436,20832,confirmed,1.0
689,14,trapezoid,1517,774,20751,confirmed,0.385
690,9,circle,984,921,32668,confirmed,1.0
690,10,pentagon,286,457,36915,confirmed,1.0
690,12,rectangle,1799,337,29977,confirmed,1.0
690,13,triangle,124,406,18202,confirmed,1.0
690,14,pentagon,1510,811,21899,confirmed,0.357
691,9,circle,1003,898,32669,confirmed,1.0
691,10,pentagon,266,493,36502,confirmed,1.0
691,12,rectangle,1808,310,29985,confirmed,1.0
691,13,triangle,142,374,18896,confirmed,0.978
691,14,pentagon,1500,848,21929,confirmed,0.357
692,9,circle,1020,874,32670,confirmed,1.0
692,10,pentagon,252,532,36587,confirmed,1.0
692,12,rectangle,1819,283,29941,confirmed,1.0
692,13,triangle,167,348,20692,confirmed,0.978
692,14,pentagon,1490,885,26590,confirmed,0.357
693,9,circle,1032,850,32678,confirmed,1.0
693,10,pentagon,240,570,36609,confirmed,1.0
693,12,rectangle,1834,256,30707,confirmed,1.0
693,13,triangle,189,322,20968,confirmed,0.978
693,14,pentagon,1483,902,20781,confirmed,0.357
694,9,circle,1034,826,32668,confirmed,1.0
694,10,pentagon,230,609,36615,confirmed,1.0
694,12,rectangle,1851,233,24089,confirmed,1.0
694,13,triangle,210,292,20689,confirmed,0.978
694,14,trapezoid,1484,846,27035,confirmed,0.4
695,9,circle,1031,801,32660,confirmed,1.0
695,10,pentagon,226,647,36482,confirmed,1.0
695,12,rectangle,1873,222,13967,confirmed,1.0
695,13,triangle,225,264,20997,confirmed,0.978
695,14,trapezoid,1485,816,27338,confirmed,0.4
696,9,circle,1028,776,32649,confirmed,1.0
696,10,pentagon,230,686,36632,confirmed,1.0
696,12,rectangle,1891,204,13967,coasting,1.0
696,13,triangle,235,233,20675,confirmed,0.978
696,14,pentagon,1488,757,26379,confirmed,0.375
697,9,circle,1005,756,32667,confirmed,1.0
697,10,pentagon,247,723,36472,confirmed,1.0
697,12,rectangle,1907,188,13967,coasting,1.0
697,13,triangle,240,202,20803,confirmed,0.978
697,14,pentagon,1486,715,20762,confirmed,0.375
698,9,circle,973,765,32657,confirmed,1.0
698,10,pentagon,289,753,36496,confirmed,1.0
698,12,rectangle,1921,173,13967,coasting,1.0
698,13,triangle,240,172,20889,confirmed,0.978
698,14,pentagon,1483,674,21023,confirmed,0.375
699,9,circle,950,788,32684,confirmed,1.0
699,10,pentagon,332,777,37598,confirmed,1.0
699,12,rectangle,1935,160,13967,coasting,1.0
699,13,triangle,232,142,20986,confirmed,0.978
699,14,pentagon,1481,635,21180,confirmed,0.375
700,9,circle,937,814,32651,confirmed,1.0
700,10,pentagon,419,774,36533,confirmed,1.0
700,12,rectangle,1946,148,13967,coasting,1.0
700,13,triangle,225,112,20742,confirmed,0.978
700,14,pentagon,1479,600,21661,confirmed,0.412
701,9,circle,931,842,32676,confirmed,1.0
701,10,pentagon,494,762,36572,confirmed,1.0
701,12,rectangle,1957,137,13967,coasting,1.0
701,13,triangle,208,85,19692,confirmed,0.978
701,14,pentagon,1477,560,20507,confirmed,0.444
702,9,circle,928,868,32662,confirmed,1.0
702,10,pentagon,563,747,36697,confirmed,1.0
702,12,rectangle,1967,128,13967,coasting,1.0
702,13,triangle,182,76,20491,confirmed,0.978
702,14,pentagon,1475,523,20077,confirmed,0.444
703,9,circle,925,893,32664,confirmed,1.0
703,10,pentagon,628,730,36582,confirmed,1.0
703,12,rectangle,1975,119,13967,coasting,1.0
703,13,triangle,131,120,20655,confirmed,0.978
703,14,pentagon,1475,487,20484,confirmed,0.444
704,9,circle,931,918,32675,confirmed,1.0
704,10,pentagon,691,712,36552,confirmed,1.0
704,13,triangle,99,144,20819,confirmed,0.978
704,14,pentagon,1474,449,20889,confirmed,0.444
705,9,circle,942,942,32676,confirmed,1.0
705,10,pentagon,750,692,36605,confirmed,1.0
705,13,triangle,75,174,20561,confirmed,0.978
705,14,pentagon,1475,410,20823,confirmed,0.474
706,9,circle,956,965,32665,confirmed,1.0
706,10,pentagon,805,668,36553,confirmed,1.0
706,13,triangle,59,208,20138,confirmed,0.978
706,14,pentagon,1477,370,26865,confirmed,0.474
707,9,circle,971,987,32002,confirmed,1.0
707,10,pentagon,855,640,36602,confirmed,1.0
707,13,triangle,52,243,20012,confirmed,0.978
707,14,pentagon,1480,331,27589,confirmed,0.474
708,9,circle,994,1005,30036,confirmed,1.0
708,10,pentagon,904,613,36689,confirmed,1.0
708,13,triangle,51,279,19697,confirmed,0.978
708,14,pentagon,1483,292,27589,confirmed,0.474
709,9,circle,1026,1017,28563,confirmed,1.0
709,10,pentagon,942,578,36673,confirmed,1.0
709,13,triangle,55,315,19901,confirmed,0.978
709,14,pentagon,1484,254,26981,confirmed,0.474
710,9,circle,1067,1022,28455,confirmed,1.0
710,10,pentagon,980,545,36584,confirmed,1.0
710,13,triangle,63,350,20140,confirmed,0.978
710,14,pentagon,1486,216,27760,confirmed,0.474
711,9,circle,1114,1021,29387,confirmed,1.0
711,10,pentagon,1023,513,36496,confirmed,1.0
711,13,triangle,71,383,20012,confirmed,0.978
711,14,pentagon,1479,177,26589,confirmed,0.45
711,15,rectangle,1889,636,16470,confirmed,0.0
712,9,circle,1163,1014,30745,confirmed,1.0
712,10,pentagon,1069,483,36629,confirmed,1.0
712,13,triangle,80,415,20437,confirmed,0.978
712,14,pentagon,1475,140,26855,confirmed,0.429
712,15,rectangle,1879,662,21057,confirmed,0.0
713,9,circle,1213,1003,31903,confirmed,1.0
713,10,pentagon,1118,455,36511,confirmed,1.0
713,13,triangle,88,447,20562,confirmed,0.978
713,14,pentagon,1470,117,26916,confirmed,0.429
713,15,rectangle,1867,692,25770,confirmed,0.0
714,9,circle,1260,990,32648,confirmed,1.0
714,10,pentagon,1166,426,36556,confirmed,1.0
714,13,triangle,97,478,20945,confirmed,0.978
714,14,pentagon,1462,120,26674,confirmed,0.429
714,15,rectangle,1842,735,30000,confirmed,1.0
715,9,circle,1288,962,32655,confirmed,1.0
715,10,pentagon,1216,398,36669,confirmed,1.0
715,13,triangle,111,507,20832,confirmed,0.978
715,14,pentagon,1449,144,26203,confirmed,0.429
715,15,rectangle,1811,764,29903,confirmed,1.0
716,9,circle,1308,937,32673,confirmed,1.0
716,10,pentagon,1263,369,36682,confirmed,1.0
716,13,triangle,125,536,20771,confirmed,0.978
716,14,pentagon,1437,189,21320,confirmed,0.429
716,15,rectangle,1779,789,29950,confirmed,1.0
717,9,circle,1326,913,32656,confirmed,1.0
717,10,pentagon,1313,341,36505,confirmed,1.0
717,13,triangle,140,566,20643,confirmed,0.978
717,14,pentagon,1445,253,7768,confirmed,0.429
717,15,rectangle,1737,792,29957,confirmed,1.0
718,9,circle,1338,888,32677,confirmed,1.0
718,10,pentagon,1366,314,36535,confirmed,1.0
718,13,triangle,155,598,21011,confirmed,0.978
718,14,pentagon,1444,297,7768,coasting,0.429
718,15,rectangle,1695,777,29924,confirmed,1.0
719,9,circle,1343,864,32687,confirmed,1.0
719,10,pentagon,1419,288,36522,confirmed,1.0
719,13,triangle,173,626,20677,confirmed,0.978
719,14,pentagon,1443,337,7768,coasting,0.429
719,15,rectangle,1670,750,29865,confirmed,1.0
720,9,circle,1340,839,32674,confirmed,1.0
720,10,pentagon,1473,262,36579,confirmed,1.0
720,13,triangle,194,656,20814,confirmed,0.978
720,14,pentagon,1422,388,17744,confirmed,0.429
720,15,rectangle,1656,718,29916,confirmed,1.0
721,9,circle,1326,815,32654,confirmed,1.0
721,10,pentagon,1525,237,37373,confirmed,1.0
721,13,triangle,218,684,20769,confirmed,0.978
721,14,pentagon,1402,436,26988,confirmed,0.429
721,15,rectangle,1643,688,29819,confirmed,1.0
722,9,circle,1303,794,32660,confirmed,1.0
722,10,pentagon,1588,216,36454,confirmed,1.0
722,13,triangle,246,712,20854,confirmed,0.978
722,14,pentagon,1374,483,21587,confirmed,0.455
722,15,rectangle,1632,657,29922,confirmed,1.0
723,9,circle,1271,776,32650,confirmed,1.0
723,10,pentagon,1656,203,36622,confirmed,1.0
723,13,triangle,270,740,20665,confirmed,0.978
723,14,pentagon,1356,527,21780,confirmed,0.455
723,15,rectangle,1622,628,29900,confirmed,1.0
724,9,circle,1238,759,32673,confirmed,1.0
724,10,pentagon,1728,202,36640,confirmed,1.0
724,13,triangle,285,771,20897,confirmed,0.978
724,14,pentagon,1341,567,27103,confirmed,0.455
724,15,rectangle,1611,599,29756,confirmed,1.0
725,9,circle,1196,754,32693,confirmed,1.0
725,10,pentagon,1797,212,36635,confirmed,1.0
725,13,triangle,290,803,20967,confirmed,0.978
725,14,pentagon,1338,600,21568,confirmed,0.478
725,15,rectangle,1599,571,29943,confirmed,1.0
726,9,circle,1152,758,32563,confirmed,1.0
726,10,pentagon,1857,221,31273,confirmed,1.0
726,13,triangle,283,834,20687,confirmed,0.978
726,14,pentagon,1328,636,20670,confirmed,0.478
726,15,rectangle,1588,542,29813,confirmed,1.0
727,9,circle,1120,776,32575,confirmed,1.0
727,10,pentagon,1899,242,25672,confirmed,1.0
727,13,triangle,266,864,20644,confirmed,0.978
727,14,pentagon,1317,675,20977,confirmed,0.5
727,15,rectangle,1577,513,29976,confirmed,1.0
728,9,circle,1104,800,32498,confirmed,1.0
728,10,pentagon,1922,275,22219,confirmed,1.0
728,13,triangle,242,894,20824,confirmed,0.978
728,14,pentagon,1307,712,21964,confirmed,0.5
728,15,rectangle,1566,483,29852,confirmed,1.0
729,9,circle,1101,827,31970,confirmed,1.0
729,10,pentagon,1929,317,19684,confirmed,1.0
729,13,triangle,214,922,20822,confirmed,0.978
729,14,pentagon,1297,745,26889,confirmed,0.48
729,15,rectangle,1555,455,29965,confirmed,1.0
730,9,circle,1097,851,30466,confirmed,1.0
730,10,pentagon,1925,365,17212,confirmed,1.0
730,13,triangle,183,950,21014,confirmed,0.978
730,14,pentagon,1290,781,29102,confirmed,0.48
730,15,rectangle,1545,425,29867,confirmed,1.0
731,9,circle,1102,875,27718,confirmed,1.0
731,10,pentagon,1915,416,15279,confirmed,1.0
731,13,triangle,147,975,20899,confirmed,0.978
731,14,pentagon,1280,818,26956,confirmed,0.48
731,15,rectangle,1534,396,29939,confirmed,1.0
732,9,circle,1116,901,23256,confirmed,1.0
732,10,pentagon,1904,466,13803,confirmed,1.0
732,13,triangle,113,998,20840,confirmed,0.978
732,14,pentagon,1269,857,27123,confirmed,0.48
732,15,rectangle,1523,367,29850,confirmed,1.0
733,9,circle,1122,925,23256,coasting,1.0
733,10,pentagon,1894,515,12352,confirmed,1.0
733,13,triangle,147,1005,20975,confirmed,0.978
733,14,pentagon,1257,894,21277,confirmed,0.48
733,15,rectangle,1511,339,29948,confirmed,1.0
734,9,circle,1127,947,23256,coasting,1.0
734,10,pentagon,1887,562,11033,confirmed,1.0
734,13,triangle,205,1009,20896,confirmed,0.978
734,14,pentagon,1240,908,26977,confirmed,0.462
734,15,rectangle,1500,310,29875,confirmed,1.0
735,9,circle,1132,967,23256,coasting,1.0
735,10,pentagon,1883,605,11286,confirmed,1.0
735,13,triangle,248,1016,21575,confirmed,0.978
735,14,pentagon,1234,920,48121,confirmed,0.444
735,15,rectangle,1487,280,29898,confirmed,1.0
736,9,circle,1254,974,29324,confirmed,1.0
736,10,pentagon,1880,646,12349,confirmed,1.0
736,13,triangle,301,1021,21089,confirmed,0.978
736,14,pentagon,1226,848,26373,confirmed,0.429
736,15,rectangle,1471,251,29898,confirmed,1.0
737,9,circle,1324,973,32667,confirmed,1.0
737,10,pentagon,1878,686,13454,confirmed,1.0
737,13,triangle,361,1023,20790,confirmed,0.978
737,14,pentagon,1217,811,21951,confirmed,0.429
737,15,rectangle,1448,224,29847,confirmed,1.0
738,9,circle,1383,977,32693,confirmed,1.0
738,10,pentagon,1877,723,14783,confirmed,1.0
738,13,triangle,425,1022,20605,confirmed,0.978
738,14,pentagon,1210,770,27020,confirmed,0.429
738,15,rectangle,1413,202,29938,confirmed,1.0
739,9,circle,1434,981,32552,confirmed,1.0
739,10,pentagon,1876,761,16421,confirmed,1.0
739,13,triangle,490,1021,20397,confirmed,0.978
739,14,pentagon,1207,716,26510,confirmed,0.414
739,15,rectangle,1369,186,29836,confirmed,1.0
740,9,circle,1478,983,32544,confirmed,1.0
740,10,pentagon,1873,798,19105,confirmed,1.0
740,13,triangle,554,1018,21410,confirmed,0.978
740,14,trapezoid,1199,674,27193,confirmed,0.433
740,15,rectangle,1320,180,29996,confirmed,1.0
741,9,circle,1518,984,32540,confirmed,1.0
741,10,pentagon,1868,835,24150,confirmed,1.0
741,13,triangle,611,1000,20954,confirmed,0.978
741,14,trapezoid,1192,633,26988,confirmed,0.433
741,15,rectangle,1268,187,29913,confirmed,1.0
742,9,circle,1557,984,32538,confirmed,1.0
742,10,pentagon,1851,867,35095,confirmed,1.0
742,13,triangle,660,982,21014,confirmed,0.978
742,14,trapezoid,1185,597,20101,confirmed,0.433
742,15,rectangle,1214,196,29805,confirmed,1.0
743,9,circle,1595,982,32576,confirmed,1.0
743,10,pentagon,1776,869,36467,confirmed,1.0
743,13,triangle,708,963,20912,confirmed,0.978
743,14,trapezoid,1179,560,26898,confirmed,0.452
743,15,rectangle,1162,205,29749,confirmed,1.0
744,9,circle,1630,988,22577,confirmed,1.0
744,10,pentagon,1709,897,59493,confirmed,1.0
744,13,triangle,749,940,20740,confirmed,0.978
744,14,trapezoid,1176,522,26374,confirmed,0.438
744,15,rectangle,1112,216,29831,confirmed,1.0
745,9,circle,1667,990,22577,coasting,1.0
745,10,pentagon,1651,915,60157,confirmed,1.0
745,13,triangle,785,914,20657,confirmed,0.978
745,14,trapezoid,1173,484,27148,confirmed,0.438
745,15,rectangle,1063,229,29869,confirmed,1.0
746,9,circle,1714,967,32188,confirmed,1.0
746,10,pentagon,1568,849,36641,confirmed,1.0
746,13,triangle,817,887,20774,confirmed,0.978
746,14,trapezoid,1167,447,27055,confirmed,0.438
746,15,rectangle,1017,245,29679,confirmed,1.0
747,9,circle,1755,950,32681,confirmed,1.0
747,10,pentagon,1500,809,36587,confirmed,1.0
747,13,triangle,849,860,20853,confirmed,0.978
747,14,trapezoid,1159,410,27265,confirmed,0.438
747,15,rectangle,979,266,30000,confirmed,1.0
748,9,circle,1791,934,32666,confirmed,1.0
748,10,pentagon,1435,777,32853,confirmed,1.0
748,13,triangle,881,833,20735,confirmed,0.978
748,14,trapezoid,1151,379,20070,confirmed,0.424
748,15,rectangle,950,292,29833,confirmed,1.0
749,9,circle,1827,919,32637,confirmed,1.0
749,10,pentagon,1386,750,36599,confirmed,1.0
749,13,triangle,912,806,20946,confirmed,0.978
749,14,trapezoid,1145,343,18965,confirmed,0.412
749,15,rectangle,928,320,29965,confirmed,1.0
750,9,circle,1854,901,30652,confirmed,1.0
750,10,pentagon,1341,719,36575,confirmed,1.0
750,13,triangle,943,778,20805,confirmed,0.978
750,14,pentagon,1134,317,20487,confirmed,0.4
750,15,rectangle,906,348,29856,confirmed,1.0
751,9,circle,1870,879,29855,confirmed,1.0
751,10,pentagon,1298,687,36689,confirmed,1.0
751,13,triangle,969,750,21014,confirmed,0.978
751,14,pentagon,1124,312,21437,confirmed,0.4
751,15,rectangle,889,378,29962,confirmed,1.0
752,9,circle,1876,855,29344,confirmed,1.0
752,10,pentagon,1255,653,36501,confirmed,1.0
752,13,triangle,987,719,20858,confirmed,0.978
752,14,pentagon,1112,373,26007,confirmed,0.417
752,15,rectangle,877,407,29848,confirmed,1.0
753,9,circle,1865,836,32802,confirmed,1.0
753,10,pentagon,1212,621,36617,confirmed,1.0
753,13,triangle,1001,687,20809,confirmed,0.978
753,14,pentagon,1099,428,20713,confirmed,0.405
753,15,rectangle,867,437,29843,confirmed,1.0
754,9,circle,1801,849,32654,confirmed,1.0
754,10,pentagon,1169,587,36493,confirmed,1.0
754,13,triangle,1003,654,20879,confirmed,0.978
754,14,pentagon,1087,466,20713,coasting,0.405
754,15,rectangle,861,468,29859,confirmed,1.0
755,9,circle,1772,874,32672,confirmed,1.0
755,10,pentagon,1126,552,37678,confirmed,1.0
755,13,triangle,1013,623,20879,coasting,0.978
755,14,pentagon,1076,500,20713,coasting,0.405
755,15,rectangle,859,498,29940,confirmed,1.0
756,9,circle,1761,901,32671,confirmed,1.0
756,10,pentagon,1074,524,39896,confirmed,1.0
756,13,triangle,1023,594,20879,coasting,0.978
756,14,pentagon,1066,531,20713,coasting,0.405
756,15,rectangle,856,523,27328,confirmed,0.977
757,9,circle,1757,928,32691,confirmed,1.0
757,10,pentagon,1033,488,38736,confirmed,1.0
757,13,triangle,1031,569,20879,coasting,0.978
757,14,pentagon,1058,559,20713,coasting,0.405
757,15,rectangle,852,551,27328,coasting,0.977
758,9,circle,1766,953,32665,confirmed,1.0
758,10,pentagon,995,448,42772,confirmed,1.0
758,13,triangle,1039,546,20879,coasting,0.978
758,14,pentagon,1032,616,19784,confirmed,0.395
758,15,rectangle,848,576,27328,coasting,0.977
759,9,circle,1770,978,32629,confirmed,1.0
759,10,pentagon,952,420,40727,confirmed,1.0
759,13,triangle,1046,525,20879,coasting,0.978
759,14,pentagon,1022,656,26910,confirmed,0.385
759,15,rectangle,854,634,20038,confirmed,0.955
760,9,circle,1783,999,30587,confirmed,1.0
760,10,pentagon,907,393,39852,confirmed,1.0
760,13,triangle,1052,506,20879,coasting,0.978
760,14,pentagon,1010,695,26455,confirmed,0.385
760,15,rectangle,848,652,28535,confirmed,0.933
761,9,circle,1806,1014,26644,confirmed,1.0
761,10,pentagon,860,366,40512,confirmed,1.0
761,13,triangle,1057,490,20879,coasting,0.978
761,14,pentagon,995,735,15673,confirmed,0.385
761,15,rectangle,849,685,12165,confirmed,0.933
762,9,circle,1833,1022,19848,confirmed,1.0
762,10,pentagon,812,341,42022,confirmed,1.0
762,13,triangle,1062,475,20879,coasting,0.978
762,14,pentagon,981,774,15673,coasting,0.385
762,15,rectangle,870,722,55969,confirmed,0.933
763,9,circle,1863,1023,13472,confirmed,1.0
763,10,pentagon,754,302,36528,confirmed,1.0
763,13,triangle,1067,461,20879,coasting,0.978
763,14,trapezoid,976,807,26773,confirmed,0.4
763,15,rectangle,826,741,29141,confirmed,0.911
764,9,circle,1891,1019,7055,confirmed,1.0
764,10,pentagon,697,272,38231,confirmed,1.0
764,13,triangle,1071,449,20879,coasting,0.978
764,14,trapezoid,967,843,20066,confirmed,0.4
764,15,rectangle,798,768,29787,confirmed,0.911
765,9,circle,1918,1020,7055,coasting,1.0
765,10,pentagon,617,269,36473,confirmed,1.0
765,13,triangle,1075,438,20879,coasting,0.978
765,14,trapezoid,956,881,26703,confirmed,0.415
765,15,rectangle,769,796,29821,confirmed,0.911
765,16,trapezoid,629,458,18981,confirmed,1.0
766,9,circle,1942,1021,7055,coasting,1.0
766,10,pentagon,542,275,36500,confirmed,1.0
766,13,triangle,1078,428,20879,coasting,0.978
766,14,trapezoid,941,917,26552,confirmed,0.429
766,15,rectangle,735,820,29959,confirmed,0.911
766,16,trapezoid,570,465,19157,confirmed,1.0
767,9,circle,1963,1022,7055,coasting,1.0
767,10,pentagon,476,296,36482,confirmed,1.0
767,13,triangle,1081,419,20879,coasting,0.978
767,14,trapezoid,913,951,26699,confirmed,0.442
767,15,rectangle,692,839,30004,confirmed,0.911
767,16,trapezoid,519,467,16002,confirmed,1.0
768,10,pentagon,417,323,36811,confirmed,1.0
768,13,triangle,1083,411,20879,coasting,0.978
768,14,trapezoid,887,975,26272,confirmed,0.442
768,15,rectangle,641,848,29954,confirmed,0.911
768,16,trapezoid,469,471,16002,coasting,1.0
769,10,pentagon,370,350,43579,confirmed,1.0
769,13,triangle,1086,404,20879,coasting,0.978
769,14,trapezoid,867,975,27028,confirmed,0.442
769,15,rectangle,585,846,29943,confirmed,0.911
769,16,trapezoid,424,474,16002,coasting,1.0
770,10,pentagon,324,383,36748,confirmed,1.0
770,13,triangle,1088,397,20879,coasting,0.978
770,14,trapezoid,855,952,26628,confirmed,0.442
770,15,rectangle,530,841,29897,confirmed,0.911
770,16,trapezoid,420,429,15941,confirmed,1.0
771,10,pentagon,315,435,36574,confirmed,1.0
771,13,triangle,1090,391,20879,coasting,0.978
771,14,trapezoid,849,911,26992,confirmed,0.442
771,15,rectangle,479,828,29867,confirmed,0.911
771,16,trapezoid,460,331,20220,confirmed,0.75
772,10,pentagon,309,481,36613,confirmed,1.0
772,13,triangle,1092,386,20879,coasting,0.978
772,14,trapezoid,859,820,26532,confirmed,0.455
772,15,rectangle,430,813,29898,confirmed,0.911
772,16,trapezoid,478,280,20961,confirmed,0.6
773,10,pentagon,305,524,36694,confirmed,1.0
773,13,triangle,1093,381,20879,coasting,0.978
773,14,trapezoid,859,764,25650,confirmed,0.444
773,15,rectangle,388,792,29818,confirmed,0.911
773,16,trapezoid,505,247,20854,confirmed,0.5
774,10,pentagon,301,566,36592,confirmed,1.0
774,13,triangle,1095,377,20879,coasting,0.978
774,14,trapezoid,859,715,26885,confirmed,0.444
774,15,rectangle,355,770,29060,confirmed,0.911
774,16,triangle,548,226,20980,confirmed,0.571
775,10,pentagon,306,608,36598,confirmed,1.0
775,14,trapezoid,858,672,26964,confirmed,0.444
775,15,rectangle,325,772,18807,confirmed,0.911
775,16,triangle,603,215,20845,confirmed,0.625
776,10,pentagon,309,660,45946,confirmed,1.0
776,14,trapezoid,858,635,27379,confirmed,0.444
776,15,rectangle,291,763,18807,coasting,0.911
776,16,triangle,662,208,20878,confirmed,0.667
777,10,pentagon,321,699,37166,confirmed,1.0
777,14,trapezoid,856,602,20877,confirmed,0.444
777,15,rectangle,260,756,18807,coasting,0.911
777,16,triangle,722,202,20839,confirmed,0.7
778,10,pentagon,362,731,36672,confirmed,1.0
778,14,trapezoid,851,568,26907,confirmed,0.444
778,15,rectangle,241,711,21903,confirmed,0.911
778,16,triangle,780,195,20805,confirmed,0.727
779,10,pentagon,415,759,36462,confirmed,1.0
779,14,trapezoid,848,536,21374,confirmed,0.444
779,15,rectangle,248,634,29552,confirmed,0.889
779,16,triangle,839,189,20997,confirmed,0.75
779,17,pentagon,1884,777,13927,confirmed,0.0
780,10,pentagon,465,788,37244,confirmed,1.0
780,14,trapezoid,848,502,26732,confirmed,0.444
780,15,rectangle,242,591,29961,confirmed,0.889
780,16,triangle,898,187,20830,confirmed,0.769
780,17,trapezoid,1883,800,11922,confirmed,0.0
781,10,pentagon,547,796,36555,confirmed,1.0
781,14,trapezoid,848,466,26904,confirmed,0.444
781,15,rectangle,234,558,29855,confirmed,0.889
781,16,triangle,950,201,20915,confirmed,0.786
781,17,trapezoid,1885,827,9110,confirmed,0.0
782,10,pentagon,628,794,36435,confirmed,1.0
782,14,trapezoid,848,425,26704,confirmed,0.467
782,15,rectangle,229,527,29954,confirmed,0.889
782,16,triangle,983,228,20807,confirmed,0.8
782,17,trapezoid,1886,849,9110,coasting,0.0
783,10,pentagon,703,795,37155,confirmed,1.0
783,14,trapezoid,846,389,19389,confirmed,0.444
783,15,rectangle,230,498,29811,confirmed,0.889
783,16,triangle,1006,260,20226,confirmed,0.812
783,17,trapezoid,1886,868,9110,coasting,0.0
784,10,pentagon,776,776,36603,confirmed,1.0
784,14,trapezoid,846,350,19233,confirmed,0.444
784,15,rectangle,237,468,29962,confirmed,0.889
784,16,triangle,1022,293,19541,confirmed,0.765
784,17,trapezoid,1886,886,9110,coasting,0.0
785,10,pentagon,843,752,36586,confirmed,1.0
785,14,trapezoid,842,312,27791,confirmed,0.444
785,15,rectangle,245,438,29823,confirmed,0.889
785,16,triangle,1040,324,19652,confirmed,0.765
785,17,trapezoid,1887,902,9110,coasting,0.0
786,10,pentagon,904,727,36627,confirmed,1.0
786,14,trapezoid,841,270,25500,confirmed,0.444
786,15,rectangle,252,407,29979,confirmed,0.889
786,16,triangle,1035,362,20827,confirmed,0.778
786,17,trapezoid,1887,916,9110,coasting,0.0
787,10,pentagon,964,700,36602,confirmed,1.0
787,14,trapezoid,838,232,20861,confirmed,0.444
787,15,rectangle,260,376,29768,confirmed,0.889
787,16,triangle,1036,398,20910,confirmed,0.789
787,17,trapezoid,1887,929,9110,coasting,0.0
788,10,pentagon,1022,673,36629,confirmed,1.0
788,14,trapezoid,832,194,26816,confirmed,0.444
788,15,rectangle,268,344,29937,confirmed,0.889
788,16,triangle,1041,430,20625,confirmed,0.8
788,17,trapezoid,1887,941,9110,coasting,0.0
789,10,pentagon,1076,648,39920,confirmed,1.0
789,14,trapezoid,824,158,26822,confirmed,0.444
789,15,rectangle,281,314,29938,confirmed,0.889
789,16,triangle,1040,464,20503,confirmed,0.81
789,17,trapezoid,1887,951,9110,coasting,0.0
790,10,pentagon,1134,618,36761,confirmed,1.0
790,14,trapezoid,817,140,26567,confirmed,0.444
790,15,rectangle,304,285,29967,confirmed,0.889
790,16,triangle,1027,492,17698,confirmed,0.773
790,17,trapezoid,1887,961,9110,coasting,0.0
791,10,pentagon,1187,586,36512,confirmed,1.0
791,14,trapezoid,806,149,18977,confirmed,0.444
791,15,rectangle,342,263,29865,confirmed,0.889
791,16,triangle,1020,524,18508,confirmed,0.773
791,17,trapezoid,1888,969,9110,coasting,0.0
792,10,pentagon,1235,553,36671,confirmed,1.0
792,14,trapezoid,793,180,26827,confirmed,0.444
792,15,rectangle,392,249,29914,confirmed,0.889
792,16,triangle,1009,562,20948,confirmed,0.783
792,17,trapezoid,1888,977,9110,coasting,0.0
793,10,pentagon,1279,518,36446,confirmed,1.0
793,14,trapezoid,774,268,25686,confirmed,0.444
793,15,rectangle,448,245,29861,confirmed,0.889
793,16,triangle,989,595,20750,confirmed,0.792
793,17,trapezoid,1888,984,9110,coasting,0.0
794,10,pentagon,1322,483,36505,confirmed,1.0
794,14,trapezoid,761,321,20150,confirmed,0.444
794,15,rectangle,505,249,29844,confirmed,0.889
794,16,triangle,964,626,20992,confirmed,0.8
794,17,trapezoid,1888,990,9110,coasting,0.0
795,10,pentagon,1366,449,36535,confirmed,1.0
795,14,trapezoid,751,370,27172,confirmed,0.444
795,15,rectangle,559,259,29730,confirmed,0.889
795,16,triangle,939,657,20810,confirmed,0.808
795,17,trapezoid,1888,995,9110,coasting,0.0
796,10,pentagon,1409,413,36804,confirmed,1.0
796,14,trapezoid,744,406,26857,confirmed,0.444
796,15,rectangle,610,269,28547,confirmed,0.867
796,16,triangle,918,688,20893,confirmed,0.815
796,17,trapezoid,1888,1000,9110,coasting,0.0
797,10,pentagon,1449,377,36483,confirmed,1.0
797,14,trapezoid,732,441,26227,confirmed,0.467
797,15,rectangle,662,277,27795,confirmed,0.867
797,16,triangle,903,720,20642,confirmed,0.821
797,17,trapezoid,1888,1005,9110,coasting,0.0
798,10,pentagon,1488,341,36589,confirmed,1.0
798,14,trapezoid,724,479,25811,confirmed,0.467
798,15,rectangle,716,295,29864,confirmed,0.867
798,16,triangle,899,754,20789,confirmed,0.828
798,17,trapezoid,1888,1009,9110,coasting,0.0
799,10,pentagon,1518,305,37745,confirmed,1.0
799,14,trapezoid,714,519,19681,confirmed,0.467
799,15,rectangle,768,309,29787,confirmed,0.867
799,16,triangle,917,784,20709,confirmed,0.833
799,17,trapezoid,1888,1013,9110,coasting,0.0
800,10,pentagon,1547,268,36900,confirmed,1.0
800,14,trapezoid,704,556,20172,confirmed,0.467
800,15,rectangle,809,329,29900,confirmed,0.867
800,16,triangle,959,810,20806,confirmed,0.839
800,17,trapezoid,1888,1016,9110,coasting,0.0
801,10,pentagon,1596,237,36691,confirmed,1.0
801,14,trapezoid,692,593,19895,confirmed,0.467
801,15,rectangle,835,356,29788,confirmed,0.867
801,16,triangle,1010,830,20923,confirmed,0.844
801,17,trapezoid,1888,1019,9110,coasting,0.0
802,10,pentagon,1652,246,36594,confirmed,1.0
802,14,trapezoid,681,630,26954,confirmed,0.467
802,15,rectangle,857,387,29931,confirmed,0.867
802,16,triangle,1066,844,20729,confirmed,0.848
803,10,pentagon,1694,281,36519,confirmed,1.0
803,14,trapezoid,670,667,26899,confirmed,0.467
803,15,rectangle,878,415,29927,confirmed,0.867
803,16,triangle,1124,856,20734,confirmed,0.853
804,10,pentagon,1725,325,36629,confirmed,1.0
804,14,trapezoid,659,705,20110,confirmed,0.467
804,15,rectangle,901,445,29834,confirmed,0.867
804,16,triangle,1184,864,20754,confirmed,0.857
805,10,pentagon,1750,369,36524,confirmed,1.0
805,14,trapezoid,648,741,27175,confirmed,0.467
805,15,rectangle,924,473,29839,confirmed,0.867
805,16,triangle,1245,868,20923,confirmed,0.861
806,10,pentagon,1778,409,36828,confirmed,1.0
806,14,trapezoid,636,778,26881,confirmed,0.467
806,15,rectangle,948,502,29947,confirmed,0.867
806,16,triangle,1305,870,20972,confirmed,0.865
807,10,pentagon,1804,449,37382,confirmed,1.0
807,14,trapezoid,623,816,19406,confirmed,0.467
807,15,rectangle,972,531,29911,confirmed,0.867
807,16,triangle,1366,868,20879,confirmed,0.868
808,10,pentagon,1828,490,36600,confirmed,1.0
808,14,trapezoid,611,853,26692,confirmed,0.467
808,15,rectangle,998,558,29973,confirmed,0.867
808,16,triangle,1425,862,20722,confirmed,0.872
809,10,pentagon,1847,532,33542,confirmed,1.0
809,14,trapezoid,600,889,26622,confirmed,0.489
809,15,rectangle,1026,586,29959,confirmed,0.889
809,16,triangle,1483,853,20689,confirmed,0.875
810,10,pentagon,1862,574,29272,confirmed,1.0
810,14,trapezoid,588,925,26041,confirmed,0.489
810,15,rectangle,1054,613,29817,confirmed,0.911
810,16,triangle,1540,840,20947,confirmed,0.878
811,10,pentagon,1874,616,24549,confirmed,1.0
811,14,trapezoid,573,956,26156,confirmed,0.489
811,15,rectangle,1085,639,29850,confirmed,0.933
811,16,triangle,1588,819,20718,confirmed,0.881
811,18,circle,1865,312,27415,confirmed,0.0
812,10,pentagon,1882,658,20684,confirmed,1.0
812,14,trapezoid,570,922,25741,confirmed,0.467
812,15,rectangle,1120,664,29761,confirmed,0.956
812,16,triangle,1635,798,20770,confirmed,0.884
812,18,circle,1850,316,30628,confirmed,0.0
813,10,pentagon,1887,700,18399,confirmed,1.0
813,14,trapezoid,564,909,20054,confirmed,0.467
813,15,rectangle,1165,683,29929,confirmed,0.956
813,16,triangle,1687,780,20871,confirmed,0.886
813,18,circle,1832,328,32668,confirmed,0.0
814,10,pentagon,1888,743,17085,confirmed,1.0
814,14,trapezoid,567,917,26148,confirmed,0.467
814,15,rectangle,1215,699,30023,confirmed,0.956
814,16,triangle,1743,768,20787,confirmed,0.889
814,18,circle,1805,366,32648,confirmed,1.0
815,10,pentagon,1886,786,18575,confirmed,1.0
815,14,trapezoid,573,903,20426,confirmed,0.467
815,15,rectangle,1268,710,30047,confirmed,0.956
815,16,triangle,1797,754,20787,coasting,0.889
815,18,circle,1786,395,32659,confirmed,1.0
816,10,pentagon,1879,828,24057,confirmed,1.0
816,14,trapezoid,574,884,25941,confirmed,0.467
816,15,rectangle,1322,720,29841,confirmed,0.956
816,16,triangle,1846,740,20787,coasting,0.889
816,18,circle,1775,421,32660,confirmed,1.0
817,10,pentagon,1862,867,33037,confirmed,1.0
817,14,trapezoid,577,854,27459,confirmed,0.467
817,15,rectangle,1376,729,29984,confirmed,0.956
817,16,triangle,1889,728,20787,coasting,0.889
817,18,circle,1769,446,32652,confirmed,1.0
818,10,pentagon,1793,886,36683,confirmed,1.0
818,14,trapezoid,577,795,19581,confirmed,0.489
818,15,rectangle,1432,735,29993,confirmed,0.956
818,16,triangle,1928,718,20787,coasting,0.889
818,18,circle,1766,471,32655,confirmed,1.0
819,10,pentagon,1713,893,37132,confirmed,0.978
819,14,trapezoid,574,744,25077,confirmed,0.467
819,15,rectangle,1489,737,29890,confirmed,0.956
819,16,triangle,1964,708,20787,coasting,0.889
819,18,circle,1765,496,32664,confirmed,1.0
820,10,pentagon,1631,895,36494,confirmed,0.978
820,14,trapezoid,576,702,26740,confirmed,0.467
820,15,rectangle,1541,729,26499,confirmed,0.933
820,18,circle,1766,521,32667,confirmed,1.0
821,10,pentagon,1555,883,36628,confirmed,0.978
821,14,trapezoid,573,668,26853,confirmed,0.489
821,15,rectangle,1599,724,22406,confirmed,0.933
821,18,circle,1770,545,32671,confirmed,1.0
822,10,pentagon,1483,866,36615,confirmed,0.978
822,14,trapezoid,571,630,26617,confirmed,0.511
822,15,rectangle,1657,732,28829,confirmed,0.911
822,18,circle,1777,570,32679,confirmed,1.0
823,10,pentagon,1414,845,36642,confirmed,0.978
823,14,trapezoid,569,594,26908,confirmed,0.533
823,15,rectangle,1712,736,24975,confirmed,0.911
823,18,circle,1789,593,32672,confirmed,1.0
824,10,pentagon,1352,818,36502,confirmed,0.978
824,14,trapezoid,568,557,26893,confirmed,0.533
824,15,rectangle,1766,742,17275,confirmed,0.911
824,18,circle,1804,616,32820,confirmed,1.0
825,10,pentagon,1295,789,36621,confirmed,0.978
825,14,trapezoid,566,520,20038,confirmed,0.533
825,15,rectangle,1821,746,17275,coasting,0.911
825,18,circle,1826,633,28448,confirmed,1.0
826,10,pentagon,1239,758,36545,confirmed,0.978
826,14,trapezoid,563,481,26848,confirmed,0.556
826,15,rectangle,1871,750,17275,coasting,0.911
826,18,circle,1851,643,20125,confirmed,1.0
827,10,pentagon,1184,728,36566,confirmed,0.978
827,14,trapezoid,562,444,20510,confirmed,0.533
827,15,rectangle,1916,754,17275,coasting,0.911
827,18,circle,1872,659,20125,coasting,1.0
828,10,pentagon,1130,696,36564,confirmed,0.978
828,14,trapezoid,559,408,18566,confirmed,0.533
828,15,rectangle,1956,757,17275,coasting,0.911
828,18,circle,1893,646,6895,confirmed,1.0
829,10,pentagon,1078,665,36501,confirmed,0.978
829,14,trapezoid,555,368,20568,confirmed,0.511
829,18,circle,1913,647,6895,coasting,1.0
830,10,pentagon,1029,632,36436,confirmed,0.978
830,14,trapezoid,553,332,19143,confirmed,0.511
830,18,circle,1932,647,6895,coasting,1.0
831,10,pentagon,985,596,36438,confirmed,0.978
831,14,trapezoid,552,293,20726,confirmed,0.511
831,18,circle,1948,648,6895,coasting,1.0
832,10,pentagon,946,553,44230,confirmed,0.978
832,14,trapezoid,548,251,26537,confirmed,0.533
832,18,circle,1962,648,6895,coasting,1.0
833,10,pentagon,912,513,44173,confirmed,0.978
833,14,trapezoid,546,221,19168,confirmed,0.533
833,18,circle,1975,649,6895,coasting,1.0
834,10,pentagon,893,476,36749,confirmed,0.978
834,14,trapezoid,545,182,26828,confirmed,0.533
835,10,pentagon,869,437,36896,confirmed,0.978
835,14,trapezoid,542,139,26889,confirmed,0.533
836,10,pentagon,849,395,36589,confirmed,0.978
836,14,trapezoid,537,106,26388,confirmed,0.533
837,10,pentagon,820,355,36510,confirmed,0.978
837,14,trapezoid,533,103,18565,confirmed,0.533
838,10,pentagon,789,316,37156,confirmed,0.978
838,14,trapezoid,527,123,26453,confirmed,0.533
839,10,pentagon,752,278,36797,confirmed,0.978
839,14,trapezoid,515,212,27143,confirmed,0.533
840,10,pentagon,690,248,36739,confirmed,0.978
840,14,trapezoid,501,262,24448,confirmed,0.533
841,10,pentagon,620,234,36704,confirmed,0.978
841,14,trapezoid,481,306,14241,confirmed,0.533
842,10,pentagon,547,244,36562,confirmed,0.978
842,14,trapezoid,465,352,14241,coasting,0.533
843,10,pentagon,485,250,39557,confirmed,0.978
843,14,trapezoid,451,393,14241,coasting,0.533
843,19,rectangle,1873,244,29884,confirmed,0.0
844,10,pentagon,437,304,36518,confirmed,0.978
844,14,trapezoid,438,430,14241,coasting,0.533
844,19,rectangle,1804,243,29917,confirmed,1.0
845,10,pentagon,399,351,36636,confirmed,0.978
845,14,trapezoid,426,464,14241,coasting,0.533
845,19,rectangle,1742,252,29854,confirmed,1.0
846,10,pentagon,358,391,36589,confirmed,0.978
846,14,trapezoid,445,494,10503,confirmed,0.533
846,19,rectangle,1692,270,29956,confirmed,1.0
847,10,pentagon,340,435,36531,confirmed,0.978
847,14,trapezoid,459,525,12654,confirmed,0.533
847,19,rectangle,1651,294,29879,confirmed,1.0
847,20,trapezoid,1865,267,19344,confirmed,0.0
848,10,pentagon,325,478,36559,confirmed,0.978
848,14,trapezoid,468,559,14505,confirmed,0.533
848,19,rectangle,1617,321,29951,confirmed,1.0
848,20,triangle,1847,295,20460,confirmed,0.0
849,10,pentagon,313,522,36586,confirmed,0.978
849,14,trapezoid,462,601,14403,confirmed,0.556
849,19,rectangle,1592,351,29876,confirmed,1.0
849,20,triangle,1826,332,20856,confirmed,0.0
850,10,pentagon,310,566,36917,confirmed,0.978
850,14,trapezoid,461,640,13597,confirmed,0.556
850,19,rectangle,1572,382,29740,confirmed,1.0
850,20,triangle,1799,389,20937,confirmed,1.0
851,10,pentagon,316,609,36540,confirmed,0.978
851,14,trapezoid,460,682,6398,confirmed,0.556
851,19,rectangle,1552,413,29860,confirmed,1.0
851,20,triangle,1782,430,20980,confirmed,1.0
851,21,circle,1874,142,25246,confirmed,0.0
852,10,pentagon,324,652,36520,confirmed,0.978
852,14,trapezoid,459,723,6398,coasting,0.556
852,19,rectangle,1532,442,29894,confirmed,1.0
852,20,triangle,1769,464,20653,confirmed,1.0
852,21,circle,1853,145,31794,confirmed,0.0
853,10,pentagon,335,695,36532,confirmed,0.978
853,14,trapezoid,458,759,6398,coasting,0.556
853,19,rectangle,1512,472,29918,confirmed,1.0
853,20,triangle,1763,499,20957,confirmed,1.0
853,21,circle,1800,157,32661,confirmed,1.0
854,10,pentagon,376,728,36560,confirmed,0.978
854,14,trapezoid,458,791,6398,coasting,0.556
854,19,rectangle,1492,503,29773,confirmed,1.0
854,20,triangle,1764,533,20834,confirmed,1.0
854,21,circle,1757,172,32662,confirmed,1.0
855,10,pentagon,448,735,36578,confirmed,0.978
855,14,trapezoid,415,830,4985,confirmed,0.556
855,19,rectangle,1473,533,29819,confirmed,1.0
855,20,triangle,1766,566,20807,confirmed,1.0
855,21,circle,1724,190,32680,confirmed,1.0
856,10,pentagon,522,717,36524,confirmed,0.978
856,14,trapezoid,387,869,27035,confirmed,0.556
856,19,rectangle,1453,564,29884,confirmed,1.0
856,20,triangle,1768,600,20626,confirmed,1.0
856,21,circle,1698,211,32661,confirmed,1.0
857,10,pentagon,595,693,36552,confirmed,0.978
857,14,trapezoid,374,860,26456,confirmed,0.556
857,19,rectangle,1433,593,29755,confirmed,1.0
857,20,triangle,1769,636,20908,confirmed,1.0
857,21,circle,1678,234,32661,confirmed,1.0
858,10,pentagon,665,668,36442,confirmed,0.978
858,14,trapezoid,373,827,20920,confirmed,0.533
858,19,rectangle,1414,625,30017,confirmed,1.0
858,20,triangle,1770,670,20789,confirmed,1.0
858,21,circle,1662,257,32662,confirmed,1.0
859,10,pentagon,733,645,36537,confirmed,0.978
859,14,trapezoid,378,781,25821,confirmed,0.511
859,19,rectangle,1394,655,30010,confirmed,1.0
859,20,triangle,1769,704,20691,confirmed,1.0
859,21,circle,1646,281,32665,confirmed,1.0
860,10,pentagon,798,620,36583,confirmed,0.978
860,14,trapezoid,378,747,27273,confirmed,0.511
860,19,rectangle,1375,685,29965,confirmed,1.0
860,20,triangle,1758,738,20773,confirmed,1.0
860,21,circle,1634,305,32665,confirmed,1.0
861,10,pentagon,861,594,36456,confirmed,0.978
861,14,trapezoid,378,702,26843,confirmed,0.511
861,19,rectangle,1355,714,30013,confirmed,1.0
861,20,triangle,1733,770,20928,confirmed,1.0
861,21,circle,1628,330,32657,confirmed,1.0
862,10,pentagon,922,567,36700,confirmed,0.978
862,14,trapezoid,380,663,27011,confirmed,0.511
862,19,rectangle,1334,744,29921,confirmed,1.0
862,20,triangle,1692,796,20893,confirmed,1.0
862,21,circle,1623,354,32667,confirmed,1.0
863,10,pentagon,982,539,36558,confirmed,0.978
863,14,trapezoid,381,624,20341,confirmed,0.511
863,19,rectangle,1312,774,29801,confirmed,1.0
863,20,triangle,1639,815,20754,confirmed,1.0
863,21,circle,1620,379,32642,confirmed,1.0
864,10,pentagon,1042,511,36525,confirmed,0.978
864,14,trapezoid,381,585,27085,confirmed,0.511
864,19,rectangle,1288,804,29793,confirmed,1.0
864,20,triangle,1583,830,20793,confirmed,1.0
864,21,circle,1616,404,32671,confirmed,1.0
865,10,pentagon,1102,483,36499,confirmed,0.978
865,14,trapezoid,384,547,20603,confirmed,0.511
865,19,rectangle,1259,832,29763,confirmed,1.0
865,20,triangle,1524,842,20615,confirmed,1.0
865,21,circle,1621,428,32653,confirmed,1.0
866,10,pentagon,1163,456,36663,confirmed,0.978
866,14,trapezoid,387,508,26771,confirmed,0.511
866,19,rectangle,1226,858,29829,confirmed,1.0
866,20,triangle,1464,852,20907,confirmed,1.0
866,21,circle,1631,452,32645,confirmed,1.0
867,10,pentagon,1195,435,36531,confirmed,0.978
867,14,trapezoid,388,469,26477,confirmed,0.533
867,19,rectangle,1188,883,29812,confirmed,1.0
867,20,triangle,1402,858,20874,confirmed,1.0
867,21,circle,1643,476,32662,confirmed,1.0
868,10,pentagon,1149,441,36477,confirmed,0.978
868,14,trapezoid,390,432,26936,confirmed,0.533
868,19,rectangle,1144,903,29969,confirmed,1.0
868,20,triangle,1341,863,20969,confirmed,1.0
868,21,circle,1665,498,32669,confirmed,1.0
869,10,pentagon,1159,426,33408,confirmed,0.978
869,14,trapezoid,390,394,27357,confirmed,0.533
869,19,rectangle,1095,920,29801,confirmed,1.0
869,20,triangle,1279,864,20887,confirmed,1.0
869,21,circle,1701,512,32649,confirmed,1.0
870,10,pentagon,1222,393,36556,confirmed,0.978
870,14,trapezoid,390,356,26048,confirmed,0.533
870,19,rectangle,1041,931,29893,confirmed,1.0
870,20,triangle,1218,858,20648,confirmed,1.0
870,21,circle,1744,513,32663,confirmed,1.0
871,10,pentagon,1287,361,36612,confirmed,0.978
871,14,trapezoid,391,317,26188,confirmed,0.556
871,19,rectangle,986,943,29804,confirmed,1.0
871,20,triangle,1174,837,20713,confirmed,1.0
871,21,circle,1784,501,32679,confirmed,1.0
872,10,pentagon,1352,332,36603,confirmed,1.0
872,14,trapezoid,393,281,19996,confirmed,0.556
872,19,rectangle,930,939,29807,confirmed,1.0
872,20,triangle,1159,804,20721,confirmed,1.0
872,21,circle,1814,480,32661,confirmed,1.0
873,10,pentagon,1419,308,36497,confirmed,1.0
873,14,trapezoid,390,260,19097,confirmed,0.556
873,19,rectangle,874,932,29872,confirmed,1.0
873,20,triangle,1164,767,20812,confirmed,1.0
873,21,circle,1841,463,31701,confirmed,1.0
874,10,pentagon,1492,294,36471,confirmed,1.0
874,14,trapezoid,381,264,27755,confirmed,0.556
874,19,rectangle,817,923,29944,confirmed,1.0
874,20,triangle,1176,732,20884,confirmed,1.0
874,21,circle,1861,443,29113,confirmed,1.0
875,10,pentagon,1570,292,37061,confirmed,1.0
875,14,trapezoid,372,291,27180,confirmed,0.556
875,19,rectangle,763,912,29998,confirmed,1.0
875,20,triangle,1193,697,20849,confirmed,1.0
875,21,circle,1874,420,26088,confirmed,1.0
876,10,pentagon,1636,316,36646,confirmed,1.0
876,14,trapezoid,363,335,20401,confirmed,0.556
876,19,rectangle,710,899,29870,confirmed,1.0
876,20,triangle,1213,662,20683,confirmed,1.0
876,21,circle,1883,394,22741,confirmed,1.0
877,10,pentagon,1694,349,36568,confirmed,1.0
877,14,trapezoid,355,422,26608,confirmed,0.578
877,19,rectangle,659,883,29983,confirmed,1.0
877,20,triangle,1234,630,20830,confirmed,1.0
877,21,circle,1887,369,19154,confirmed,1.0
878,10,pentagon,1739,386,36508,confirmed,1.0
878,14,trapezoid,348,475,26120,confirmed,0.6
878,19,rectangle,609,867,29972,confirmed,1.0
878,20,triangle,1258,598,20826,confirmed,1.0
878,21,circle,1890,342,15825,confirmed,1.0
879,10,pentagon,1768,429,36614,confirmed,1.0
879,14,trapezoid,342,524,20129,confirmed,0.6
879,19,rectangle,562,850,29955,confirmed,1.0
879,20,triangle,1284,566,20742,confirmed,1.0
879,21,circle,1888,313,17383,confirmed,1.0
880,10,pentagon,1801,467,36815,confirmed,1.0
880,14,trapezoid,334,560,21585,confirmed,0.6
880,19,rectangle,515,832,29939,confirmed,1.0
880,20,triangle,1312,536,20918,confirmed,1.0
880,21,circle,1881,288,20919,confirmed,1.0
881,10,pentagon,1824,507,33300,confirmed,1.0
881,14,trapezoid,330,593,26697,confirmed,0.622
881,19,rectangle,467,812,29885,confirmed,1.0
881,20,triangle,1341,504,20702,confirmed,1.0
881,21,circle,1873,263,22357,confirmed,1.0
882,10,pentagon,1842,550,36004,confirmed,1.0
882,14,trapezoid,327,630,27492,confirmed,0.622
882,19,rectangle,430,791,29003,confirmed,1.0
882,20,triangle,1371,474,20823,confirmed,1.0
882,21,circle,1865,239,23766,confirmed,1.0
883,10,pentagon,1851,594,37627,confirmed,1.0
883,14,trapezoid,319,666,26745,confirmed,0.622
883,19,rectangle,396,793,18928,confirmed,1.0
883,20,triangle,1400,444,20949,confirmed,1.0
883,21,circle,1857,215,25515,confirmed,1.0
884,10,pentagon,1847,640,36574,confirmed,1.0
884,14,trapezoid,310,704,27025,confirmed,0.622
884,19,rectangle,358,784,18928,coasting,1.0
884,20,triangle,1427,412,20831,confirmed,1.0
884,21,circle,1849,191,27252,confirmed,1.0
885,10,pentagon,1810,688,36479,confirmed,1.0
885,14,trapezoid,302,742,27643,confirmed,0.622
885,19,rectangle,323,776,18928,coasting,1.0
885,20,triangle,1451,380,20835,confirmed,1.0
885,21,circle,1842,168,29310,confirmed,1.0
886,10,pentagon,1783,732,36618,confirmed,1.0
886,14,trapezoid,296,779,26864,confirmed,0.622
886,19,rectangle,306,724,20035,confirmed,1.0
886,20,triangle,1472,348,20936,confirmed,1.0
886,21,circle,1833,145,31544,confirmed,1.0
887,10,pentagon,1755,773,36832,confirmed,1.0
887,14,trapezoid,292,815,25693,confirmed,0.622
887,19,rectangle,313,651,29775,confirmed,1.0
887,20,triangle,1490,314,20841,confirmed,1.0
887,21,circle,1815,124,32652,confirmed,1.0
888,10,pentagon,1720,813,36626,confirmed,1.0
888,14,trapezoid,283,854,27280,confirmed,0.622
888,19,rectangle,312,607,29897,confirmed,1.0
888,20,triangle,1507,280,20702,confirmed,1.0
888,21,circle,1797,103,32718,confirmed,1.0
889,10,pentagon,1676,849,36654,confirmed,1.0
889,14,trapezoid,276,892,26846,confirmed,0.622
889,19,rectangle,311,574,29848,confirmed,1.0
889,20,triangle,1516,246,20751,confirmed,1.0
889,21,circle,1775,83,30992,confirmed,1.0
890,10,pentagon,1621,881,36560,confirmed,1.0
890,14,trapezoid,270,893,26540,confirmed,0.622
890,19,rectangle,310,542,29727,confirmed,1.0
890,20,triangle,1521,212,20854,confirmed,1.0
890,21,circle,1748,68,28309,confirmed,1.0
891,10,pentagon,1554,903,36654,confirmed,1.0
891,14,trapezoid,265,860,20286,confirmed,0.6
891,19,rectangle,311,511,29742,confirmed,1.0
891,20,triangle,1508,178,20711,confirmed,1.0
891,21,circle,1718,56,25290,confirmed,1.0
892,10,pentagon,1490,923,37088,confirmed,1.0
892,14,trapezoid,265,842,26457,confirmed,0.6
892,19,rectangle,311,479,29793,confirmed,1.0
892,20,triangle,1469,154,21009,confirmed,1.0
892,21,circle,1684,47,22416,confirmed,1.0
893,10,pentagon,1417,932,33797,confirmed,1.0
893,14,trapezoid,272,867,25998,confirmed,0.6
893,19,rectangle,306,448,29789,confirmed,1.0
893,20,triangle,1418,131,20670,confirmed,1.0
893,21,circle,1646,41,19967,confirmed,1.0
894,10,pentagon,1333,899,36535,confirmed,1.0
894,14,trapezoid,274,870,20286,confirmed,0.6
894,19,rectangle,297,416,29783,confirmed,1.0
894,20,triangle,1375,108,20601,confirmed,1.0
894,21,circle,1604,38,18251,confirmed,1.0
895,10,pentagon,1261,868,36475,confirmed,1.0
895,14,trapezoid,270,835,26008,confirmed,0.6
895,19,rectangle,289,384,29735,confirmed,1.0
895,20,triangle,1325,90,20260,confirmed,1.0
895,21,circle,1559,38,17328,confirmed,1.0
896,10,pentagon,1198,839,36503,confirmed,1.0
896,14,trapezoid,270,802,18613,confirmed,0.6
896,19,rectangle,280,352,29670,confirmed,1.0
896,20,triangle,1269,76,19829,confirmed,1.0
896,21,circle,1512,38,17052,confirmed,1.0
897,10,pentagon,1148,805,36611,confirmed,1.0
897,14,trapezoid,270,754,25919,confirmed,0.6
897,19,rectangle,268,320,29783,confirmed,1.0
897,20,triangle,1208,68,19259,confirmed,1.0
897,21,circle,1464,40,17066,confirmed,1.0
898,10,pentagon,1111,766,36623,confirmed,1.0
898,14,trapezoid,268,716,26785,confirmed,0.6
898,19,rectangle,256,288,29740,confirmed,1.0
898,20,triangle,1144,66,19673,confirmed,1.0
898,21,circle,1417,43,17357,confirmed,1.0
899,10,pentagon,1077,726,36573,confirmed,1.0
899,14,trapezoid,260,673,25532,confirmed,0.6
899,19,rectangle,241,256,29925,confirmed,1.0
899,20,triangle,1078,69,19532,confirmed,1.0
899,21,circle,1370,45,17594,confirmed,1.0
900,10,pentagon,1048,685,36595,confirmed,1.0
900,14,trapezoid,258,634,26698,confirmed,0.6
900,19,rectangle,218,226,29770,confirmed,1.0
900,20,triangle,1011,75,19818,confirmed,1.0
900,21,circle,1324,47,17859,confirmed,1.0
901,10,pentagon,1019,644,36451,confirmed,1.0
901,14,trapezoid,254,597,26180,confirmed,0.6
901,19,rectangle,177,217,29862,confirmed,1.0
901,20,triangle,946,84,20042,confirmed,1.0
901,21,circle,1284,51,20839,confirmed,1.0
902,10,pentagon,990,603,36547,confirmed,1.0
902,14,trapezoid,250,559,26941,confirmed,0.6
902,19,rectangle,144,238,29865,confirmed,1.0
902,20,triangle,882,93,20157,confirmed,1.0
902,21,circle,1251,58,24715,confirmed,1.0
903,10,pentagon,962,562,36391,confirmed,1.0
903,14,trapezoid,248,527,19605,confirmed,0.578
903,19,rectangle,120,271,29718,confirmed,1.0
903,20,triangle,819,99,19961,confirmed,1.0
903,21,circle,1224,68,28172,confirmed,1.0
904,10,pentagon,932,520,42014,confirmed,1.0
904,14,trapezoid,244,492,18456,confirmed,0.578
904,19,rectangle,103,306,29950,confirmed,1.0
904,20,triangle,757,101,19753,confirmed,1.0
904,21,circle,1201,80,31074,confirmed,1.0
905,10,pentagon,903,479,36952,confirmed,1.0
905,14,trapezoid,241,452,26055,confirmed,0.578
905,19,rectangle,88,337,28698,confirmed,0.978
905,20,triangle,696,100,19790,confirmed,1.0
905,21,circle,1181,94,32752,confirmed,1.0
906,10,pentagon,873,438,36679,confirmed,1.0
906,14,trapezoid,236,409,26380,confirmed,0.6
906,19,rectangle,74,368,27319,confirmed,0.956
906,20,triangle,636,96,19383,confirmed,1.0
906,21,circle,1168,122,32673,confirmed,1.0
907,10,pentagon,840,400,36457,confirmed,1.0
907,14,trapezoid,232,371,26965,confirmed,0.6
907,19,rectangle,58,401,21482,confirmed,0.956
907,20,triangle,576,90,18943,confirmed,1.0
907,21,circle,1150,146,32675,confirmed,1.0
908,10,pentagon,800,363,36598,confirmed,1.0
908,14,trapezoid,229,333,27093,confirmed,0.6
908,19,rectangle,50,435,26629,confirmed,0.956
908,20,triangle,516,83,18743,confirmed,1.0
908,21,circle,1131,170,32660,confirmed,1.0
909,10,pentagon,739,341,36564,confirmed,1.0
909,14,trapezoid,224,295,26912,confirmed,0.6
909,19,rectangle,47,468,26813,confirmed,0.956
909,20,triangle,456,77,18560,confirmed,1.0
909,21,circle,1115,193,32659,confirmed,1.0
910,10,pentagon,675,360,36645,confirmed,1.0
910,14,trapezoid,222,257,27165,confirmed,0.6
910,19,rectangle,48,502,25985,confirmed,0.956
910,20,triangle,395,73,18712,confirmed,1.0
910,21,circle,1101,217,32655,confirmed,1.0
911,10,pentagon,613,391,36681,confirmed,1.0
911,14,trapezoid,218,220,26675,confirmed,0.6
911,19,rectangle,51,535,26094,confirmed,0.956
911,20,triangle,334,73,19007,confirmed,1.0
911,21,circle,1088,241,32658,confirmed,1.0
912,10,pentagon,557,425,36502,confirmed,1.0
912,14,trapezoid,222,188,18543,confirmed,0.578
912,19,rectangle,55,567,26529,confirmed,0.956
912,20,triangle,273,70,19007,coasting,1.0
912,21,circle,1080,265,32703,confirmed,1.0
913,10,pentagon,507,462,36500,confirmed,1.0
913,14,trapezoid,222,150,26937,confirmed,0.578
913,19,rectangle,61,600,28600,confirmed,0.956
913,20,triangle,219,68,19007,coasting,1.0
913,21,circle,1071,289,32663,confirmed,1.0
914,10,pentagon,460,498,36559,confirmed,1.0
914,14,trapezoid,219,119,26076,confirmed,0.578
914,19,rectangle,76,630,29855,confirmed,0.956
914,20,triangle,170,66,19007,coasting,1.0
914,21,circle,1066,314,32671,confirmed,1.0
915,10,pentagon,420,537,36676,confirmed,1.0
915,14,trapezoid,215,114,26822,confirmed,0.578
915,19,rectangle,93,660,29980,confirmed,0.956
915,20,triangle,126,64,19007,coasting,1.0
915,21,circle,1064,339,32662,confirmed,1.0
916,10,pentagon,388,577,36674,confirmed,1.0
916,14,trapezoid,210,133,27095,confirmed,0.578
916,19,rectangle,112,690,29963,confirmed,0.956
916,20,triangle,86,62,19007,coasting,1.0
916,21,circle,1065,364,32656,confirmed,1.0
917,10,pentagon,368,619,36582,confirmed,1.0
917,14,trapezoid,207,133,27095,coasting,0.578
917,19,rectangle,135,720,30010,confirmed,0.956
917,20,triangle,50,61,19007,coasting,1.0
917,21,circle,1066,389,32681,confirmed,1.0
917,22,trapezoid,197,249,30607,confirmed,1.0
918,10,pentagon,347,665,39997,confirmed,1.0
918,14,trapezoid,203,133,27095,coasting,0.578
918,19,rectangle,164,748,29887,confirmed,0.956
918,20,triangle,18,59,19007,coasting,1.0
918,21,circle,1068,413,32668,confirmed,1.0
918,22,trapezoid,194,262,29919,confirmed,1.0
919,10,pentagon,371,705,36593,confirmed,1.0
919,14,trapezoid,200,133,27095,coasting,0.578
919,19,rectangle,200,773,29674,confirmed,0.956
919,20,triangle,-11,58,19007,coasting,1.0
919,21,circle,1070,438,32667,confirmed,1.0
919,22,trapezoid,186,306,26798,confirmed,1.0
920,10,pentagon,414,741,36710,confirmed,1.0
920,14,trapezoid,197,132,27095,coasting,0.578
920,19,rectangle,234,765,29990,confirmed,0.956
920,20,triangle,-37,57,19007,coasting,1.0
920,21,circle,1080,462,32655,confirmed,1.0
920,22,trapezoid,181,342,28836,confirmed,1.0
921,10,pentagon,486,758,36545,confirmed,1.0
921,14,trapezoid,195,132,27095,coasting,0.578
921,19,rectangle,258,736,29908,confirmed,0.956
921,21,circle,1091,486,32679,confirmed,1.0
921,22,trapezoid,172,379,27097,confirmed,1.0
922,10,pentagon,567,759,36625,confirmed,1.0
922,14,trapezoid,193,132,27095,coasting,0.578
922,19,rectangle,285,704,29903,confirmed,0.956
922,21,circle,1108,509,32673,confirmed,1.0
922,22,trapezoid,164,427,26903,confirmed,1.0
923,10,pentagon,648,750,36701,confirmed,1.0
923,14,trapezoid,191,132,27095,coasting,0.578
923,19,rectangle,315,674,29732,confirmed,0.956
923,21,circle,1141,525,32683,confirmed,1.0
923,22,trapezoid,157,468,26928,confirmed,1.0
924,10,pentagon,726,736,36533,confirmed,1.0
924,14,trapezoid,189,132,27095,coasting,0.578
924,19,rectangle,341,644,29877,confirmed,0.956
924,21,circle,1184,528,32657,confirmed,1.0
924,22,trapezoid,151,507,20751,confirmed,0.75
925,10,pentagon,802,722,36727,confirmed,1.0
925,14,trapezoid,187,132,27095,coasting,0.578
925,19,rectangle,362,612,29767,confirmed,0.956
925,21,circle,1225,518,32674,confirmed,1.0
925,22,trapezoid,142,543,26573,confirmed,0.8
926,10,pentagon,877,708,38337,confirmed,1.0
926,14,trapezoid,186,132,27095,coasting,0.578
926,19,rectangle,380,582,29848,confirmed,0.956
926,21,circle,1259,499,32672,confirmed,1.0
926,22,trapezoid,137,580,26326,confirmed,0.833
927,10,pentagon,947,688,36626,confirmed,1.0
927,14,trapezoid,184,132,27095,coasting,0.578
927,19,rectangle,397,551,29962,confirmed,0.956
927,21,circle,1286,477,32649,confirmed,1.0
927,22,trapezoid,127,618,26385,confirmed,0.714
928,10,pentagon,1015,667,36765,confirmed,1.0
928,14,trapezoid,183,132,27095,coasting,0.578
928,19,rectangle,414,519,29782,confirmed,0.956
928,21,circle,1310,455,32676,confirmed,1.0
928,22,trapezoid,118,656,27255,confirmed,0.714
929,10,pentagon,1078,648,39809,confirmed,1.0
929,14,trapezoid,182,132,27095,coasting,0.578
929,19,rectangle,429,489,29957,confirmed,0.956
929,21,circle,1332,433,32659,confirmed,1.0
929,22,trapezoid,113,696,21752,confirmed,0.625
930,10,pentagon,1130,611,36604,confirmed,1.0
930,14,trapezoid,181,132,27095,coasting,0.578
930,19,rectangle,445,457,29843,confirmed,0.956
930,21,circle,1355,411,32648,confirmed,1.0
930,22,trapezoid,108,734,20345,confirmed,0.556
931,10,pentagon,1179,575,36425,confirmed,1.0
931,14,trapezoid,180,132,27095,coasting,0.578
931,19,rectangle,461,427,29802,confirmed,0.956
931,21,circle,1368,388,32664,confirmed,1.0
931,22,trapezoid,103,771,26352,confirmed,0.556
932,10,pentagon,1227,537,38019,confirmed,1.0
932,14,trapezoid,180,132,27095,coasting,0.578
932,19,rectangle,477,397,29950,confirmed,0.956
932,21,circle,1372,364,32680,confirmed,1.0
932,22,trapezoid,100,808,26484,confirmed,0.556
932,23,trapezoid,266,765,18428,confirmed,1.0
933,10,pentagon,1259,499,36551,confirmed,1.0
933,14,trapezoid,179,132,27095,coasting,0.578
933,19,rectangle,495,366,29840,confirmed,0.956
933,21,circle,1374,338,32345,confirmed,1.0
933,22,trapezoid,94,847,21115,confirmed,0.556
933,23,trapezoid,288,791,20562,confirmed,0.5
934,10,pentagon,1284,461,36919,confirmed,1.0
934,14,trapezoid,178,132,27095,coasting,0.578
934,19,rectangle,513,335,29819,confirmed,0.956
934,21,circle,1378,309,30644,confirmed,1.0
934,22,trapezoid,93,884,26188,confirmed,0.556
934,23,triangle,332,815,20646,confirmed,0.667
935,10,pentagon,1284,415,36603,confirmed,1.0
935,14,trapezoid,178,132,27095,coasting,0.578
935,19,rectangle,534,305,29824,confirmed,0.956
935,21,circle,1382,281,27183,confirmed,1.0
935,22,trapezoid,105,874,20995,confirmed,0.5
935,23,triangle,391,831,20899,confirmed,0.75
936,10,pentagon,1305,373,36544,confirmed,1.0
936,14,trapezoid,177,132,27095,coasting,0.578
936,19,rectangle,557,275,29873,confirmed,0.956
936,21,circle,1382,251,21537,confirmed,1.0
936,22,trapezoid,113,866,19559,confirmed,0.5
936,23,triangle,454,834,20932,confirmed,0.8
937,10,pentagon,1341,334,36524,confirmed,1.0
937,19,rectangle,580,246,29946,confirmed,0.956
937,21,circle,1385,222,21537,coasting,1.0
937,22,trapezoid,127,800,26652,confirmed,0.545
937,23,triangle,517,826,20861,confirmed,0.833
938,10,pentagon,1386,298,36473,confirmed,1.0
938,19,rectangle,603,217,29981,confirmed,0.956
938,21,circle,1387,196,21537,coasting,1.0
938,22,trapezoid,136,764,20905,confirmed,0.545
938,23,triangle,577,817,20908,confirmed,0.857
939,10,pentagon,1449,274,36541,confirmed,1.0
939,19,rectangle,626,187,29876,confirmed,0.956
939,21,circle,1359,181,29091,confirmed,1.0
939,22,trapezoid,149,723,26884,confirmed,0.545
939,23,triangle,636,804,20948,confirmed,0.875
940,10,pentagon,1508,252,36684,confirmed,1.0
940,19,rectangle,649,159,29899,confirmed,0.956
940,21,circle,1290,176,32675,confirmed,1.0
940,22,trapezoid,166,672,25395,confirmed,0.5
940,23,triangle,691,788,20942,confirmed,0.889
941,10,pentagon,1597,262,36527,confirmed,1.0
941,19,rectangle,676,130,29995,confirmed,0.956
941,21,circle,1241,166,32665,confirmed,1.0
941,22,trapezoid,179,631,25373,confirmed,0.538
941,23,triangle,742,768,20710,confirmed,0.9
942,10,pentagon,1674,280,36505,confirmed,1.0
942,19,rectangle,704,102,29805,confirmed,0.956
942,21,circle,1198,157,32650,confirmed,1.0
942,22,trapezoid,194,594,19076,confirmed,0.538
942,23,triangle,791,747,21008,confirmed,0.909
943,10,pentagon,1735,311,36642,confirmed,1.0
943,19,rectangle,737,80,26538,confirmed,0.956
943,21,circle,1155,151,32672,confirmed,1.0
943,22,trapezoid,211,558,26677,confirmed,0.538
943,23,triangle,836,723,20822,confirmed,0.917
944,10,pentagon,1780,349,36692,confirmed,1.0
944,19,rectangle,778,65,24316,confirmed,0.956
944,21,circle,1111,147,32645,confirmed,1.0
944,22,trapezoid,233,523,26980,confirmed,0.538
944,23,triangle,881,699,20722,confirmed,0.923
945,10,pentagon,1825,383,36639,confirmed,1.0
945,19,rectangle,821,63,27054,confirmed,0.956
945,21,circle,1067,145,32673,confirmed,1.0
945,22,trapezoid,261,488,26048,confirmed,0.571
945,23,triangle,913,670,20814,confirmed,0.929
946,10,pentagon,1858,422,35434,confirmed,1.0
946,19,rectangle,862,72,28741,confirmed,0.956
946,21,circle,1025,145,32654,confirmed,1.0
946,22,trapezoid,286,453,26463,confirmed,0.571
946,23,triangle,941,639,20811,confirmed,0.933
947,10,pentagon,1876,463,35896,confirmed,1.0
947,19,rectangle,903,71,28741,coasting,0.956
947,21,circle,985,155,32669,confirmed,1.0
947,22,trapezoid,309,419,27178,confirmed,0.571
947,23,triangle,968,609,20938,confirmed,0.938
948,10,pentagon,1881,508,33531,confirmed,1.0
948,19,rectangle,939,70,28741,coasting,0.956
948,21,circle,945,161,35359,confirmed,1.0
948,22,trapezoid,330,382,26806,confirmed,0.533
948,23,triangle,992,577,20796,confirmed,0.941
949,10,pentagon,1877,555,32702,confirmed,1.0
949,19,rectangle,971,69,28741,coasting,0.956
949,21,circle,930,179,45893,confirmed,1.0
949,22,trapezoid,352,346,19697,confirmed,0.533
949,23,triangle,1014,544,20853,confirmed,0.944
950,10,pentagon,1870,594,39948,confirmed,1.0
950,19,rectangle,1008,116,28229,confirmed,0.956
950,21,circle,875,191,32676,confirmed,1.0
950,22,trapezoid,376,313,18712,confirmed,0.533
950,23,triangle,1031,511,20679,confirmed,0.947
951,10,pentagon,1856,642,34372,confirmed,1.0
951,19,rectangle,1062,206,29844,confirmed,0.956
951,21,circle,833,206,32690,confirmed,1.0
951,22,trapezoid,406,275,26158,confirmed,0.5
951,23,triangle,1043,476,20690,confirmed,0.95
952,10,pentagon,1839,689,36942,confirmed,1.0
952,19,rectangle,1111,245,29155,confirmed,0.933
952,21,circle,801,224,32686,confirmed,1.0
952,22,trapezoid,434,239,28008,confirmed,0.5
952,23,triangle,1052,442,20658,confirmed,0.952
953,10,pentagon,1789,732,36536,confirmed,1.0
953,19,rectangle,1156,268,29250,confirmed,0.911
953,21,circle,774,244,32663,confirmed,1.0
953,22,trapezoid,459,206,26847,confirmed,0.529
953,23,triangle,1059,408,20663,confirmed,0.955
954,10,pentagon,1729,762,36447,confirmed,1.0
954,19,rectangle,1199,289,29564,confirmed,0.889
954,21,circle,753,266,32671,confirmed,1.0
954,22,trapezoid,464,230,26791,confirmed,0.556
954,23,triangle,1063,374,20753,confirmed,0.957
955,10,pentagon,1675,793,36860,confirmed,1.0
955,19,rectangle,1238,309,29698,confirmed,0.889
955,21,circle,733,288,32680,confirmed,1.0
955,22,trapezoid,464,245,30809,confirmed,0.556
955,23,triangle,1065,340,20797,confirmed,0.958
956,10,pentagon,1592,798,36535,confirmed,1.0
956,19,rectangle,1277,331,29830,confirmed,0.889
956,21,circle,716,311,32680,confirmed,1.0
956,22,trapezoid,466,277,19922,confirmed,0.556
956,23,triangle,1067,306,20823,confirmed,0.96
957,10,pentagon,1511,796,36493,confirmed,1.0
957,19,rectangle,1290,353,29906,confirmed,0.889
957,21,circle,700,334,32660,confirmed,1.0
957,22,trapezoid,464,318,20160,confirmed,0.556
957,23,triangle,1063,272,20848,confirmed,0.962
958,10,pentagon,1435,783,36538,confirmed,1.0
958,19,rectangle,1317,378,29969,confirmed,0.889
958,21,circle,688,359,32647,confirmed,1.0
958,22,trapezoid,460,366,21642,confirmed,0.556
958,23,triangle,1057,238,20916,confirmed,0.963
959,10,pentagon,1368,759,36710,confirmed,1.0
959,19,rectangle,1350,403,29853,confirmed,0.889
959,21,circle,677,383,32692,confirmed,1.0
959,22,trapezoid,449,428,26142,confirmed,0.579
959,23,triangle,1052,204,20931,confirmed,0.964
960,10,pentagon,1305,737,36862,confirmed,1.0
960,19,rectangle,1387,428,29994,confirmed,0.889
960,21,circle,670,407,32674,confirmed,1.0
960,22,trapezoid,441,477,27975,confirmed,0.579
960,23,triangle,1042,170,20886,confirmed,0.966
961,10,pentagon,1267,694,36570,confirmed,1.0
961,19,rectangle,1428,450,29882,confirmed,0.889
961,21,circle,665,432,32678,confirmed,1.0
961,22,trapezoid,438,521,19937,confirmed,0.579
961,23,triangle,1014,139,20714,confirmed,0.967
962,10,pentagon,1229,653,36541,confirmed,1.0
962,19,rectangle,1476,467,29902,confirmed,0.889
962,21,circle,663,457,32656,confirmed,1.0
962,22,trapezoid,436,562,19218,confirmed,0.579
962,23,triangle,959,130,20824,confirmed,0.968
963,10,pentagon,1188,616,37038,confirmed,1.0
963,19,rectangle,1530,478,29931,confirmed,0.889
963,21,circle,665,481,32657,confirmed,1.0
963,22,trapezoid,442,590,26532,confirmed,0.6
963,23,triangle,906,148,20952,confirmed,0.969
964,10,pentagon,1153,577,36573,confirmed,1.0
964,19,rectangle,1585,488,29887,confirmed,0.889
964,21,circle,670,506,32670,confirmed,1.0
964,22,trapezoid,441,625,26356,confirmed,0.6
964,23,triangle,866,178,20958,confirmed,0.97
965,10,pentagon,1116,538,36516,confirmed,1.0
965,19,rectangle,1642,489,29901,confirmed,0.889
965,21,circle,679,530,32649,confirmed,1.0
965,22,trapezoid,443,662,26584,confirmed,0.6
965,23,triangle,854,215,21035,confirmed,0.971
966,10,pentagon,1080,501,36560,confirmed,1.0
966,19,rectangle,1698,486,29987,confirmed,0.911
966,21,circle,692,554,32674,confirmed,1.0
966,22,trapezoid,447,698,25590,confirmed,0.6
966,23,triangle,856,251,21016,confirmed,0.971
967,10,pentagon,1047,461,36412,confirmed,1.0
967,19,rectangle,1755,480,29978,confirmed,0.933
967,21,circle,709,577,32656,confirmed,1.0
967,22,trapezoid,449,737,27058,confirmed,0.6
967,23,triangle,866,287,20999,confirmed,0.972
968,10,pentagon,1015,422,36540,confirmed,1.0
968,19,rectangle,1810,472,29960,confirmed,0.933
968,21,circle,732,599,32648,confirmed,1.0
968,22,trapezoid,453,776,26816,confirmed,0.6
968,23,triangle,875,314,18278,confirmed,0.946
969,10,pentagon,985,381,37755,confirmed,1.0
969,19,rectangle,1862,465,26492,confirmed,0.933
969,21,circle,760,618,32661,confirmed,1.0
969,22,trapezoid,458,815,27092,confirmed,0.6
969,23,triangle,878,345,18278,coasting,0.946
970,10,pentagon,952,344,36774,confirmed,1.0
970,19,rectangle,1904,455,15638,confirmed,0.933
970,21,circle,794,635,32658,confirmed,1.0
970,22,trapezoid,468,852,26125,confirmed,0.571
970,23,triangle,881,372,18278,coasting,0.946
971,10,pentagon,914,307,36560,confirmed,1.0
971,19,rectangle,1952,447,15638,coasting,0.933
971,21,circle,831,648,32649,confirmed,1.0
971,22,trapezoid,477,879,26598,confirmed,0.591
971,23,triangle,884,397,18278,coasting,0.946
972,10,pentagon,865,274,36651,confirmed,1.0
972,21,circle,873,656,32658,confirmed,1.0
972,22,trapezoid,486,888,18168,confirmed,0.591
972,23,triangle,964,439,20718,confirmed,0.947
973,10,pentagon,815,243,36816,confirmed,1.0
973,21,circle,917,659,32655,confirmed,1.0
973,22,trapezoid,497,822,26093,confirmed,0.609
973,23,triangle,1015,472,20688,confirmed,0.949
974,10,pentagon,735,251,36520,confirmed,1.0
974,21,circle,962,661,32685,confirmed,1.0
974,22,trapezoid,504,770,26372,confirmed,0.625
974,23,triangle,1055,500,20161,confirmed,0.95
975,10,pentagon,675,282,36551,confirmed,1.0
975,21,circle,1004,657,32658,confirmed,1.0
975,22,trapezoid,511,727,26814,confirmed,0.64
975,23,triangle,1098,527,18031,confirmed,0.95
976,10,pentagon,623,318,36528,confirmed,1.0
976,21,circle,1044,647,32652,confirmed,1.0
976,22,trapezoid,524,685,25443,confirmed,0.615
976,23,triangle,1143,550,14967,confirmed,0.95
977,10,pentagon,569,344,38001,confirmed,1.0
977,21,circle,1083,635,32677,confirmed,1.0
977,22,trapezoid,535,646,26361,confirmed,0.615
977,23,triangle,1187,576,14967,coasting,0.95
978,10,pentagon,515,381,36601,confirmed,1.0
978,21,circle,1122,622,32654,confirmed,1.0
978,22,trapezoid,543,610,25750,confirmed,0.593
978,23,triangle,1226,600,14967,coasting,0.95
979,10,pentagon,460,413,36632,confirmed,1.0
979,21,circle,1173,610,46215,confirmed,1.0
979,22,trapezoid,552,574,25742,confirmed,0.593
979,23,triangle,1262,621,14967,coasting,0.95
980,10,pentagon,406,444,36947,confirmed,1.0
980,21,circle,1221,599,48999,confirmed,1.0
980,22,trapezoid,571,537,23236,confirmed,0.571
980,23,triangle,1301,639,18798,confirmed,0.95
981,10,pentagon,353,475,36504,confirmed,1.0
981,21,circle,1212,567,32671,confirmed,1.0
981,22,trapezoid,580,500,20007,confirmed,0.571
981,23,triangle,1366,647,20832,confirmed,0.951
982,10,pentagon,300,507,37268,confirmed,1.0
982,21,circle,1216,540,32677,confirmed,1.0
982,22,trapezoid,588,464,19827,confirmed,0.571
982,23,triangle,1423,636,20744,confirmed,0.952
983,10,pentagon,250,540,36702,confirmed,1.0
983,21,circle,1224,514,32667,confirmed,1.0
983,22,trapezoid,595,424,26040,confirmed,0.586
983,23,triangle,1475,617,21034,confirmed,0.953
984,10,pentagon,214,577,36654,confirmed,1.0
984,21,circle,1231,490,32672,confirmed,1.0
984,22,trapezoid,602,386,26751,confirmed,0.586
984,23,triangle,1523,594,20782,confirmed,0.955
985,10,pentagon,184,614,36438,confirmed,1.0
985,21,circle,1234,465,32651,confirmed,1.0
985,22,trapezoid,610,349,27118,confirmed,0.586
985,23,triangle,1567,568,20792,confirmed,0.956
986,10,pentagon,199,655,36639,confirmed,1.0
986,21,circle,1235,440,32658,confirmed,1.0
986,22,trapezoid,620,312,19299,confirmed,0.586
986,23,triangle,1604,542,20985,confirmed,0.978
987,10,pentagon,234,694,36622,confirmed,1.0
987,21,circle,1233,415,32669,confirmed,1.0
987,22,trapezoid,630,275,26898,confirmed,0.586
987,23,triangle,1634,512,20821,confirmed,0.978
988,10,pentagon,302,713,36617,confirmed,1.0
988,21,circle,1228,391,32694,confirmed,1.0
988,22,trapezoid,641,238,26750,confirmed,0.586
988,23,triangle,1664,483,21022,confirmed,0.978
988,24,rectangle,1856,75,20364,confirmed,0.0
989,10,pentagon,381,719,36463,confirmed,1.0
989,21,circle,1220,366,32660,confirmed,1.0
989,22,trapezoid,654,200,28252,confirmed,0.586
989,23,triangle,1694,453,20861,confirmed,0.978
989,24,rectangle,1815,72,19990,confirmed,0.0
990,10,pentagon,462,719,36561,confirmed,1.0
990,21,circle,1209,342,32654,confirmed,1.0
990,22,trapezoid,663,162,26715,confirmed,0.6
990,23,triangle,1723,422,20654,confirmed,0.978
990,24,rectangle,1761,69,19867,confirmed,0.0
991,10,pentagon,540,718,36538,confirmed,1.0
991,21,circle,1196,318,32652,confirmed,1.0
991,22,trapezoid,676,123,26278,confirmed,0.613
991,23,triangle,1752,394,20991,confirmed,0.978
991,24,rectangle,1704,70,21578,confirmed,0.0
992,10,pentagon,615,708,36568,confirmed,1.0
992,21,circle,1181,295,32675,confirmed,1.0
992,22,trapezoid,685,86,19642,confirmed,0.613
992,23,triangle,1780,364,20948,confirmed,0.978
992,24,rectangle,1643,73,23173,confirmed,0.0
993,10,pentagon,686,692,36587,confirmed,1.0
993,21,circle,1162,272,32649,confirmed,1.0
993,22,trapezoid,686,106,26590,confirmed,0.625
993,23,triangle,1803,333,20753,confirmed,0.978
993,24,rectangle,1581,78,24178,confirmed,0.0
994,10,pentagon,745,665,36595,confirmed,1.0
994,21,circle,1141,251,32663,confirmed,1.0
994,22,trapezoid,689,119,26679,confirmed,0.625
994,23,triangle,1825,301,20819,confirmed,0.978
994,24,rectangle,1519,84,25404,confirmed,0.0
995,10,pentagon,796,632,36538,confirmed,1.0
995,21,circle,1116,230,32668,confirmed,1.0
995,22,trapezoid,689,148,27284,confirmed,0.625
995,23,triangle,1843,269,20494,confirmed,0.978
995,24,rectangle,1459,90,26600,confirmed,0.0
996,10,pentagon,845,600,36760,confirmed,1.0
996,21,circle,1086,211,32640,confirmed,1.0
996,22,trapezoid,685,222,21160,confirmed,0.606
996,23,triangle,1858,236,19609,confirmed,0.978
996,24,rectangle,1402,96,28048,confirmed,0.0
997,10,pentagon,895,568,36646,confirmed,1.0
997,21,circle,1053,195,32661,confirmed,1.0
997,22,trapezoid,684,273,26877,confirmed,0.618
997,23,triangle,1869,202,17917,confirmed,0.978
997,24,rectangle,1348,102,30019,confirmed,0.0
998,10,pentagon,945,535,47039,confirmed,1.0
998,21,circle,1016,182,32653,confirmed,1.0
998,22,trapezoid,683,312,25812,confirmed,0.6
998,23,triangle,1880,168,14544,confirmed,0.978
998,24,rectangle,1310,121,29972,confirmed,1.0
999,10,pentagon,995,504,36637,confirmed,1.0
999,21,circle,977,170,32675,confirmed,1.0
999,22,trapezoid,683,354,27229,confirmed,0.6
999,23,triangle,1891,142,7973,confirmed,0.978
999,24,rectangle,1271,143,29769,confirmed,1.0
1000,10,pentagon,1046,473,36602,confirmed,1.0
1000,21,circle,935,160,32696,confirmed,1.0
1000,22,trapezoid,681,394,26317,confirmed,0.6
1000,23,triangle,1902,112,7973,coasting,0.978
1000,24,rectangle,1238,168,29950,confirmed,1.0
1001,10,pentagon,1097,441,36442,confirmed,1.0
1001,21,circle,894,150,32659,confirmed,1.0
1001,22,trapezoid,681,426,25849,confirmed,0.583
1001,23,triangle,1913,85,7973,coasting,0.978
1001,24,rectangle,1212,196,29989,confirmed,1.0
1002,10,pentagon,1149,408,37381,confirmed,1.0
1002,21,circle,854,140,32673,confirmed,1.0
1002,22,trapezoid,681,464,26939,confirmed,0.583
1002,23,triangle,1922,61,7973,coasting,0.978
1002,24,rectangle,1199,220,27300,confirmed,0.8
1003,10,pentagon,1201,376,37223,confirmed,1.0
1003,21,circle,814,132,32671,confirmed,1.0
1003,22,trapezoid,682,502,21780,confirmed,0.583
1003,23,triangle,1931,39,7973,coasting,0.978
1003,24,rectangle,1181,238,17646,confirmed,0.8
1004,10,pentagon,1250,347,36622,confirmed,1.0
1004,21,circle,772,135,32672,confirmed,1.0
1004,22,trapezoid,683,541,20949,confirmed,0.568
1004,23,triangle,1939,19,7973,coasting,0.978
1004,24,rectangle,1161,259,17646,coasting,0.8
1005,10,pentagon,1299,316,36578,confirmed,1.0
1005,21,circle,728,141,32669,confirmed,1.0
1005,22,trapezoid,685,580,27206,confirmed,0.568
1005,23,triangle,1946,1,7973,coasting,0.978
1005,24,rectangle,1143,278,17646,coasting,0.8
1006,10,pentagon,1347,283,36461,confirmed,1.0
1006,21,circle,684,147,32650,confirmed,1.0
1006,22,trapezoid,688,618,27793,confirmed,0.568
1006,23,triangle,1952,-14,7973,coasting,0.978
1006,24,rectangle,1181,345,27093,confirmed,0.667
1007,10,pentagon,1397,253,36560,confirmed,1.0
1007,21,circle,641,152,32687,confirmed,1.0
1007,22,trapezoid,689,656,26937,confirmed,0.568
1007,23,triangle,1957,-29,7973,coasting,0.978
1007,24,rectangle,1211,382,29823,confirmed,0.714
1008,10,pentagon,1456,233,36622,confirmed,1.0
1008,21,circle,600,162,32673,confirmed,1.0
1008,22,trapezoid,691,693,27008,confirmed,0.568
1008,23,triangle,1962,-42,7973,coasting,0.978
1008,24,rectangle,1236,412,29978,confirmed,0.75
1009,10,pentagon,1522,246,36730,confirmed,1.0
1009,21,circle,564,176,32686,confirmed,1.0
1009,22,trapezoid,690,730,26807,confirmed,0.579
1009,23,triangle,1967,-53,7973,coasting,0.978
1009,24,rectangle,1263,440,29819,confirmed,0.778
1010,10,pentagon,1589,269,36662,confirmed,1.0
1010,21,circle,538,197,32685,confirmed,1.0
1010,22,trapezoid,689,767,26183,confirmed,0.59
1010,24,rectangle,1294,465,29903,confirmed,0.8
1011,10,pentagon,1655,293,36473,confirmed,1.0
1011,21,circle,517,219,32696,confirmed,1.0
1011,22,trapezoid,690,805,26960,confirmed,0.59
1011,24,rectangle,1330,487,29835,confirmed,0.818
1012,10,pentagon,1712,317,37197,confirmed,1.0
1012,21,circle,500,242,32679,confirmed,1.0
1012,22,trapezoid,698,843,26305,confirmed,0.6
1012,24,rectangle,1376,503,29962,confirmed,0.833
1013,10,pentagon,1761,347,36719,confirmed,1.0
1013,21,circle,487,266,32690,confirmed,1.0
1013,22,trapezoid,703,881,26716,confirmed,0.6
1013,24,rectangle,1429,511,29891,confirmed,0.846
1014,10,pentagon,1784,396,36670,confirmed,1.0
1014,21,circle,475,291,32677,confirmed,1.0
1014,22,trapezoid,709,914,26745,confirmed,0.6
1014,24,rectangle,1486,511,29761,confirmed,0.857
1015,10,pentagon,1801,441,36894,confirmed,1.0
1015,21,circle,462,314,32662,confirmed,1.0
1015,22,trapezoid,715,919,27715,confirmed,0.6
1015,24,rectangle,1542,509,29933,confirmed,0.867
1016,10,pentagon,1823,482,36362,confirmed,1.0
1016,21,circle,454,339,32682,confirmed,1.0
1016,22,trapezoid,726,900,26804,confirmed,0.6
1016,24,rectangle,1598,506,29832,confirmed,0.875
1017,10,pentagon,1841,524,34954,confirmed,1.0
1017,21,circle,449,364,32658,confirmed,1.0
1017,22,trapezoid,747,813,20620,confirmed,0.585
1017,24,rectangle,1651,505,29713,confirmed,0.882
1018,10,pentagon,1853,565,33120,confirmed,1.0
1018,21,circle,447,388,32652,confirmed,1.0
1018,22,trapezoid,764,753,26005,confirmed,0.571
1018,24,rectangle,1705,504,25627,confirmed,0.882
1019,10,pentagon,1860,606,32012,confirmed,1.0
1019,21,circle,445,413,32636,confirmed,1.0
1019,22,trapezoid,778,708,19650,confirmed,0.571
1019,24,rectangle,1756,502,21663,confirmed,0.882
1020,10,pentagon,1858,648,33751,confirmed,1.0
1020,21,circle,444,438,32665,confirmed,1.0
1020,22,trapezoid,791,666,20571,confirmed,0.571
1020,24,rectangle,1809,497,19316,confirmed,0.882
1021,10,pentagon,1845,688,36531,confirmed,1.0
1021,21,circle,452,462,32658,confirmed,1.0
1021,22,trapezoid,801,635,26920,confirmed,0.581
1021,24,rectangle,1862,500,20849,confirmed,0.882
1022,10,pentagon,1785,722,36702,confirmed,1.0
1022,21,circle,465,486,32655,confirmed,1.0
1022,22,trapezoid,812,601,20118,confirmed,0.581
1022,24,rectangle,1903,515,15749,confirmed,0.882
1023,10,pentagon,1727,753,36468,confirmed,1.0
1023,21,circle,481,509,32662,confirmed,1.0
1023,22,trapezoid,821,564,26975,confirmed,0.591
1023,24,rectangle,1950,522,15749,coasting,0.882
1024,10,pentagon,1666,777,36534,confirmed,1.0
1024,21,circle,508,529,32664,confirmed,1.0
1024,22,trapezoid,832,528,26765,confirmed,0.591
1025,10,pentagon,1598,796,36561,confirmed,1.0
1025,21,circle,548,539,32671,confirmed,1.0
1025,22,trapezoid,839,489,26444,confirmed,0.578
1026,10,pentagon,1534,811,38221,confirmed,1.0
1026,21,circle,590,533,32681,confirmed,1.0
1026,22,trapezoid,850,450,26332,confirmed,0.578
1026,25,triangle,1722,807,20771,confirmed,1.0
1027,10,pentagon,1455,801,36652,confirmed,1.0
1027,21,circle,625,516,32661,confirmed,1.0
1027,22,trapezoid,859,412,27029,confirmed,0.578
1027,25,triangle,1689,778,21012,confirmed,1.0
1028,10,pentagon,1387,781,36558,confirmed,1.0
1028,21,circle,654,495,32656,confirmed,1.0
1028,22,trapezoid,868,376,20282,confirmed,0.578
1028,25,triangle,1670,745,20896,confirmed,1.0
1029,10,pentagon,1321,763,32698,confirmed,1.0
1029,21,circle,680,473,32661,confirmed,1.0
1029,22,trapezoid,880,336,25865,confirmed,0.556
1029,25,triangle,1656,712,20812,confirmed,1.0
1030,10,pentagon,1279,722,36574,confirmed,1.0
1030,21,circle,704,451,32675,confirmed,1.0
1030,22,trapezoid,886,296,25001,confirmed,0.533
1030,25,triangle,1644,679,20809,confirmed,1.0
1031,10,pentagon,1238,685,36727,confirmed,1.0
1031,21,circle,723,429,32665,confirmed,1.0
1031,22,trapezoid,895,269,18590,confirmed,0.533
1031,25,triangle,1638,646,20920,confirmed,1.0
1032,10,pentagon,1198,648,36467,confirmed,1.0
1032,21,circle,726,405,32664,confirmed,1.0
1032,22,trapezoid,905,232,27150,confirmed,0.533
1032,25,triangle,1631,614,21015,confirmed,1.0
1033,10,pentagon,1160,612,36565,confirmed,1.0
1033,21,circle,725,380,32661,confirmed,1.0
1033,22,trapezoid,910,188,26290,confirmed,0.533
1033,25,triangle,1623,580,20720,confirmed,1.0
1034,10,pentagon,1122,576,37104,confirmed,1.0
1034,21,circle,723,354,32658,confirmed,1.0
1034,22,trapezoid,918,150,18606,confirmed,0.533
1034,25,triangle,1612,548,20715,confirmed,1.0
1035,10,pentagon,1087,541,36536,confirmed,1.0
1035,21,circle,723,329,32677,confirmed,1.0
1035,22,trapezoid,914,133,25559,confirmed,0.511
1035,25,triangle,1598,517,21030,confirmed,1.0
1036,10,pentagon,1052,505,36456,confirmed,1.0
1036,21,circle,722,305,32652,confirmed,1.0
1036,22,trapezoid,917,104,26473,confirmed,0.511
1036,25,triangle,1583,486,20923,confirmed,1.0
1037,10,pentagon,1016,468,37550,confirmed,1.0
1037,21,circle,721,280,32658,confirmed,1.0
1037,22,trapezoid,921,82,26015,confirmed,0.511
1037,25,triangle,1566,454,20770,confirmed,1.0
1038,10,pentagon,980,434,36816,confirmed,1.0
1038,21,circle,720,255,32657,confirmed,1.0
1038,22,trapezoid,925,82,27698,confirmed,0.511
1038,25,triangle,1548,424,20941,confirmed,1.0
1039,10,pentagon,943,398,36865,confirmed,0.978
1039,21,circle,717,230,32646,confirmed,1.0
1039,22,trapezoid,929,148,26940,confirmed,0.533
1039,25,triangle,1529,392,20683,confirmed,1.0
1040,10,pentagon,906,363,36567,confirmed,0.978
1040,21,circle,709,206,32659,confirmed,1.0
1040,22,trapezoid,936,183,22022,confirmed,0.533
1040,25,triangle,1509,362,20818,confirmed,1.0
1041,10,pentagon,865,329,36417,confirmed,0.978
1041,21,circle,698,182,32670,confirmed,1.0
1041,22,trapezoid,941,214,22022,coasting,0.533
1041,25,triangle,1486,332,20773,confirmed,1.0
1042,10,pentagon,809,303,36444,confirmed,0.978
1042,21,circle,680,157,31919,confirmed,1.0
1042,22,trapezoid,955,258,6549,confirmed,0.533
1042,25,triangle,1460,303,20927,confirmed,1.0
1042,26,rectangle,1867,1009,18610,confirmed,0.0
1043,10,pentagon,754,279,36684,confirmed,0.978
1043,21,circle,656,130,29328,confirmed,1.0
1043,22,trapezoid,936,315,24594,confirmed,0.556
1043,25,triangle,1432,276,20990,confirmed,1.0
1043,26,rectangle,1834,1015,16923,confirmed,0.0
1044,10,pentagon,678,291,36476,confirmed,0.978
1044,21,circle,636,107,30744,confirmed,1.0
1044,22,trapezoid,919,359,26739,confirmed,0.578
1044,25,triangle,1401,248,20896,confirmed,1.0
1044,26,rectangle,1786,1020,17092,confirmed,0.0
1045,10,pentagon,620,319,36823,confirmed,0.978
1045,21,circle,616,87,32156,confirmed,1.0
1045,22,trapezoid,909,402,20742,confirmed,0.578
1045,25,triangle,1366,222,20688,confirmed,1.0
1045,26,rectangle,1727,1023,17353,confirmed,0.0
1046,10,pentagon,572,355,36484,confirmed,0.978
1046,21,circle,593,71,29779,confirmed,1.0
1046,22,trapezoid,909,440,21749,confirmed,0.578
1046,25,triangle,1320,202,20754,confirmed,1.0
1046,26,rectangle,1663,1023,17889,confirmed,0.0
1047,10,pentagon,521,382,32566,confirmed,0.978
1047,21,circle,568,59,26584,confirmed,1.0
1047,22,trapezoid,905,478,27169,confirmed,0.578
1047,25,triangle,1268,189,20931,confirmed,1.0
1047,26,rectangle,1598,1021,18509,confirmed,0.0
1048,10,pentagon,481,421,36500,confirmed,0.978
1048,21,circle,537,50,24319,confirmed,1.0
1048,22,trapezoid,901,512,26735,confirmed,0.578
1048,25,triangle,1213,194,20717,confirmed,1.0
1048,26,rectangle,1534,1017,19959,confirmed,0.0
1049,10,pentagon,436,456,36739,confirmed,0.978
1049,21,circle,501,46,23031,confirmed,1.0
1049,22,trapezoid,897,548,26814,confirmed,0.578
1049,25,triangle,1164,214,20891,confirmed,1.0
1049,26,rectangle,1478,1009,23171,confirmed,0.0
1050,10,pentagon,391,487,36620,confirmed,0.978
1050,21,circle,459,47,24035,confirmed,1.0
1050,22,trapezoid,894,586,27064,confirmed,0.578
1050,25,triangle,1124,239,20917,confirmed,1.0
1050,26,rectangle,1435,998,26903,confirmed,0.0
1051,10,pentagon,349,521,36573,confirmed,0.978
1051,21,circle,416,52,26479,confirmed,1.0
1051,22,trapezoid,891,624,26813,confirmed,0.578
1051,25,triangle,1090,267,20865,confirmed,1.0
1051,26,rectangle,1403,982,29741,confirmed,0.0
1052,10,pentagon,323,557,36607,confirmed,0.978
1052,21,circle,378,63,29721,confirmed,1.0
1052,22,trapezoid,888,662,27103,confirmed,0.578
1052,25,triangle,1062,296,20855,confirmed,1.0
1052,26,rectangle,1401,949,30026,confirmed,1.0
1053,10,pentagon,322,597,36599,confirmed,0.978
1053,21,circle,346,79,32218,confirmed,1.0
1053,22,trapezoid,886,700,26966,confirmed,0.578
1053,25,triangle,1041,327,20923,confirmed,1.0
1053,26,rectangle,1377,923,29951,confirmed,1.0
1054,10,pentagon,361,630,36558,confirmed,0.978
1054,21,circle,333,112,32654,confirmed,1.0
1054,22,trapezoid,886,738,27049,confirmed,0.578
1054,25,triangle,1023,357,20866,confirmed,1.0
1054,26,rectangle,1340,901,29860,confirmed,1.0
1055,10,pentagon,428,647,36452,confirmed,0.978
1055,21,circle,317,139,32663,confirmed,1.0
1055,22,trapezoid,885,777,20711,confirmed,0.578
1055,25,triangle,1006,388,20738,confirmed,1.0
1055,26,rectangle,1301,880,29951,confirmed,1.0
1056,10,pentagon,504,656,36529,confirmed,0.978
1056,21,circle,299,162,32661,confirmed,1.0
1056,22,trapezoid,889,815,27053,confirmed,0.578
1056,25,triangle,994,420,20868,confirmed,1.0
1056,26,rectangle,1256,865,29974,confirmed,1.0
1057,10,pentagon,573,660,42153,confirmed,0.978
1057,21,circle,280,184,32666,confirmed,1.0
1057,22,trapezoid,900,852,26983,confirmed,0.578
1057,25,triangle,984,452,20995,confirmed,1.0
1057,26,rectangle,1205,855,29855,confirmed,1.0
1058,10,pentagon,652,661,36617,confirmed,0.978
1058,21,circle,261,207,32691,confirmed,1.0
1058,22,trapezoid,925,826,26538,confirmed,0.578
1058,25,triangle,976,482,20719,confirmed,1.0
1058,26,rectangle,1153,849,29910,confirmed,1.0
1059,10,pentagon,726,660,36476,confirmed,0.978
1059,21,circle,242,229,32642,confirmed,1.0
1059,22,trapezoid,940,812,27146,confirmed,0.578
1059,25,triangle,968,514,20789,confirmed,1.0
1059,26,rectangle,1104,845,28079,confirmed,1.0
1060,10,pentagon,797,655,36561,confirmed,0.978
1060,21,circle,223,252,32672,confirmed,1.0
1060,22,trapezoid,963,750,22827,confirmed,0.556
1060,25,triangle,964,543,19963,confirmed,0.972
1060,26,rectangle,1049,873,23408,confirmed,1.0
1061,10,pentagon,868,648,36616,confirmed,0.978
1061,21,circle,208,275,32681,confirmed,1.0
1061,22,trapezoid,982,718,22827,coasting,0.556
1061,25,triangle,957,574,19963,coasting,0.972
1061,26,rectangle,996,870,29342,confirmed,1.0
1062,10,pentagon,936,635,36598,confirmed,0.978
1062,21,circle,197,299,32661,confirmed,1.0
1062,22,trapezoid,999,688,22827,coasting,0.556
1062,25,triangle,951,601,19963,coasting,0.972
1062,26,rectangle,945,873,29891,confirmed,1.0
1063,10,pentagon,998,621,38301,confirmed,0.978
1063,21,circle,188,324,32687,confirmed,1.0
1063,22,trapezoid,1015,661,22827,coasting,0.556
1063,25,triangle,945,626,19963,coasting,0.972
1063,26,rectangle,897,884,29921,confirmed,1.0
1064,10,pentagon,1042,584,36601,confirmed,0.978
1064,21,circle,179,348,32686,confirmed,1.0
1064,22,trapezoid,1029,637,22827,coasting,0.556
1064,25,triangle,940,648,19963,coasting,0.972
1064,26,rectangle,853,901,29692,confirmed,1.0
1065,10,pentagon,1083,548,36467,confirmed,0.978
1065,21,circle,172,373,32681,confirmed,1.0
1065,22,trapezoid,1042,616,22827,coasting,0.556
1065,25,triangle,924,700,20107,confirmed,0.946
1065,26,rectangle,814,920,29874,confirmed,1.0
1066,10,pentagon,1127,517,36833,confirmed,0.978
1066,21,circle,167,397,32666,confirmed,1.0
1066,22,trapezoid,1053,596,22827,coasting,0.556
1066,25,triangle,908,734,20909,confirmed,0.947
1066,26,rectangle,773,938,29823,confirmed,1.0
1067,10,pentagon,1168,484,37264,confirmed,0.978
1067,21,circle,166,422,32666,confirmed,1.0
1067,22,trapezoid,1038,542,14053,confirmed,0.556
1067,25,triangle,888,765,20995,confirmed,0.949
1067,26,rectangle,729,955,29874,confirmed,1.0
1068,10,pentagon,1206,450,36542,confirmed,0.978
1068,21,circle,173,446,32690,confirmed,1.0
1068,22,trapezoid,1028,483,11614,confirmed,0.556
1068,25,triangle,856,790,20825,confirmed,0.95
1068,26,rectangle,686,972,30194,confirmed,1.0
1069,10,pentagon,1246,416,36509,confirmed,0.978
1069,21,circle,191,469,32687,confirmed,1.0
1069,22,trapezoid,1028,424,22733,confirmed,0.556
1069,25,triangle,807,804,20720,confirmed,0.951
1069,26,rectangle,643,987,27828,confirmed,1.0
1070,10,pentagon,1288,385,36731,confirmed,0.978
1070,21,circle,222,487,32654,confirmed,1.0
1070,22,trapezoid,1044,368,26870,confirmed,0.556
1070,25,triangle,751,808,20711,confirmed,0.952
1070,26,rectangle,599,998,25711,confirmed,1.0
1071,10,pentagon,1331,353,36519,confirmed,0.978
1071,21,circle,264,495,32650,confirmed,1.0
1071,22,trapezoid,1064,320,18098,confirmed,0.556
1071,25,triangle,693,806,20803,confirmed,0.953
1071,26,rectangle,553,1005,24810,confirmed,1.0
1072,10,pentagon,1374,322,36697,confirmed,0.978
1072,21,circle,309,496,32664,confirmed,1.0
1072,22,trapezoid,1087,278,19210,confirmed,0.556
1072,25,triangle,637,797,20685,confirmed,0.955
1072,26,rectangle,503,1007,24893,confirmed,1.0
1073,10,pentagon,1417,292,37902,confirmed,0.978
1073,21,circle,353,491,32663,confirmed,1.0
1073,22,trapezoid,1110,238,26796,confirmed,0.556
1073,25,triangle,592,778,20699,confirmed,0.956
1073,26,rectangle,451,1005,25464,confirmed,1.0
1074,10,pentagon,1473,266,36492,confirmed,0.978
1074,21,circle,390,477,32663,confirmed,1.0
1074,22,trapezoid,1131,205,19394,confirmed,0.556
1074,25,triangle,565,751,20667,confirmed,0.956
1074,26,rectangle,400,999,27212,confirmed,1.0
1075,10,pentagon,1536,247,36489,confirmed,0.978
1075,21,circle,426,461,32687,confirmed,1.0
1075,22,trapezoid,1150,171,19818,confirmed,0.556
1075,25,triangle,550,719,20695,confirmed,0.956
1075,26,rectangle,350,990,29170,confirmed,1.0
1076,10,pentagon,1605,237,36575,confirmed,0.978
1076,21,circle,457,443,32688,confirmed,1.0
1076,22,trapezoid,1167,137,19443,confirmed,0.556
1076,25,triangle,542,688,20810,confirmed,0.956
1076,26,rectangle,305,969,29883,confirmed,1.0
1077,10,pentagon,1676,235,36548,confirmed,0.978
1077,21,circle,481,421,32689,confirmed,1.0
1077,22,trapezoid,1173,107,20852,confirmed,0.556
1077,25,triangle,538,655,20689,confirmed,0.956
1077,26,rectangle,267,946,29966,confirmed,1.0
1078,10,pentagon,1747,236,36467,confirmed,0.978
1078,21,circle,496,397,32664,confirmed,1.0
1078,22,trapezoid,1180,96,26948,confirmed,0.556
1078,25,triangle,535,624,20896,confirmed,0.956
1078,26,rectangle,243,919,29830,confirmed,1.0
1079,10,pentagon,1815,240,36498,confirmed,0.978
1079,21,circle,504,372,32671,confirmed,1.0
1079,22,trapezoid,1183,110,20846,confirmed,0.556
1079,25,triangle,531,593,20712,confirmed,0.956
1079,26,rectangle,225,892,29847,confirmed,1.0
1080,10,pentagon,1872,251,28033,confirmed,0.978
1080,21,circle,506,347,32678,confirmed,1.0
1080,22,trapezoid,1184,144,26777,confirmed,0.556
1080,25,triangle,531,563,20788,confirmed,0.956
1080,26,rectangle,208,865,29959,confirmed,1.0
1081,10,pentagon,1914,273,18034,confirmed,0.978
1081,21,circle,500,322,32652,confirmed,1.0
1081,22,trapezoid,1180,190,27007,confirmed,0.556
1081,25,triangle,536,531,20494,confirmed,0.956
1081,26,rectangle,197,837,29776,confirmed,1.0
1082,10,pentagon,1939,303,9040,confirmed,0.978
1082,21,circle,486,298,32644,confirmed,1.0
1082,22,trapezoid,1170,277,21229,confirmed,0.556
1082,25,triangle,531,502,20542,confirmed,0.956
1082,26,rectangle,189,808,29756,confirmed,1.0
1083,10,pentagon,1952,340,4403,confirmed,0.978
1083,21,circle,465,276,32673,confirmed,1.0
1083,22,trapezoid,1164,332,26256,confirmed,0.556
1083,25,triangle,524,471,20639,confirmed,0.956
1083,26,rectangle,183,779,29956,confirmed,1.0
1084,10,pentagon,1977,370,4403,coasting,0.978
1084,21,circle,438,255,32696,confirmed,1.0
1084,22,trapezoid,1161,383,21458,confirmed,0.556
1084,25,triangle,514,439,20532,confirmed,0.956
1084,26,rectangle,180,749,29757,confirmed,1.0
1085,21,circle,409,236,32649,confirmed,1.0
1085,22,trapezoid,1161,407,26088,confirmed,0.556
1085,25,triangle,501,409,20718,confirmed,0.956
1085,26,rectangle,180,720,29961,confirmed,1.0
1086,21,circle,379,218,32669,confirmed,1.0
1086,22,trapezoid,1161,445,20897,confirmed,0.556
1086,25,triangle,477,381,20876,confirmed,0.956
1086,26,rectangle,182,692,30011,confirmed,1.0
1087,21,circle,343,207,32665,confirmed,1.0
1087,22,trapezoid,1160,482,27454,confirmed,0.556
1087,25,triangle,435,367,20174,confirmed,0.956
1087,26,rectangle,183,664,29804,confirmed,1.0
1088,21,circle,300,202,32668,confirmed,1.0
1088,22,trapezoid,1160,519,21439,confirmed,0.533
1088,25,triangle,387,376,20662,confirmed,0.956
1088,26,rectangle,185,635,29917,confirmed,1.0
1089,21,circle,256,201,32660,confirmed,1.0
1089,22,trapezoid,1155,556,20596,confirmed,0.511
1089,25,triangle,358,402,20806,confirmed,0.956
1089,26,rectangle,188,605,29862,confirmed,1.0
1090,21,circle,213,208,32642,confirmed,1.0
1090,22,trapezoid,1151,593,27072,confirmed,0.511
1090,25,triangle,338,433,20641,confirmed,0.956
1090,26,rectangle,190,579,29182,confirmed,0.967
1091,21,circle,177,224,32677,confirmed,1.0
1091,22,trapezoid,1152,631,28244,confirmed,0.511
1091,25,triangle,325,465,20649,confirmed,0.956
1091,26,rectangle,193,551,27944,confirmed,0.967
1092,21,circle,148,243,32653,confirmed,1.0
1092,22,trapezoid,1149,670,27128,confirmed,0.511
1092,25,triangle,317,498,20969,confirmed,0.956
1092,26,rectangle,198,522,26292,confirmed,0.967
1092,27,pentagon,1873,670,26758,confirmed,0.0
1093,21,circle,123,265,32676,confirmed,1.0
1093,22,trapezoid,1148,709,19498,confirmed,0.511
1093,25,triangle,312,530,20883,confirmed,0.956
1093,26,rectangle,200,483,24465,confirmed,0.935
1093,27,pentagon,1854,694,39438,confirmed,0.0
1094,21,circle,97,285,32819,confirmed,1.0
1094,22,trapezoid,1146,747,21044,confirmed,0.511
1094,25,triangle,309,560,20834,confirmed,0.956
1094,26,rectangle,211,457,26727,confirmed,0.906
1094,27,pentagon,1784,738,36575,confirmed,1.0
1095,21,circle,76,306,31582,confirmed,1.0
1095,22,trapezoid,1144,785,21342,confirmed,0.489
1095,25,triangle,312,590,20685,confirmed,0.956
1095,26,rectangle,224,435,27989,confirmed,0.879
1095,27,pentagon,1712,759,36630,confirmed,1.0
1096,21,circle,61,329,29688,confirmed,1.0
1096,22,trapezoid,1147,823,21216,confirmed,0.489
1096,25,triangle,323,620,20706,confirmed,0.956
1096,26,rectangle,233,410,29042,confirmed,0.882
1096,27,pentagon,1646,776,37643,confirmed,1.0
1097,21,circle,52,353,27543,confirmed,1.0
1097,22,trapezoid,1149,858,26043,confirmed,0.489
1097,25,triangle,341,650,20947,confirmed,0.956
1097,26,rectangle,235,380,29902,confirmed,0.886
1097,27,pentagon,1571,766,36556,confirmed,1.0
1098,21,circle,47,379,25854,confirmed,1.0
1098,22,trapezoid,1154,878,20339,confirmed,0.489
1098,25,triangle,365,677,20698,confirmed,0.956
1098,26,rectangle,236,350,29941,confirmed,0.889
1098,27,pentagon,1500,756,36622,confirmed,1.0
1099,21,circle,46,404,24181,confirmed,1.0
1099,22,trapezoid,1165,828,26146,confirmed,0.489
1099,25,triangle,392,703,20656,confirmed,0.956
1099,26,rectangle,235,322,29963,confirmed,0.892
1099,27,pentagon,1433,746,36625,confirmed,1.0
1100,21,circle,46,430,22390,confirmed,1.0
1100,22,trapezoid,1174,804,17225,confirmed,0.489
1100,25,triangle,424,728,20880,confirmed,0.956
1100,26,rectangle,233,294,29937,confirmed,0.895
1100,27,pentagon,1367,734,36539,confirmed,1.0
1101,21,circle,47,455,20575,confirmed,1.0
1101,22,trapezoid,1169,771,8256,confirmed,0.489
1101,25,triangle,461,751,20840,confirmed,0.956
1101,26,rectangle,229,266,29927,confirmed,0.897
1101,27,pentagon,1306,716,36564,confirmed,1.0
1102,21,circle,47,480,19050,confirmed,1.0
1102,22,trapezoid,1170,745,8256,coasting,0.489
1102,25,triangle,504,768,20607,confirmed,0.956
1102,26,rectangle,223,239,29922,confirmed,0.9
1102,27,pentagon,1248,698,37071,confirmed,1.0
1103,21,circle,46,505,17455,confirmed,1.0
1103,22,trapezoid,1172,723,8256,coasting,0.489
1103,25,triangle,555,779,20855,confirmed,0.956
1103,26,rectangle,216,211,29851,confirmed,0.902
1103,27,pentagon,1193,676,37399,confirmed,1.0
1104,21,circle,44,530,15866,confirmed,1.0
1104,22,trapezoid,1173,702,8256,coasting,0.489
1104,25,triangle,609,783,20966,confirmed,0.956
1104,26,rectangle,204,184,29737,confirmed,0.905
1104,27,pentagon,1164,636,36523,confirmed,1.0
1105,21,circle,41,555,14297,confirmed,1.0
1105,22,trapezoid,1219,659,8635,confirmed,0.489
1105,25,triangle,665,783,20715,confirmed,0.956
1105,26,rectangle,191,155,29832,confirmed,0.907
1105,27,pentagon,1132,601,36527,confirmed,1.0
1106,21,circle,39,579,15235,confirmed,1.0
1106,22,trapezoid,1258,601,10460,confirmed,0.489
1106,25,triangle,718,780,20919,confirmed,0.956
1106,26,rectangle,175,129,29823,confirmed,0.909
1106,27,pentagon,1103,565,36554,confirmed,1.0
1107,21,circle,39,603,16459,confirmed,1.0
1107,22,trapezoid,1279,521,18349,confirmed,0.467
1107,25,triangle,769,771,20691,confirmed,0.956
1107,26,rectangle,144,109,29966,confirmed,0.911
1107,27,pentagon,1070,532,37331,confirmed,1.0
1108,21,circle,41,627,17806,confirmed,1.0
1108,22,trapezoid,1296,465,21243,confirmed,0.467
1108,25,triangle,821,763,20887,confirmed,0.956
1108,26,rectangle,107,119,29759,confirmed,0.911
1108,27,pentagon,1042,495,38244,confirmed,1.0
1109,21,circle,44,652,19507,confirmed,1.0
1109,22,trapezoid,1296,433,20914,confirmed,0.444
1109,25,triangle,874,761,20833,confirmed,0.978
1109,26,rectangle,79,145,29956,confirmed,0.911
1109,27,pentagon,1015,460,36848,confirmed,1.0
1110,21,circle,50,676,22216,confirmed,1.0
1110,22,trapezoid,1308,391,26293,confirmed,0.444
1110,25,triangle,924,769,20827,confirmed,1.0
1110,26,rectangle,58,163,29456,confirmed,0.911
1110,27,pentagon,987,427,36641,confirmed,1.0
1111,21,circle,59,699,26898,confirmed,1.0
1111,22,trapezoid,1316,361,21141,confirmed,0.444
1111,25,triangle,966,788,20857,confirmed,1.0
1111,26,rectangle,45,187,27775,confirmed,0.911
1111,27,pentagon,956,395,36541,confirmed,1.0
1112,21,circle,74,718,32054,confirmed,1.0
1112,22,trapezoid,1327,325,20046,confirmed,0.444
1112,25,triangle,995,814,20912,confirmed,1.0
1112,26,rectangle,40,216,26927,confirmed,0.911
1112,27,pentagon,924,361,36414,confirmed,1.0
1113,21,circle,122,722,32683,confirmed,1.0
1113,22,trapezoid,1339,289,20431,confirmed,0.444
1113,25,triangle,1019,842,20838,confirmed,1.0
1113,26,rectangle,41,248,27007,confirmed,0.911
1113,27,pentagon,889,329,36379,confirmed,1.0
1114,21,circle,170,725,32651,confirmed,1.0
1114,22,trapezoid,1351,250,20788,confirmed,0.444
1114,25,triangle,1036,871,20833,confirmed,1.0
1114,26,rectangle,46,281,27422,confirmed,0.911
1114,27,pentagon,850,298,36502,confirmed,1.0
1115,21,circle,216,723,32674,confirmed,1.0
1115,22,trapezoid,1363,213,20757,confirmed,0.444
1115,25,triangle,1048,899,20672,confirmed,1.0
1115,26,rectangle,53,314,27845,confirmed,0.911
1115,27,pentagon,801,274,36583,confirmed,1.0
1116,21,circle,261,717,32680,confirmed,1.0
1116,22,trapezoid,1373,175,20812,confirmed,0.444
1116,25,triangle,1047,929,20773,confirmed,1.0
1116,26,rectangle,61,345,28472,confirmed,0.911
1116,27,pentagon,741,279,36503,confirmed,1.0
1117,21,circle,301,706,32664,confirmed,1.0
1117,22,trapezoid,1382,154,26915,confirmed,0.444
1117,25,triangle,1021,955,20798,confirmed,1.0
1117,26,rectangle,68,375,29417,confirmed,0.911
1117,27,pentagon,688,304,36590,confirmed,1.0
1118,21,circle,329,687,32659,confirmed,1.0
1118,22,trapezoid,1384,158,26480,confirmed,0.444
1118,25,triangle,972,966,20984,confirmed,1.0
1118,26,rectangle,74,404,30736,confirmed,0.911
1118,27,pentagon,638,333,36650,confirmed,1.0
1119,21,circle,310,669,32684,confirmed,1.0
1119,22,trapezoid,1384,186,20521,confirmed,0.444
1119,25,triangle,917,963,20720,confirmed,1.0
1119,26,rectangle,83,428,29781,confirmed,0.911
1119,27,pentagon,589,360,36546,confirmed,1.0
1120,21,circle,279,681,32670,confirmed,1.0
1120,22,trapezoid,1380,232,20377,confirmed,0.444
1120,25,triangle,860,959,20897,confirmed,1.0
1120,26,rectangle,93,455,29930,confirmed,0.911
1120,27,pentagon,541,387,36777,confirmed,1.0
1121,21,circle,248,702,32667,confirmed,1.0
1121,22,trapezoid,1374,285,27011,confirmed,0.444
1121,25,triangle,807,952,20856,confirmed,1.0
1121,26,rectangle,106,481,29839,confirmed,0.911
1121,27,pentagon,495,414,36565,confirmed,1.0
1122,21,circle,222,726,32663,confirmed,1.0
1122,22,trapezoid,1367,342,26428,confirmed,0.444
1122,25,triangle,755,944,20742,confirmed,1.0
1122,26,rectangle,122,506,29950,confirmed,0.911
1122,27,pentagon,448,441,36539,confirmed,1.0
1123,21,circle,204,750,32694,confirmed,1.0
1123,22,trapezoid,1360,399,20703,confirmed,0.444
1123,25,triangle,706,933,20932,confirmed,1.0
1123,26,rectangle,139,533,29986,confirmed,0.911
1123,27,pentagon,402,468,36663,confirmed,1.0
1124,21,circle,190,775,32663,confirmed,1.0
1124,22,trapezoid,1357,450,26315,confirmed,0.444
1124,25,triangle,660,919,20961,confirmed,1.0
1124,26,rectangle,158,557,29917,confirmed,0.911
1124,27,pentagon,370,500,36570,confirmed,1.0
1125,21,circle,183,800,32665,confirmed,1.0
1125,22,trapezoid,1353,498,20983,confirmed,0.444
1125,25,triangle,617,902,20812,confirmed,1.0
1125,26,rectangle,177,584,29841,confirmed,0.911
1125,27,pentagon,351,538,38470,confirmed,1.0
1126,21,circle,182,826,32652,confirmed,1.0
1126,22,trapezoid,1352,534,21205,confirmed,0.422
1126,25,triangle,583,880,20878,confirmed,1.0
1126,26,rectangle,195,609,29454,confirmed,0.911
1126,27,pentagon,360,573,36629,confirmed,1.0
1127,21,circle,186,850,32687,confirmed,1.0
1127,22,trapezoid,1348,572,26298,confirmed,0.422
1127,25,triangle,567,852,20940,confirmed,1.0
1127,26,rectangle,214,634,29263,confirmed,0.911
1127,27,pentagon,381,609,36495,confirmed,1.0
1128,21,circle,211,870,32662,confirmed,1.0
1128,22,trapezoid,1345,609,21262,confirmed,0.422
1128,25,triangle,562,822,20754,confirmed,1.0
1128,26,rectangle,238,657,29786,confirmed,0.911
1128,27,pentagon,398,643,36984,confirmed,1.0
1129,21,circle,241,889,32656,confirmed,1.0
1129,22,trapezoid,1343,645,27139,confirmed,0.422
1129,25,triangle,556,794,19749,confirmed,1.0
1129,26,rectangle,267,679,29945,confirmed,0.911
1129,27,pentagon,453,670,36624,confirmed,1.0
1130,21,circle,280,902,32665,confirmed,1.0
1130,22,trapezoid,1339,678,26865,confirmed,0.422
1130,25,triangle,544,767,19749,coasting,1.0
1130,26,rectangle,304,696,29818,confirmed,0.911
1130,27,pentagon,511,691,36464,confirmed,1.0
1131,21,circle,323,909,32685,confirmed,1.0
1131,22,trapezoid,1337,715,26587,confirmed,0.422
1131,25,triangle,534,742,19749,coasting,1.0
1131,26,rectangle,349,705,29557,confirmed,0.911
1131,27,pentagon,570,707,35726,confirmed,1.0
1132,21,circle,369,909,32671,confirmed,1.0
1132,22,trapezoid,1332,753,20321,confirmed,0.422
1132,25,triangle,525,720,19749,coasting,1.0
1132,26,rectangle,397,705,29555,confirmed,0.911
1132,27,pentagon,629,723,36645,confirmed,1.0
1133,21,circle,412,902,32678,confirmed,1.0
1133,22,trapezoid,1327,791,21081,confirmed,0.422
1133,25,triangle,516,701,19749,coasting,1.0
1133,26,rectangle,437,693,29767,confirmed,0.911
1133,27,pentagon,699,722,36496,confirmed,1.0
1134,21,circle,454,892,32658,confirmed,1.0
1134,22,trapezoid,1321,830,21650,confirmed,0.422
1134,25,triangle,509,683,19749,coasting,1.0
1134,26,rectangle,474,674,29922,confirmed,0.911
1134,27,pentagon,767,720,36578,confirmed,1.0
1135,21,circle,494,880,32662,confirmed,1.0
1135,22,trapezoid,1316,869,20918,confirmed,0.422
1135,25,triangle,502,667,19749,coasting,1.0
1135,26,rectangle,509,655,29991,confirmed,0.911
1135,27,pentagon,833,717,36674,confirmed,1.0
1136,21,circle,530,866,32675,confirmed,1.0
1136,22,trapezoid,1311,908,21915,confirmed,0.422
1136,25,triangle,588,640,16892,confirmed,1.0
1136,26,rectangle,544,634,29853,confirmed,0.911
1136,27,pentagon,896,711,36671,confirmed,1.0
1137,21,circle,550,845,32653,confirmed,1.0
1137,22,trapezoid,1306,944,26971,confirmed,0.422
1137,25,triangle,763,603,18775,confirmed,0.978
1137,26,rectangle,575,614,29847,confirmed,0.911
1137,27,pentagon,957,699,36614,confirmed,1.0
1138,21,circle,566,821,32663,confirmed,1.0
1138,22,trapezoid,1303,981,26789,confirmed,0.422
1138,25,triangle,844,580,20044,confirmed,0.956
1138,26,rectangle,603,592,29839,confirmed,0.911
1138,27,pentagon,1017,685,36476,confirmed,1.0
1139,21,circle,579,797,32679,confirmed,1.0
1139,22,trapezoid,1298,1018,26168,confirmed,0.422
1139,25,triangle,891,565,20385,confirmed,0.956
1139,26,rectangle,627,569,29970,confirmed,0.911
1139,27,pentagon,1074,668,36540,confirmed,1.0
1140,21,circle,569,776,32652,confirmed,1.0
1140,22,trapezoid,1294,1048,17589,confirmed,0.422
1140,25,triangle,927,574,20734,confirmed,0.956
1140,26,rectangle,650,546,29942,confirmed,0.911
1140,27,pentagon,1125,646,36798,confirmed,1.0
1141,21,circle,540,786,32681,confirmed,1.0
1141,22,trapezoid,1290,1071,9920,confirmed,0.422
1141,25,triangle,967,570,20811,confirmed,0.956
1141,26,rectangle,670,521,30025,confirmed,0.911
1141,27,pentagon,1170,619,36562,confirmed,1.0
1142,21,circle,510,807,32667,confirmed,1.0
1142,22,trapezoid,1286,1099,9920,coasting,0.422
1142,25,triangle,1008,556,20514,confirmed,0.956
1142,26,rectangle,690,497,29987,confirmed,0.911
1142,27,pentagon,1211,594,36861,confirmed,1.0
1143,21,circle,490,833,32658,confirmed,1.0
1143,22,trapezoid,1282,1125,9920,coasting,0.422
1143,25,triangle,1043,538,19032,confirmed,0.956
1143,26,rectangle,709,473,29966,confirmed,0.911
1143,27,pentagon,1223,555,36469,confirmed,1.0
1144,21,circle,477,859,32658,confirmed,1.0
1144,22,trapezoid,1284,1109,16083,confirmed,0.422
1144,25,triangle,1083,525,19032,coasting,0.956
1144,26,rectangle,729,448,29992,confirmed,0.911
1144,27,pentagon,1224,517,36402,confirmed,1.0
1145,21,circle,466,884,32674,confirmed,1.0
1145,22,trapezoid,1287,1080,24996,confirmed,0.422
1145,25,triangle,1118,512,19032,coasting,0.956
1145,26,rectangle,748,424,29883,confirmed,0.911
1145,27,pentagon,1223,480,36656,confirmed,1.0
1146,21,circle,456,909,32667,confirmed,1.0
1146,22,trapezoid,1301,1005,20999,confirmed,0.422
1146,25,triangle,1150,501,19032,coasting,0.956
1146,26,rectangle,767,401,29944,confirmed,0.933
1146,27,pentagon,1232,445,36749,confirmed,1.0
1147,21,circle,450,934,32636,confirmed,1.0
1147,22,trapezoid,1308,958,27426,confirmed,0.422
1147,25,triangle,1179,491,19032,coasting,0.956
1147,26,rectangle,786,376,29963,confirmed,0.956
1147,27,pentagon,1253,410,35701,confirmed,1.0
1148,21,circle,449,959,32702,confirmed,1.0
1148,22,trapezoid,1314,913,28036,confirmed,0.422
1148,25,triangle,1205,482,19032,coasting,0.956
1148,26,rectangle,804,352,29903,confirmed,0.978
1148,27,pentagon,1271,385,44982,confirmed,1.0
1149,21,circle,450,983,32312,confirmed,1.0
1149,22,trapezoid,1322,871,27130,confirmed,0.422
1149,25,triangle,1228,474,19032,coasting,0.956
1149,26,rectangle,824,328,29922,confirmed,1.0
1149,27,pentagon,1328,357,36532,confirmed,1.0
1150,21,circle,463,1003,30300,confirmed,1.0
1150,22,trapezoid,1331,831,26911,confirmed,0.422
1150,25,triangle,1249,467,19032,coasting,0.956
1150,26,rectangle,844,304,29931,confirmed,1.0
1150,27,pentagon,1381,332,36425,confirmed,1.0
1151,21,circle,490,1016,28671,confirmed,1.0
1151,22,trapezoid,1341,797,26403,confirmed,0.422
1151,25,triangle,1268,460,19032,coasting,0.956
1151,26,rectangle,866,281,29881,confirmed,1.0
1151,27,pentagon,1432,307,33546,confirmed,1.0
1152,21,circle,529,1024,27182,confirmed,1.0
1152,22,trapezoid,1352,761,20494,confirmed,0.422
1152,25,triangle,1285,454,19032,coasting,0.956
1152,26,rectangle,890,259,29851,confirmed,1.0
1152,27,pentagon,1485,289,36500,confirmed,1.0
1153,21,circle,577,1027,26767,confirmed,1.0
1153,22,trapezoid,1363,726,21854,confirmed,0.422
1153,25,triangle,1332,410,20343,confirmed,0.956
1153,26,rectangle,917,238,29991,confirmed,1.0
1153,27,pentagon,1538,270,36450,confirmed,1.0
1154,21,circle,630,1025,27021,confirmed,1.0
1154,22,trapezoid,1374,690,21298,confirmed,0.422
1154,25,triangle,1396,327,20887,confirmed,0.956
1154,26,rectangle,947,218,29977,confirmed,1.0
1154,27,pentagon,1592,252,36560,confirmed,1.0
1155,21,circle,684,1020,27272,confirmed,1.0
1155,22,trapezoid,1389,649,26354,confirmed,0.444
1155,25,triangle,1422,282,20812,confirmed,0.956
1155,26,rectangle,981,200,29792,confirmed,1.0
1155,27,pentagon,1644,233,36491,confirmed,1.0
1156,21,circle,738,1014,27697,confirmed,1.0
1156,22,trapezoid,1400,614,19270,confirmed,0.444
1156,25,triangle,1427,251,20778,confirmed,0.956
1156,26,rectangle,1022,189,29988,confirmed,1.0
1156,27,pentagon,1702,222,36564,confirmed,1.0
1157,21,circle,790,1007,28603,confirmed,1.0
1157,22,trapezoid,1411,574,26617,confirmed,0.444
1157,25,triangle,1421,225,20692,confirmed,0.956
1157,26,rectangle,1066,182,29821,confirmed,1.0
1157,27,pentagon,1758,229,36487,confirmed,1.0
1158,21,circle,837,1000,30021,confirmed,1.0
1158,22,trapezoid,1422,537,21207,confirmed,0.444
1158,25,triangle,1404,200,20737,confirmed,0.956
1158,26,rectangle,1112,181,29875,confirmed,1.0
1158,27,pentagon,1793,258,36610,confirmed,1.0
1159,21,circle,880,991,31671,confirmed,1.0
1159,22,trapezoid,1433,502,20154,confirmed,0.422
1159,25,triangle,1375,178,20821,confirmed,0.956
1159,26,rectangle,1157,188,29982,confirmed,1.0
1159,27,pentagon,1827,280,36521,confirmed,1.0
1160,21,circle,916,980,32799,confirmed,1.0
1160,22,trapezoid,1445,465,26930,confirmed,0.422
1160,25,triangle,1338,160,20906,confirmed,0.956
1160,26,rectangle,1200,194,28021,confirmed,1.0
1160,27,pentagon,1851,310,35827,confirmed,1.0
1161,21,circle,933,957,32666,confirmed,1.0
1161,22,trapezoid,1458,428,21031,confirmed,0.4
1161,25,triangle,1297,144,20713,confirmed,0.956
1161,26,rectangle,1237,209,21377,confirmed,1.0
1161,27,pentagon,1864,346,34685,confirmed,1.0
1162,21,circle,952,934,32690,confirmed,1.0
1162,22,trapezoid,1472,390,20694,confirmed,0.378
1162,25,triangle,1251,133,20724,confirmed,0.956
1162,26,rectangle,1262,263,20645,confirmed,1.0
1162,27,pentagon,1868,385,33549,confirmed,1.0
1163,21,circle,967,910,32681,confirmed,1.0
1163,22,trapezoid,1484,355,20171,confirmed,0.378
1163,25,triangle,1202,128,20819,confirmed,0.956
1163,26,rectangle,1293,285,26727,confirmed,1.0
1163,27,pentagon,1867,426,31948,confirmed,1.0
1164,21,circle,973,885,32687,confirmed,1.0
1164,22,trapezoid,1497,317,27234,confirmed,0.378
1164,25,triangle,1153,127,20726,confirmed,0.956
1164,26,rectangle,1311,292,29526,confirmed,0.978
1164,27,pentagon,1864,463,32758,confirmed,1.0
1165,21,circle,977,860,32660,confirmed,1.0
1165,22,trapezoid,1508,276,26662,confirmed,0.4
1165,25,triangle,1108,136,20962,confirmed,0.956
1165,26,rectangle,1330,307,29652,confirmed,0.978
1165,27,pentagon,1860,501,28886,confirmed,1.0
1166,21,circle,982,835,32669,confirmed,1.0
1166,22,trapezoid,1522,238,27194,confirmed,0.4
1166,25,triangle,1087,160,21014,confirmed,0.956
1166,26,rectangle,1348,329,29420,confirmed,0.978
1166,27,pentagon,1854,540,30272,confirmed,1.0
1167,21,circle,971,812,32664,confirmed,1.0
1167,22,trapezoid,1534,203,27071,confirmed,0.4
1167,25,triangle,1079,188,20806,confirmed,0.956
1167,26,rectangle,1365,355,29516,confirmed,0.956
1167,27,pentagon,1847,576,31228,confirmed,1.0
1168,21,circle,955,788,32676,confirmed,1.0
1168,22,trapezoid,1542,194,26846,confirmed,0.4
1168,25,triangle,1076,218,20992,confirmed,0.956
1168,26,rectangle,1380,381,28659,confirmed,0.933
1168,27,pentagon,1841,612,32282,confirmed,1.0
1169,21,circle,923,773,32668,confirmed,1.0
1169,22,trapezoid,1534,261,26766,confirmed,0.4
1169,25,triangle,1076,245,20745,confirmed,0.956
1169,26,rectangle,1396,406,27425,confirmed,0.933
1169,27,pentagon,1835,647,33663,confirmed,1.0
1170,21,circle,887,782,32654,confirmed,1.0
1170,22,trapezoid,1534,296,26963,confirmed,0.4
1170,25,triangle,1078,274,20887,confirmed,0.956
1170,26,rectangle,1410,431,25866,confirmed,0.933
1170,27,pentagon,1829,681,34587,confirmed,1.0
1171,21,circle,861,804,32670,confirmed,1.0
1171,22,trapezoid,1532,335,26932,confirmed,0.4
1171,25,triangle,1080,300,20700,confirmed,0.956
1171,26,rectangle,1418,457,25336,confirmed,0.933
1171,27,pentagon,1824,713,37041,confirmed,1.0
1172,21,circle,844,830,32685,confirmed,1.0
1172,22,trapezoid,1522,384,26060,confirmed,0.4
1172,25,triangle,1085,328,20861,confirmed,0.956
1172,26,rectangle,1428,492,14239,confirmed,0.933
1172,27,pentagon,1804,741,33922,confirmed,0.978
1173,21,circle,830,856,32662,confirmed,1.0
1173,22,trapezoid,1518,428,27082,confirmed,0.4
1173,25,triangle,1096,354,20829,confirmed,0.956
1173,26,rectangle,1429,531,9224,confirmed,0.933
1173,27,pentagon,1765,766,36604,confirmed,0.978
1174,21,circle,818,880,32680,confirmed,1.0
1174,22,trapezoid,1515,470,21777,confirmed,0.4
1174,25,triangle,1110,380,20876,confirmed,0.956
1174,26,rectangle,1421,570,4902,confirmed,0.933
1174,27,pentagon,1709,781,36645,confirmed,0.978
1175,21,circle,820,905,32673,confirmed,1.0
1175,22,trapezoid,1513,506,26847,confirmed,0.422
1175,25,triangle,1128,405,20687,confirmed,0.956
1175,26,rectangle,1421,607,4902,coasting,0.933
1175,27,pentagon,1658,797,36843,confirmed,0.978
1176,21,circle,827,931,32653,confirmed,1.0
1176,22,trapezoid,1511,544,21148,confirmed,0.422
1176,25,triangle,1148,430,20932,confirmed,0.956
1176,26,rectangle,1420,640,4902,coasting,0.933
1176,27,pentagon,1589,793,36458,confirmed,0.978
1177,21,circle,846,953,32659,confirmed,1.0
1177,22,trapezoid,1508,582,20619,confirmed,0.422
1177,25,triangle,1171,453,20667,confirmed,0.956
1177,26,rectangle,1419,670,4902,coasting,0.933
1177,27,pentagon,1525,785,36479,confirmed,0.978
1178,21,circle,877,971,32659,confirmed,1.0
1178,22,trapezoid,1512,618,16010,confirmed,0.422
1178,25,triangle,1196,476,20894,confirmed,0.956
1178,26,rectangle,1419,697,4902,coasting,0.933
1178,27,pentagon,1467,773,36547,confirmed,0.978
1179,21,circle,905,989,32248,confirmed,1.0
1179,22,trapezoid,1536,647,12464,confirmed,0.4
1179,25,triangle,1223,498,20899,confirmed,0.956
1179,26,rectangle,1418,721,4902,coasting,0.933
1179,27,pentagon,1417,754,36534,confirmed,0.978
1180,21,circle,939,1001,31234,confirmed,1.0
1180,22,trapezoid,1548,687,9043,confirmed,0.4
1180,25,triangle,1253,519,20758,confirmed,0.956
1180,26,rectangle,1418,743,4902,coasting,0.933
1180,27,pentagon,1368,737,36945,confirmed,0.978
1181,21,circle,980,1009,30542,confirmed,1.0
1181,22,trapezoid,1546,727,22394,confirmed,0.4
1181,25,triangle,1280,539,19419,confirmed,0.956
1181,26,rectangle,1417,763,4902,coasting,0.933
1181,27,pentagon,1322,716,37046,confirmed,0.978
1182,21,circle,1026,1011,30209,confirmed,1.0
1182,22,trapezoid,1531,768,22816,confirmed,0.4
1182,25,triangle,1308,560,19419,coasting,0.956
1182,26,rectangle,1417,780,4902,coasting,0.933
1182,27,pentagon,1294,681,36645,confirmed,0.978
1183,21,circle,1075,1010,30236,confirmed,1.0
1183,22,trapezoid,1517,808,28293,confirmed,0.4
1183,25,triangle,1333,579,19419,coasting,0.956
1183,26,rectangle,1423,767,14405,confirmed,0.933
1183,27,pentagon,1261,650,36479,confirmed,0.978
1184,21,circle,1125,1006,30515,confirmed,1.0
1184,22,trapezoid,1499,848,23018,confirmed,0.4
1184,25,triangle,1364,597,16876,confirmed,0.956
1184,26,rectangle,1436,752,14137,confirmed,0.933
1184,27,pentagon,1226,623,36548,confirmed,0.978
1185,21,circle,1174,1001,30826,confirmed,1.0
1185,22,trapezoid,1484,886,21788,confirmed,0.4
1185,25,triangle,1396,622,20818,confirmed,0.956
1185,26,rectangle,1465,750,17164,confirmed,0.933
1185,27,pentagon,1192,595,36510,confirmed,0.978
1186,21,circle,1222,995,31142,confirmed,1.0
1186,22,trapezoid,1481,922,26642,confirmed,0.422
1186,25,triangle,1423,646,20954,confirmed,0.956
1186,26,rectangle,1487,774,19320,confirmed,0.933
1186,27,pentagon,1159,568,36631,confirmed,0.978
1187,21,circle,1268,989,31542,confirmed,1.0
1187,22,trapezoid,1476,960,26862,confirmed,0.422
1187,25,triangle,1448,669,20900,confirmed,0.956
1187,26,rectangle,1508,794,21689,confirmed,0.933
1187,27,pentagon,1127,538,37599,confirmed,0.978
1188,21,circle,1310,983,29493,confirmed,1.0
1188,22,trapezoid,1473,1000,30816,confirmed,0.422
1188,25,triangle,1472,692,20997,confirmed,0.956
1188,26,rectangle,1531,824,25422,confirmed,0.933
1188,27,pentagon,1093,512,36529,confirmed,0.978
1189,21,circle,1348,974,27057,confirmed,1.0
1189,22,trapezoid,1474,1032,24317,confirmed,0.422
1189,25,triangle,1491,715,20776,confirmed,0.956
1189,26,rectangle,1557,857,26465,confirmed,0.933
1189,27,pentagon,1060,485,36456,confirmed,0.978
1190,21,circle,1382,961,20429,confirmed,1.0
1190,22,trapezoid,1481,1044,31321,confirmed,0.422
1190,25,triangle,1499,740,20732,confirmed,0.956
1190,26,rectangle,1587,886,22780,confirmed,0.933
1190,27,pentagon,1027,458,36669,confirmed,0.978
1191,21,circle,1420,951,20429,coasting,1.0
1191,22,trapezoid,1483,1067,31321,coasting,0.422
1191,25,triangle,1503,765,20712,confirmed,0.956
1191,26,rectangle,1623,910,22164,confirmed,0.933
1191,27,pentagon,996,430,36673,confirmed,0.978
1192,21,circle,1454,941,20429,coasting,1.0
1192,22,trapezoid,1485,1088,31321,coasting,0.422
1192,25,triangle,1507,786,16036,confirmed,0.956
1192,26,rectangle,1654,936,22164,coasting,0.933
1192,27,pentagon,965,402,36623,confirmed,0.978
1193,21,circle,1485,933,20429,coasting,1.0
1193,22,trapezoid,1487,1107,31321,coasting,0.422
1193,25,triangle,1514,809,16036,coasting,0.956
1193,26,rectangle,1704,930,29746,confirmed,0.933
1193,27,pentagon,933,372,32972,confirmed,0.978
1194,21,circle,1512,926,20429,coasting,1.0
1194,22,trapezoid,1489,1124,31321,coasting,0.422
1194,25,triangle,1521,830,16036,coasting,0.956
1194,26,rectangle,1750,931,29906,confirmed,0.933
1194,27,pentagon,903,346,36605,confirmed,0.978
1194,28,trapezoid,1545,854,26817,confirmed,1.0
1195,21,circle,1537,919,20429,coasting,1.0
1195,22,trapezoid,1491,1140,31321,coasting,0.422
1195,25,triangle,1526,848,16036,coasting,0.956
1195,26,rectangle,1794,931,29890,confirmed,0.933
1195,27,pentagon,867,320,36451,confirmed,0.978
1195,28,trapezoid,1543,803,26347,confirmed,1.0
1196,21,circle,1526,896,29637,confirmed,1.0
1196,25,triangle,1532,865,16036,coasting,0.956
1196,26,rectangle,1837,932,29945,confirmed,0.933
1196,27,pentagon,824,299,36595,confirmed,0.978
1196,28,trapezoid,1554,763,26733,confirmed,1.0
1197,21,circle,1500,875,40042,confirmed,1.0
1197,25,triangle,1536,880,16036,coasting,0.956
1197,26,rectangle,1874,930,23519,confirmed,0.933
1197,27,pentagon,785,274,37993,confirmed,0.978
1197,28,trapezoid,1562,723,27004,confirmed,1.0
1198,21,circle,1433,830,32313,confirmed,1.0
1198,25,triangle,1485,915,13699,confirmed,0.956
1198,26,rectangle,1903,925,15216,confirmed,0.933
1198,27,pentagon,736,256,36771,confirmed,0.978
1198,28,trapezoid,1574,687,20653,confirmed,1.0
1199,21,circle,1385,828,32675,confirmed,1.0
1199,25,triangle,1421,951,14112,confirmed,0.956
1199,26,rectangle,1925,917,7412,confirmed,0.933
1199,27,pentagon,690,239,38384,confirmed,0.978
1199,28,trapezoid,1592,652,21547,confirmed,0.75
1200,21,circle,1354,846,32663,confirmed,1.0
1200,25,triangle,1353,982,13759,confirmed,0.956
1200,26,rectangle,1953,911,7412,coasting,0.933
1200,27,pentagon,631,254,36602,confirmed,0.978
1200,28,trapezoid,1606,615,26870,confirmed,0.75
1201,21,circle,1317,872,47562,confirmed,1.0
1201,25,triangle,1297,1013,13759,coasting,0.956
1201,26,rectangle,1979,906,7412,coasting,0.933
1201,27,pentagon,576,271,36868,confirmed,0.978
1201,28,trapezoid,1621,578,21238,confirmed,0.75
1202,21,circle,1285,901,50450,confirmed,1.0
1202,25,triangle,1247,1041,13759,coasting,0.956
1202,27,pentagon,528,281,40208,confirmed,0.978
1202,28,trapezoid,1636,543,20257,confirmed,0.75
1203,21,circle,1319,928,32673,confirmed,1.0
1203,25,triangle,1175,984,17849,confirmed,0.933
1203,27,pentagon,487,313,36681,confirmed,0.978
1203,28,trapezoid,1650,508,21539,confirmed,0.75
1204,21,circle,1337,953,32669,confirmed,1.0
1204,25,triangle,1142,960,20935,confirmed,0.933
1204,27,pentagon,455,343,36557,confirmed,0.978
1204,28,trapezoid,1667,470,27361,confirmed,0.75
1205,21,circle,1350,977,32704,confirmed,1.0
1205,25,triangle,1158,938,20120,confirmed,0.933
1205,27,pentagon,420,371,37145,confirmed,0.978
1205,28,trapezoid,1682,432,21242,confirmed,0.75
1206,21,circle,1372,996,31568,confirmed,1.0
1206,25,triangle,1201,926,19859,confirmed,0.911
1206,27,pentagon,405,402,36452,confirmed,0.978
1206,28,trapezoid,1700,394,27506,confirmed,0.75
1207,21,circle,1405,1009,30494,confirmed,1.0
1207,25,triangle,1249,919,20117,confirmed,0.911
1207,27,pentagon,396,434,36523,confirmed,0.978
1207,28,trapezoid,1716,357,21029,confirmed,0.75
1208,21,circle,1446,1016,29604,confirmed,1.0
1208,25,triangle,1298,914,20047,confirmed,0.911
1208,27,pentagon,381,466,36840,confirmed,0.978
1208,28,trapezoid,1730,318,28732,confirmed,0.75
1209,21,circle,1493,1017,30106,confirmed,1.0
1209,25,triangle,1344,908,20075,confirmed,0.889
1209,27,pentagon,377,497,36439,confirmed,0.978
1209,28,trapezoid,1747,281,27098,confirmed,0.75
1210,21,circle,1543,1012,30917,confirmed,1.0
1210,25,triangle,1389,903,20331,confirmed,0.867
1210,27,pentagon,372,529,36550,confirmed,0.978
1210,28,trapezoid,1766,246,18214,confirmed,0.75
1211,21,circle,1591,1002,32396,confirmed,1.0
1211,25,triangle,1431,896,19519,confirmed,0.844
1211,27,pentagon,369,560,36572,confirmed,0.978
1211,28,trapezoid,1782,209,27091,confirmed,0.75
1212,21,circle,1627,969,32680,confirmed,1.0
1212,25,triangle,1470,888,18337,confirmed,0.822
1212,27,pentagon,372,592,36759,confirmed,0.978
1212,28,trapezoid,1800,179,27912,confirmed,0.75
1213,21,circle,1649,942,32653,confirmed,1.0
1213,25,triangle,1509,879,16367,confirmed,0.822
1213,27,pentagon,378,623,36597,confirmed,0.978
1213,28,trapezoid,1795,212,26908,confirmed,0.8
1214,21,circle,1663,917,32657,confirmed,1.0
1214,25,triangle,1546,869,12955,confirmed,0.822
1214,27,pentagon,388,654,36656,confirmed,0.978
1214,28,trapezoid,1796,232,20918,confirmed,0.8
1215,21,circle,1672,889,41255,confirmed,1.0
1215,25,triangle,1584,860,12955,coasting,0.822
1215,27,pentagon,404,684,36635,confirmed,0.978
1215,28,trapezoid,1791,265,27076,confirmed,0.8
1216,21,circle,1683,865,35638,confirmed,1.0
1216,25,triangle,1619,852,12955,coasting,0.822
1216,27,pentagon,432,711,36662,confirmed,0.978
1216,28,trapezoid,1784,306,21045,confirmed,0.8
1217,21,circle,1694,842,33623,confirmed,1.0
1217,25,triangle,1650,845,12955,coasting,0.822
1217,27,pentagon,471,734,36618,confirmed,0.978
1217,28,trapezoid,1768,373,21122,confirmed,0.667
1218,21,circle,1705,822,35421,confirmed,1.0
1218,25,triangle,1678,838,12955,coasting,0.822
1218,27,pentagon,518,751,36531,confirmed,0.978
1218,28,trapezoid,1757,420,26235,confirmed,0.667
1219,21,circle,1709,806,44072,confirmed,0.978
1219,25,triangle,1703,832,12955,coasting,0.822
1219,27,pentagon,567,767,36481,confirmed,0.978
1219,28,trapezoid,1753,457,26514,confirmed,0.714
1220,21,circle,1655,805,32661,confirmed,0.978
1220,25,triangle,1792,820,19726,confirmed,0.822
1220,27,pentagon,618,774,36464,confirmed,0.978
1220,28,trapezoid,1754,494,27323,confirmed,0.75
1221,21,circle,1622,824,32675,confirmed,0.978
1221,25,triangle,1844,808,20197,confirmed,0.822
1221,27,pentagon,673,773,36510,confirmed,0.978
1221,28,trapezoid,1750,534,21150,confirmed,0.75
1222,21,circle,1608,850,32686,confirmed,0.978
1222,25,triangle,1885,794,17278,confirmed,0.822
1222,27,pentagon,728,768,36505,confirmed,0.978
1222,28,trapezoid,1746,573,21606,confirmed,0.75
1223,21,circle,1604,877,32642,confirmed,0.978
1223,25,triangle,1914,777,12626,confirmed,0.822
1223,27,pentagon,781,758,36654,confirmed,0.978
1223,28,trapezoid,1742,612,20977,confirmed,0.75
1224,21,circle,1604,904,32666,confirmed,0.978
1224,25,triangle,1952,763,12626,coasting,0.822
1224,27,pentagon,830,744,36504,confirmed,0.978
1224,28,trapezoid,1738,646,27057,confirmed,0.778
1225,21,circle,1614,929,32659,confirmed,0.978
1225,27,pentagon,875,725,36486,confirmed,0.978
1225,28,trapezoid,1736,686,21507,confirmed,0.7
1226,21,circle,1631,952,32660,confirmed,0.978
1226,27,pentagon,916,705,36657,confirmed,0.978
1226,28,trapezoid,1735,724,21194,confirmed,0.7
1227,21,circle,1646,975,32777,confirmed,0.978
1227,27,pentagon,956,684,36563,confirmed,1.0
1227,28,trapezoid,1734,762,27028,confirmed,0.7
1228,21,circle,1669,995,31574,confirmed,0.978
1228,27,pentagon,994,662,36479,confirmed,1.0
1228,28,trapezoid,1733,798,26890,confirmed,0.727
1229,21,circle,1701,1009,30191,confirmed,0.978
1229,27,pentagon,1030,639,36595,confirmed,1.0
1229,28,trapezoid,1733,834,26445,confirmed,0.75
1230,21,circle,1726,1027,30191,coasting,0.978
1230,27,pentagon,1066,616,36602,confirmed,1.0
1230,28,trapezoid,1738,895,53172,confirmed,0.75
1231,21,circle,1773,1034,21961,confirmed,0.978
1231,27,pentagon,1100,593,36549,confirmed,1.0
1231,28,trapezoid,1734,917,26557,confirmed,0.769
1232,21,circle,1825,1033,18121,confirmed,0.978
1232,27,pentagon,1133,571,37085,confirmed,1.0
1232,28,trapezoid,1732,950,26477,confirmed,0.786
1233,21,circle,1871,1023,13625,confirmed,0.978
1233,27,pentagon,1165,546,36480,confirmed,1.0
1233,28,trapezoid,1732,989,32272,confirmed,0.786
1234,21,circle,1906,1012,10555,confirmed,0.978
1234,27,pentagon,1195,520,36601,confirmed,1.0
1234,28,trapezoid,1749,964,26141,confirmed,0.733
1235,21,circle,1928,996,8050,confirmed,0.978
1235,27,pentagon,1225,494,36815,confirmed,1.0
1235,28,trapezoid,1758,950,26962,confirmed,0.733
1236,21,circle,1959,984,8050,coasting,0.978
1236,27,pentagon,1250,469,36588,confirmed,1.0
1236,28,trapezoid,1768,921,27078,confirmed,0.733
1237,27,pentagon,1275,443,36575,confirmed,1.0
1237,28,trapezoid,1786,850,25928,confirmed,0.688
1238,27,pentagon,1304,419,36496,confirmed,1.0
1238,28,trapezoid,1797,801,26842,confirmed,0.706
1239,27,pentagon,1336,393,37063,confirmed,1.0
1239,28,trapezoid,1810,757,26875,confirmed,0.706
1240,27,pentagon,1375,374,36626,confirmed,1.0
1240,28,trapezoid,1821,716,26087,confirmed,0.706
1240,29,trapezoid,1890,902,9186,confirmed,0.0
1241,27,pentagon,1417,357,36570,confirmed,1.0
1241,28,trapezoid,1831,678,24926,confirmed,0.706
1241,29,triangle,1893,902,6652,confirmed,0.0
1242,27,pentagon,1461,340,36524,confirmed,1.0
1242,28,trapezoid,1839,641,23262,confirmed,0.706
1242,29,triangle,1894,899,6652,coasting,0.0
1243,27,pentagon,1503,321,36927,confirmed,1.0
1243,28,trapezoid,1845,605,21617,confirmed,0.706
1243,29,triangle,1895,896,6652,coasting,0.0
1244,27,pentagon,1544,304,36718,confirmed,1.0
1244,28,trapezoid,1850,571,20120,confirmed,0.706
1244,29,triangle,1896,893,6652,coasting,0.0
1245,27,pentagon,1584,285,36565,confirmed,1.0
1245,28,trapezoid,1855,536,18381,confirmed,0.706
1245,29,triangle,1897,890,6652,coasting,0.0
1245,30,rectangle,1884,200,18557,confirmed,0.0
1246,27,pentagon,1622,267,37087,confirmed,1.0
1246,28,trapezoid,1860,500,16373,confirmed,0.706
1246,29,triangle,1898,888,6652,coasting,0.0
1246,30,rectangle,1875,218,21828,confirmed,0.0
1247,27,pentagon,1660,247,36616,confirmed,1.0
1247,28,trapezoid,1865,464,14878,confirmed,0.706
1247,29,triangle,1899,886,6652,coasting,0.0
1247,30,rectangle,1865,240,24897,confirmed,0.0
1248,27,pentagon,1701,249,36569,confirmed,1.0
1248,28,trapezoid,1870,427,13216,confirmed,0.706
1248,29,triangle,1899,884,6652,coasting,0.0
1248,30,pentagon,1856,263,23174,confirmed,0.0
1249,27,pentagon,1737,268,36585,confirmed,1.0
1249,28,trapezoid,1875,390,11717,confirmed,0.706
1249,29,triangle,1900,882,6652,coasting,0.0
1249,30,pentagon,1848,282,23174,coasting,0.0
1250,27,pentagon,1758,296,36685,confirmed,1.0
1250,28,trapezoid,1880,354,9922,confirmed,0.706
1250,29,triangle,1900,881,6652,coasting,0.0
1250,30,pentagon,1840,300,23174,coasting,0.0
1251,27,pentagon,1790,320,49183,confirmed,1.0
1251,28,trapezoid,1886,317,9922,coasting,0.706
1251,29,triangle,1901,879,6652,coasting,0.0
1251,30,pentagon,1833,316,23174,coasting,0.0
1252,27,pentagon,1785,354,36692,confirmed,1.0
1252,28,trapezoid,1893,280,5105,confirmed,0.706
1252,29,triangle,1901,878,6652,coasting,0.0
1252,30,pentagon,1826,331,23174,coasting,0.0
1253,27,pentagon,1794,384,37844,confirmed,1.0
1253,28,trapezoid,1900,245,5105,coasting,0.706
1253,29,triangle,1902,877,6652,coasting,0.0
1253,30,pentagon,1821,344,23174,coasting,0.0
1254,27,pentagon,1800,412,37448,confirmed,1.0
1254,28,trapezoid,1905,214,5105,coasting,0.706
1254,29,triangle,1902,876,6652,coasting,0.0
1254,30,pentagon,1816,355,23174,coasting,0.0
1255,27,pentagon,1799,442,36559,confirmed,1.0
1255,28,trapezoid,1910,186,5105,coasting,0.706
1255,29,triangle,1903,875,6652,coasting,0.0
1255,30,pentagon,1811,366,23174,coasting,0.0
1256,27,pentagon,1803,471,36630,confirmed,1.0
1256,28,trapezoid,1915,160,5105,coasting,0.706
1256,29,triangle,1903,874,6652,coasting,0.0
1256,30,pentagon,1807,375,23174,coasting,0.0
1257,27,pentagon,1807,500,36678,confirmed,1.0
1257,28,trapezoid,1919,137,5105,coasting,0.706
1257,29,triangle,1903,873,6652,coasting,0.0
1257,30,pentagon,1803,384,23174,coasting,0.0
1258,27,pentagon,1811,528,37751,confirmed,1.0
1258,28,trapezoid,1923,117,5105,coasting,0.706
1258,29,triangle,1903,873,6652,coasting,0.0
1258,30,pentagon,1800,391,23174,coasting,0.0
1259,27,pentagon,1817,555,37739,confirmed,1.0
1259,28,trapezoid,1926,98,5105,coasting,0.706
1259,29,triangle,1904,872,6652,coasting,0.0
1259,30,pentagon,1797,398,23174,coasting,0.0
1260,27,pentagon,1821,583,37561,confirmed,1.0
1260,28,trapezoid,1929,82,5105,coasting,0.706
1260,29,triangle,1904,872,6652,coasting,0.0
1260,30,pentagon,1794,404,23174,coasting,0.0
1260,31,triangle,1843,109,20625,confirmed,0.0
1261,27,pentagon,1822,610,37496,confirmed,1.0
1261,28,trapezoid,1932,67,5105,coasting,0.706
1261,29,triangle,1904,871,6652,coasting,0.0
1261,30,pentagon,1791,410,23174,coasting,0.0
1261,31,triangle,1775,126,20836,confirmed,1.0
1262,27,pentagon,1820,638,37060,confirmed,1.0
1262,28,trapezoid,1934,53,5105,coasting,0.706
1262,30,pentagon,1789,415,23174,coasting,0.0
1262,31,triangle,1730,141,20691,confirmed,1.0
1263,27,pentagon,1802,666,36633,confirmed,1.0
1263,28,trapezoid,1937,41,5105,coasting,0.706
1263,30,pentagon,1787,420,23174,coasting,0.0
1263,31,triangle,1697,157,21019,confirmed,1.0
1264,27,pentagon,1775,690,36457,confirmed,1.0
1264,28,trapezoid,1938,30,5105,coasting,0.706
1264,30,pentagon,1785,424,23174,coasting,0.0
1264,31,triangle,1672,173,20795,confirmed,1.0
1264,32,hexagon,1686,564,22270,confirmed,0.0
1265,27,pentagon,1742,711,36692,confirmed,1.0
1265,28,trapezoid,1940,20,5105,coasting,0.706
1265,30,pentagon,1784,427,23174,coasting,0.0
1265,31,triangle,1654,193,20913,confirmed,1.0
1265,32,hexagon,1665,580,21481,confirmed,0.0
1266,27,pentagon,1706,731,36585,confirmed,1.0
1266,28,trapezoid,1942,11,5105,coasting,0.706
1266,30,pentagon,1782,431,23174,coasting,0.0
1266,31,triangle,1643,213,20743,confirmed,1.0
1266,32,hexagon,1639,596,20688,confirmed,0.0
1267,27,pentagon,1668,749,36696,confirmed,1.0
1267,28,trapezoid,1943,3,5105,coasting,0.706
1267,30,pentagon,1781,434,23174,coasting,0.0
1267,31,triangle,1639,235,20800,confirmed,1.0
1267,32,trapezoid,1599,605,18841,confirmed,1.0
1267,33,trapezoid,1883,791,10017,confirmed,0.0
1268,27,pentagon,1627,763,36550,confirmed,1.0
1268,28,trapezoid,1945,-4,5105,coasting,0.706
1268,30,pentagon,1780,436,23174,coasting,0.0
1268,31,triangle,1641,258,20826,confirmed,1.0
1268,32,trapezoid,1569,616,18072,confirmed,1.0
1268,33,trapezoid,1881,828,10359,confirmed,0.0
1269,27,pentagon,1581,774,36619,confirmed,1.0
1269,28,trapezoid,1946,-10,5105,coasting,0.706
1269,31,triangle,1646,280,20876,confirmed,1.0
1269,32,trapezoid,1540,627,16687,confirmed,1.0
1269,33,trapezoid,1880,871,10734,confirmed,0.0
1270,27,pentagon,1534,781,36581,confirmed,1.0
1270,28,trapezoid,1947,-16,5105,coasting,0.706
1270,31,triangle,1654,300,20640,confirmed,1.0
1270,32,trapezoid,1512,638,15552,confirmed,1.0
1270,33,hexagon,1884,906,5051,confirmed,0.0
1271,27,pentagon,1487,788,36470,confirmed,1.0
1271,28,trapezoid,1948,-21,5105,coasting,0.706
1271,31,triangle,1661,322,20785,confirmed,1.0
1271,32,trapezoid,1484,649,15552,coasting,1.0
1271,33,pentagon,1889,919,4826,confirmed,0.0
1272,27,pentagon,1439,784,36567,confirmed,1.0
1272,28,trapezoid,1949,-26,5105,coasting,0.706
1272,31,triangle,1670,344,20961,confirmed,1.0
1272,32,trapezoid,1458,658,15552,coasting,1.0
1272,33,pentagon,1892,942,4826,coasting,0.0
1273,27,pentagon,1391,781,32206,confirmed,1.0
1273,31,triangle,1679,364,20803,confirmed,1.0
1273,32,trapezoid,1435,667,15552,coasting,1.0
1273,33,pentagon,1894,964,4826,coasting,0.0
1274,27,pentagon,1350,769,37849,confirmed,0.978
1274,31,triangle,1689,386,21001,confirmed,1.0
1274,32,trapezoid,1414,675,15552,coasting,1.0
1274,33,pentagon,1897,983,4826,coasting,0.0
1275,27,pentagon,1303,760,37672,confirmed,0.978
1275,31,triangle,1698,406,20864,confirmed,1.0
1275,32,trapezoid,1395,682,15552,coasting,1.0
1275,33,pentagon,1899,1000,4826,coasting,0.0
1276,27,pentagon,1261,743,36577,confirmed,0.978
1276,31,triangle,1707,426,20756,confirmed,1.0
1276,32,trapezoid,1378,689,15552,coasting,1.0
1276,33,pentagon,1901,1015,4826,coasting,0.0
1277,27,pentagon,1218,729,36953,confirmed,0.978
1277,31,triangle,1717,448,21035,confirmed,1.0
1277,32,trapezoid,1346,673,5436,confirmed,1.0
1277,33,pentagon,1903,1029,4826,coasting,0.0
1278,27,pentagon,1181,712,36501,confirmed,0.978
1278,31,triangle,1726,468,20891,confirmed,1.0
1278,32,trapezoid,1323,668,5436,coasting,1.0
1278,33,pentagon,1904,1042,4826,coasting,0.0
1279,27,pentagon,1143,695,36522,confirmed,0.978
1279,31,triangle,1734,488,20804,confirmed,1.0
1279,32,trapezoid,1301,664,5436,coasting,1.0
1279,33,pentagon,1906,1053,4826,coasting,0.0
1280,27,pentagon,1107,679,37083,confirmed,0.978
1280,31,triangle,1742,508,20683,confirmed,1.0
1280,32,trapezoid,1265,655,21443,confirmed,1.0
1280,33,pentagon,1907,1063,4826,coasting,0.0
1281,27,pentagon,1093,657,62118,confirmed,0.978
1281,31,triangle,1750,530,20933,confirmed,1.0
1281,32,trapezoid,1237,649,21443,coasting,1.0
1281,33,pentagon,1908,1073,4826,coasting,0.0
1282,27,pentagon,1048,640,36672,confirmed,0.978
1282,31,triangle,1758,550,20831,confirmed,1.0
1282,32,trapezoid,1210,633,28525,confirmed,1.0
1282,33,pentagon,1909,1081,4826,coasting,0.0
1283,27,pentagon,1013,619,36488,confirmed,0.978
1283,31,triangle,1766,570,20824,confirmed,1.0
1283,32,trapezoid,1199,600,29966,confirmed,0.5
1283,33,pentagon,1910,1088,4826,coasting,0.0
1284,27,pentagon,984,598,36590,confirmed,0.978
1284,31,triangle,1770,592,21006,confirmed,1.0
1284,32,rectangle,1197,576,29827,confirmed,0.667
1284,33,pentagon,1911,1095,4826,coasting,0.0
1285,27,pentagon,953,579,36817,confirmed,0.978
1285,31,triangle,1772,612,20861,confirmed,1.0
1285,32,rectangle,1197,555,29820,confirmed,0.75
1285,33,pentagon,1912,1101,4826,coasting,0.0
1286,27,pentagon,931,556,36566,confirmed,0.978
1286,31,triangle,1772,632,20730,confirmed,1.0
1286,32,rectangle,1206,536,29824,confirmed,0.8
1286,33,pentagon,1913,1106,4826,coasting,0.0
1287,27,pentagon,908,532,36543,confirmed,0.978
1287,31,triangle,1768,654,21031,confirmed,1.0
1287,32,rectangle,1215,518,29978,confirmed,0.833
1287,33,pentagon,1913,1111,4826,coasting,0.0
1288,27,pentagon,885,510,36599,confirmed,0.978
1288,31,triangle,1760,674,20984,confirmed,1.0
1288,32,rectangle,1224,499,29887,confirmed,0.857
1288,33,pentagon,1914,1116,4826,coasting,0.0
1289,27,pentagon,864,487,36510,confirmed,0.978
1289,31,triangle,1751,694,21000,confirmed,1.0
1289,32,rectangle,1234,481,29875,confirmed,0.875
1289,33,pentagon,1914,1120,4826,coasting,0.0
1290,27,pentagon,844,463,36444,confirmed,0.978
1290,31,triangle,1740,713,20712,confirmed,1.0
1290,32,rectangle,1246,463,29737,confirmed,0.889
1290,33,pentagon,1915,1123,4826,coasting,0.0
1291,27,pentagon,827,440,36688,confirmed,0.978
1291,31,triangle,1729,732,20836,confirmed,1.0
1291,32,rectangle,1261,447,29992,confirmed,0.9
1291,33,pentagon,1915,1126,4826,coasting,0.0
1292,27,pentagon,810,415,37320,confirmed,0.978
1292,31,triangle,1716,752,20933,confirmed,1.0
1292,32,rectangle,1276,429,29964,confirmed,0.909
1293,27,pentagon,794,390,36836,confirmed,0.978
1293,31,triangle,1703,770,20815,confirmed,1.0
1293,32,rectangle,1293,413,29872,confirmed,0.917
1294,27,pentagon,779,368,36842,confirmed,0.978
1294,31,triangle,1688,788,20720,confirmed,1.0
1294,32,rectangle,1310,396,29963,confirmed,0.923
1295,27,pentagon,765,343,37423,confirmed,0.978
1295,31,triangle,1673,806,20635,confirmed,1.0
1295,32,rectangle,1327,381,29910,confirmed,0.929
1296,27,pentagon,743,320,36461,confirmed,0.978
1296,31,triangle,1656,824,20669,confirmed,1.0
1296,32,rectangle,1344,365,29886,confirmed,0.933
1297,27,pentagon,719,299,36596,confirmed,0.978
1297,31,triangle,1640,842,20695,confirmed,1.0
1297,32,rectangle,1362,349,29962,confirmed,0.938
1298,27,pentagon,696,278,36918,confirmed,0.978
1298,31,triangle,1622,860,20862,confirmed,1.0
1298,32,rectangle,1379,333,29949,confirmed,0.941
1299,27,pentagon,660,262,36616,confirmed,0.978
1299,31,triangle,1605,878,20944,confirmed,1.0
1299,32,rectangle,1397,317,29859,confirmed,0.944
1300,27,pentagon,616,258,36474,confirmed,0.978
1300,31,triangle,1586,894,20815,confirmed,1.0
1300,32,rectangle,1414,302,29835,confirmed,0.947
1301,27,pentagon,579,254,36787,confirmed,0.978
1301,31,triangle,1565,910,20851,confirmed,1.0
1301,32,rectangle,1432,286,29889,confirmed,0.95
1301,34,circle,1859,208,29645,confirmed,0.0
1302,27,pentagon,542,280,36618,confirmed,0.978
1302,31,triangle,1540,925,20971,confirmed,1.0
1302,32,rectangle,1452,272,29740,confirmed,0.952
1302,34,circle,1843,222,31625,confirmed,0.0
1303,27,pentagon,508,292,37761,confirmed,0.978
1303,31,triangle,1508,932,20721,confirmed,1.0
1303,32,rectangle,1472,256,29918,confirmed,0.955
1303,34,circle,1828,243,32663,confirmed,0.0
1304,27,pentagon,476,318,36597,confirmed,0.978
1304,31,triangle,1474,936,20972,confirmed,1.0
1304,32,rectangle,1493,243,29955,confirmed,0.957
1304,34,circle,1816,269,32700,confirmed,0.0
1305,27,pentagon,446,339,36510,confirmed,0.978
1305,31,triangle,1439,938,20845,confirmed,1.0
1305,32,rectangle,1505,242,29960,confirmed,0.958
1305,34,circle,1814,295,30853,confirmed,0.0
1306,27,pentagon,416,357,36474,confirmed,0.978
1306,31,triangle,1406,931,20984,confirmed,1.0
1306,32,rectangle,1516,233,30003,confirmed,0.96
1306,34,circle,1824,309,25577,confirmed,0.0
1307,27,pentagon,387,376,36586,confirmed,0.978
1307,31,triangle,1375,920,20733,confirmed,1.0
1307,32,rectangle,1531,219,29854,confirmed,0.962
1307,34,pentagon,1839,308,20526,confirmed,0.0
1308,27,pentagon,360,395,36517,confirmed,0.978
1308,31,triangle,1344,911,20819,confirmed,1.0
1308,32,rectangle,1547,202,29828,confirmed,0.963
1308,34,pentagon,1859,293,15200,confirmed,0.0
1309,27,pentagon,336,415,36530,confirmed,0.978
1309,31,triangle,1313,902,20904,confirmed,1.0
1309,32,rectangle,1558,185,29954,confirmed,0.964
1309,34,pentagon,1875,268,14684,confirmed,0.0
1310,27,pentagon,315,436,36559,confirmed,0.978
1310,31,triangle,1283,893,20699,confirmed,1.0
1310,32,rectangle,1565,167,29990,confirmed,0.966
1310,34,pentagon,1886,236,15877,confirmed,0.0
1311,27,pentagon,294,458,36709,confirmed,0.978
1311,31,triangle,1253,884,21022,confirmed,1.0
1311,32,rectangle,1562,149,29807,confirmed,0.967
1311,34,pentagon,1890,201,17097,confirmed,0.0
1312,27,pentagon,279,480,36555,confirmed,0.978
1312,31,triangle,1225,873,20742,confirmed,1.0
1312,32,rectangle,1556,131,29866,confirmed,0.968
1312,34,pentagon,1890,165,18408,confirmed,0.0
1313,27,pentagon,270,503,36635,confirmed,0.978
1313,31,triangle,1197,862,20932,confirmed,1.0
1313,32,rectangle,1544,114,29919,confirmed,0.969
1313,34,pentagon,1885,131,19961,confirmed,0.0
1314,27,pentagon,260,525,38400,confirmed,0.978
1314,31,triangle,1171,849,20683,confirmed,1.0
1314,32,rectangle,1534,98,29097,confirmed,0.969
1314,34,hexagon,1877,100,22108,confirmed,0.0
1315,27,pentagon,261,552,36928,confirmed,0.978
1315,31,triangle,1148,835,20723,confirmed,1.0
1315,32,rectangle,1519,86,27355,confirmed,0.969
1315,34,circle,1866,75,23195,confirmed,0.0
1316,27,pentagon,277,574,36606,confirmed,0.978
1316,31,triangle,1129,819,20675,confirmed,1.0
1316,32,rectangle,1498,78,25784,confirmed,0.969
1316,34,circle,1853,57,23712,confirmed,0.0
1317,27,pentagon,308,590,36622,confirmed,0.978
1317,31,triangle,1114,802,20837,confirmed,1.0
1317,32,rectangle,1471,74,24939,confirmed,0.969
1317,34,circle,1837,44,23438,confirmed,0.0
1318,27,pentagon,338,604,37616,confirmed,0.978
1318,31,triangle,1102,785,20762,confirmed,1.0
1318,32,rectangle,1440,73,24494,confirmed,0.969
1318,34,pentagon,1815,36,20569,confirmed,0.0
1319,27,pentagon,387,608,36464,confirmed,0.978
1319,31,triangle,1091,768,21000,confirmed,1.0
1319,32,rectangle,1406,76,25147,confirmed,0.969
1319,34,pentagon,1785,32,17744,confirmed,0.0
1320,27,pentagon,432,613,36658,confirmed,0.978
1320,31,triangle,1080,750,20885,confirmed,1.0
1320,32,rectangle,1371,80,25904,confirmed,0.969
1320,34,pentagon,1747,31,16896,confirmed,0.0
1321,27,pentagon,473,620,36866,confirmed,0.978
1321,31,triangle,1069,732,20849,confirmed,1.0
1321,32,rectangle,1338,86,27157,confirmed,0.969
1321,34,pentagon,1701,33,16537,confirmed,0.0
1322,27,pentagon,514,625,36781,confirmed,0.978
1322,31,triangle,1058,714,20723,confirmed,1.0
1322,32,rectangle,1307,94,28543,confirmed,0.969
1322,34,pentagon,1655,38,19088,confirmed,0.0
1323,27,pentagon,556,627,36597,confirmed,0.978
1323,31,triangle,1050,696,20747,confirmed,1.0
1323,32,rectangle,1279,101,30001,confirmed,0.969
1323,34,hexagon,1610,46,22193,confirmed,0.0
1324,27,pentagon,597,627,36668,confirmed,0.978
1324,31,triangle,1044,678,20754,confirmed,1.0
1324,32,rectangle,1263,116,29940,confirmed,0.97
1324,34,circle,1571,58,25870,confirmed,0.0
1325,27,pentagon,638,627,36609,confirmed,0.978
1325,31,triangle,1038,660,20750,confirmed,1.0
1325,32,rectangle,1245,131,29888,confirmed,0.971
1325,34,circle,1541,72,29628,confirmed,0.0
1326,27,pentagon,680,626,36708,confirmed,0.978
1326,31,triangle,1032,642,20762,confirmed,1.0
1326,32,rectangle,1231,146,29892,confirmed,0.971
1326,34,circle,1524,88,32399,confirmed,0.0
1327,27,pentagon,720,626,36664,confirmed,0.978
1327,31,triangle,1026,624,20714,confirmed,1.0
1327,32,rectangle,1217,162,29778,confirmed,0.972
1327,34,circle,1551,118,32682,confirmed,1.0
1328,27,pentagon,761,625,36546,confirmed,0.978
1328,31,triangle,1020,606,20683,confirmed,1.0
1328,32,rectangle,1206,177,29842,confirmed,0.973
1328,34,circle,1584,129,32661,confirmed,1.0
1329,27,pentagon,802,623,36586,confirmed,0.978
1329,31,triangle,1013,588,20635,confirmed,1.0
1329,32,rectangle,1196,193,29835,confirmed,0.974
1329,34,circle,1604,130,32717,confirmed,1.0
1330,27,pentagon,841,619,36636,confirmed,0.978
1330,31,triangle,1009,569,18833,confirmed,1.0
1330,32,rectangle,1188,209,29864,confirmed,0.974
1330,34,circle,1619,120,30405,confirmed,1.0
1331,27,pentagon,880,611,36562,confirmed,0.978
1331,31,triangle,1004,551,18833,coasting,1.0
1331,32,rectangle,1181,225,29902,confirmed,0.975
1331,34,circle,1622,103,27010,confirmed,1.0
1332,27,pentagon,917,602,36543,confirmed,0.978
1332,31,triangle,1000,534,18833,coasting,1.0
1332,32,rectangle,1175,241,29752,confirmed,0.976
1332,34,circle,1610,83,23409,confirmed,1.0
1333,27,pentagon,951,590,36560,confirmed,1.0
1333,31,triangle,995,520,18833,coasting,1.0
1333,32,rectangle,1168,258,29912,confirmed,0.976
1333,34,circle,1584,63,19835,confirmed,1.0
1334,27,pentagon,986,578,36742,confirmed,1.0
1334,31,triangle,992,506,18833,coasting,1.0
1334,32,rectangle,1162,275,29927,confirmed,0.977
1334,34,circle,1548,45,16611,confirmed,1.0
1335,27,pentagon,1017,566,36730,confirmed,1.0
1335,31,triangle,988,494,18833,coasting,1.0
1335,32,rectangle,1155,290,29995,confirmed,0.977
1335,34,circle,1505,31,13753,confirmed,1.0
1336,27,pentagon,1043,547,36430,confirmed,1.0
1336,31,triangle,985,483,18833,coasting,1.0
1336,32,rectangle,1149,307,29971,confirmed,0.978
1336,34,circle,1458,21,11105,confirmed,1.0
1337,27,pentagon,1070,530,36554,confirmed,1.0
1337,31,triangle,982,474,18833,coasting,1.0
1337,32,rectangle,1143,321,29558,confirmed,0.978
1337,34,circle,1417,9,11105,coasting,1.0
1338,27,pentagon,1097,513,37293,confirmed,1.0
1338,31,triangle,968,451,17720,confirmed,1.0
1338,32,rectangle,1138,335,26282,confirmed,0.978
1338,34,circle,1380,-3,11105,coasting,1.0
1339,27,pentagon,1123,498,36732,confirmed,1.0
1339,31,triangle,947,416,19440,confirmed,0.978
1339,32,rectangle,1131,344,21050,confirmed,0.978
1339,34,circle,1347,-13,11105,coasting,1.0
1339,35,triangle,1354,24,7137,confirmed,0.0
1340,27,pentagon,1149,481,36491,confirmed,1.0
1340,31,triangle,939,396,20672,confirmed,0.978
1340,32,rectangle,1122,348,17040,confirmed,0.978
1340,34,circle,1318,-23,11105,coasting,1.0
1340,35,triangle,1313,23,7547,confirmed,0.0
1341,27,pentagon,1177,464,37632,confirmed,1.0
1341,31,triangle,934,379,20660,confirmed,0.978
1341,32,rectangle,1109,350,14856,confirmed,0.978
1341,34,circle,1291,-31,11105,coasting,1.0
1341,35,triangle,1264,24,8149,confirmed,0.0
1342,27,pentagon,1201,448,36627,confirmed,1.0
1342,31,triangle,927,363,20838,confirmed,0.978
1342,32,rectangle,1099,355,14856,coasting,0.978
1342,34,circle,1267,-39,11105,coasting,1.0
1342,35,trapezoid,1210,25,9350,confirmed,0.0
1343,27,pentagon,1227,430,36942,confirmed,1.0
1343,31,triangle,919,347,20922,confirmed,0.978
1343,32,rectangle,1088,378,24660,confirmed,0.978
1343,34,circle,1246,-45,11105,coasting,1.0
1343,35,trapezoid,1157,28,11501,confirmed,0.0
1344,27,pentagon,1251,414,36568,confirmed,1.0
1344,31,triangle,910,332,21012,confirmed,0.978
1344,32,rectangle,1076,422,29246,confirmed,0.978
1344,34,circle,1226,-51,11105,coasting,1.0
1344,35,pentagon,1107,33,14178,confirmed,0.0
1345,27,pentagon,1274,398,36661,confirmed,1.0
1345,31,triangle,901,314,20732,confirmed,0.978
1345,32,rectangle,1064,445,29444,confirmed,0.978
1345,34,circle,1209,-57,11105,coasting,1.0
1345,35,pentagon,1062,40,17226,confirmed,0.0
1346,27,pentagon,1299,381,36524,confirmed,1.0
1346,31,triangle,891,298,20749,confirmed,0.978
1346,32,rectangle,1051,461,29473,confirmed,0.978
1346,35,hexagon,1024,48,20639,confirmed,0.0
1347,27,pentagon,1323,364,36526,confirmed,1.0
1347,31,triangle,882,282,20805,confirmed,0.978
1347,32,rectangle,1037,473,29773,confirmed,0.978
1347,35,circle,992,58,24338,confirmed,0.0
1348,27,pentagon,1347,348,36662,confirmed,1.0
1348,31,triangle,873,266,20845,confirmed,0.978
1348,32,rectangle,1022,485,29966,confirmed,0.978
1348,35,circle,967,70,28028,confirmed,0.0
1348,36,trapezoid,1883,916,10572,confirmed,0.0
1349,27,pentagon,1372,332,36804,confirmed,1.0
1349,31,triangle,864,250,20855,confirmed,0.978
1349,32,rectangle,1008,498,29879,confirmed,0.978
1349,35,circle,948,83,31155,confirmed,0.0
1349,36,pentagon,1879,892,11629,confirmed,0.0
1350,27,pentagon,1396,315,36511,confirmed,1.0
1350,31,triangle,850,231,15989,confirmed,0.978
1350,32,rectangle,992,510,29960,confirmed,0.978
1350,35,circle,923,95,31155,coasting,0.0
1350,36,pentagon,1874,858,13264,confirmed,0.0
1350,37,circle,951,107,32665,confirmed,1.0
1351,27,pentagon,1419,297,33189,confirmed,1.0
1351,31,triangle,839,214,15989,coasting,0.978
1351,32,rectangle,974,522,29965,confirmed,0.978
1351,35,circle,900,105,31155,coasting,0.0
1351,36,pentagon,1870,814,13041,confirmed,0.0
1351,37,circle,934,128,48668,confirmed,1.0
1352,27,pentagon,1443,282,36593,confirmed,1.0
1352,31,triangle,829,199,15989,coasting,0.978
1352,32,rectangle,953,533,29860,confirmed,0.978
1352,35,circle,880,114,31155,coasting,0.0
1352,36,trapezoid,1867,767,14045,confirmed,0.0
1352,37,circle,896,163,44225,confirmed,0.5
1353,27,pentagon,1466,266,36638,confirmed,1.0
1353,31,triangle,820,185,15989,coasting,0.978
1353,32,rectangle,930,542,29871,confirmed,0.978
1353,35,circle,861,123,31155,coasting,0.0
1353,36,trapezoid,1863,718,14693,confirmed,0.0
1353,37,circle,873,183,43131,confirmed,0.5
1354,27,pentagon,1490,250,36669,confirmed,1.0
1354,31,triangle,802,169,13716,confirmed,0.978
1354,32,rectangle,905,547,29891,confirmed,0.978
1354,35,circle,845,130,31155,coasting,0.0
1354,36,trapezoid,1860,671,15648,confirmed,0.0
1354,37,circle,900,202,32696,confirmed,0.667
1355,27,pentagon,1515,234,36555,confirmed,1.0
1355,31,triangle,781,154,18383,confirmed,0.956
1355,32,rectangle,878,551,29985,confirmed,0.978
1355,35,circle,830,137,31155,coasting,0.0
1355,36,pentagon,1858,626,15279,confirmed,0.0
1355,37,circle,929,221,32656,confirmed,0.75
1356,27,pentagon,1542,220,36548,confirmed,1.0
1356,31,triangle,770,145,20698,confirmed,0.956
1356,32,rectangle,851,555,29958,confirmed,0.978
1356,35,circle,817,143,31155,coasting,0.0
1356,36,trapezoid,1855,584,17669,confirmed,0.0
1356,37,circle,963,239,32644,confirmed,0.8
1357,27,pentagon,1572,208,36579,confirmed,1.0
1357,31,triangle,752,134,20689,confirmed,0.956
1357,32,rectangle,824,555,29921,confirmed,0.978
1357,35,circle,805,149,31155,coasting,0.0
1357,36,trapezoid,1853,544,17018,confirmed,0.0
1357,37,circle,1001,253,32666,confirmed,0.833
1358,27,pentagon,1602,196,36625,confirmed,1.0
1358,31,triangle,733,123,20750,confirmed,0.956
1358,32,rectangle,798,552,29865,confirmed,0.978
1358,35,circle,794,154,31155,coasting,0.0
1358,36,trapezoid,1852,507,17661,confirmed,0.0
1358,37,circle,1044,259,32670,confirmed,0.857
1359,27,pentagon,1632,182,36997,confirmed,1.0
1359,31,triangle,711,114,20886,confirmed,0.956
1359,32,rectangle,771,549,30007,confirmed,0.978
1359,35,circle,784,159,31155,coasting,0.0
1359,36,trapezoid,1850,471,18624,confirmed,0.0
1359,37,circle,1089,255,32676,confirmed,0.875
1360,27,pentagon,1664,178,36620,confirmed,1.0
1360,31,triangle,685,108,20796,confirmed,0.956
1360,32,rectangle,745,545,29882,confirmed,0.978
1360,35,circle,775,163,31155,coasting,0.0
1360,36,trapezoid,1849,435,18395,confirmed,0.0
1360,37,circle,1127,245,32665,confirmed,0.889
1361,27,pentagon,1697,183,36482,confirmed,1.0
1361,31,triangle,656,106,20920,confirmed,0.956
1361,32,rectangle,719,542,29826,confirmed,0.978
1361,35,circle,767,166,31155,coasting,0.0
1361,36,pentagon,1844,399,21645,confirmed,0.0
1361,37,circle,1137,222,32665,confirmed,0.9
1362,27,pentagon,1721,200,36657,confirmed,1.0
1362,31,triangle,625,106,20624,confirmed,0.956
1362,32,rectangle,694,537,29842,confirmed,0.978
1362,35,circle,760,170,31155,coasting,0.0
1362,36,trapezoid,1844,362,19240,confirmed,0.0
1362,37,circle,1136,195,32660,confirmed,0.909
1363,27,pentagon,1739,218,36521,confirmed,1.0
1363,31,triangle,594,107,20676,confirmed,0.956
1363,32,rectangle,672,529,29777,confirmed,0.978
1363,35,circle,754,172,31155,coasting,0.0
1363,36,circle,1852,326,9573,confirmed,0.0
1363,37,circle,1118,171,32653,confirmed,0.917
1364,27,pentagon,1754,238,36607,confirmed,1.0
1364,31,triangle,562,110,20727,confirmed,0.956
1364,32,rectangle,654,518,29964,confirmed,0.978
1364,35,circle,748,175,31155,coasting,0.0
1364,36,trapezoid,1864,289,10265,confirmed,0.0
1364,37,circle,1095,148,32650,confirmed,0.923
1365,27,pentagon,1766,257,36539,confirmed,1.0
1365,31,triangle,532,113,20735,confirmed,0.956
1365,32,rectangle,639,505,29947,confirmed,0.978
1365,35,circle,743,177,31155,coasting,0.0
1365,36,trapezoid,1871,253,10265,coasting,0.0
1365,37,circle,1068,128,32665,confirmed,0.929
1366,27,pentagon,1776,277,36662,confirmed,1.0
1366,31,triangle,504,119,20848,confirmed,0.956
1366,32,rectangle,627,491,30008,confirmed,0.978
1366,35,circle,738,180,31155,coasting,0.0
1366,36,trapezoid,1878,220,10265,coasting,0.0
1366,37,circle,1037,109,32680,confirmed,0.933
1367,27,pentagon,1784,297,36557,confirmed,1.0
1367,31,triangle,485,133,20919,confirmed,0.956
1367,32,rectangle,619,476,29917,confirmed,0.978
1367,35,circle,734,182,31155,coasting,0.0
1367,36,trapezoid,1884,190,10265,coasting,0.0
1367,37,circle,1006,92,32335,confirmed,0.933
1368,27,pentagon,1792,317,36546,confirmed,1.0
1368,31,triangle,465,145,21012,confirmed,0.956
1368,32,rectangle,612,462,29967,confirmed,0.978
1368,35,circle,730,183,31155,coasting,0.0
1368,36,trapezoid,1889,164,10265,coasting,0.0
1368,37,circle,970,80,31555,confirmed,0.933
1369,27,pentagon,1799,336,36622,confirmed,1.0
1369,31,triangle,443,154,20721,confirmed,0.956
1369,32,rectangle,609,448,29992,confirmed,0.978
1369,35,circle,727,185,31155,coasting,0.0
1369,36,trapezoid,1894,140,10265,coasting,0.0
1369,37,circle,929,73,30879,confirmed,0.933
1370,27,pentagon,1806,355,36556,confirmed,1.0
1370,31,triangle,422,164,20757,confirmed,0.956
1370,32,rectangle,606,433,29854,confirmed,0.978
1370,36,trapezoid,1898,118,10265,coasting,0.0
1370,37,circle,885,70,30079,confirmed,0.933
1371,27,pentagon,1814,374,36321,confirmed,1.0
1371,31,triangle,402,176,21016,confirmed,0.956
1371,32,rectangle,604,419,29823,confirmed,0.978
1371,36,trapezoid,1902,99,10265,coasting,0.0
1371,37,circle,841,72,31446,confirmed,0.933
1372,27,pentagon,1821,394,35889,confirmed,1.0
1372,31,triangle,381,186,20944,confirmed,0.956
1372,32,rectangle,602,406,29776,confirmed,0.978
1372,36,trapezoid,1906,81,10265,coasting,0.0
1372,37,circle,799,82,32729,confirmed,0.933
1373,27,pentagon,1825,413,36046,confirmed,1.0
1373,31,triangle,362,196,20745,confirmed,0.956
1373,32,rectangle,601,390,29928,confirmed,0.978
1373,36,trapezoid,1909,65,10265,coasting,0.0
1373,37,circle,767,114,32672,confirmed,0.938
1374,27,pentagon,1826,432,36153,confirmed,1.0
1374,31,triangle,344,208,20818,confirmed,0.956
1374,32,rectangle,602,376,29929,confirmed,0.978
1374,36,trapezoid,1912,51,10265,coasting,0.0
1374,37,circle,737,138,32677,confirmed,0.941
1375,27,pentagon,1824,451,36578,confirmed,1.0
1375,31,triangle,327,220,20791,confirmed,0.956
1375,32,rectangle,604,362,29940,confirmed,0.978
1375,36,trapezoid,1915,39,10265,coasting,0.0
1375,37,circle,711,159,32668,confirmed,0.944
1376,27,pentagon,1820,470,36386,confirmed,1.0
1376,31,triangle,313,233,20919,confirmed,0.956
1376,32,rectangle,602,353,28095,confirmed,0.956
1376,36,trapezoid,1917,27,10265,coasting,0.0
1376,37,circle,688,181,32687,confirmed,0.947
1377,27,pentagon,1816,490,36709,confirmed,1.0
1377,31,triangle,301,248,20993,confirmed,0.956
1377,32,rectangle,602,343,23470,confirmed,0.956
1377,36,trapezoid,1919,17,10265,coasting,0.0
1377,37,circle,670,203,32664,confirmed,0.95
1377,38,hexagon,1724,630,20292,confirmed,0.0
1378,27,pentagon,1811,509,36610,confirmed,1.0
1378,31,triangle,290,261,20651,confirmed,0.956
1378,32,rectangle,601,332,23470,coasting,0.956
1378,36,trapezoid,1921,8,10265,coasting,0.0
1378,37,circle,664,227,32669,confirmed,0.952
1378,38,trapezoid,1726,663,26978,confirmed,0.0
1379,27,pentagon,1806,528,36689,confirmed,1.0
1379,31,triangle,280,274,20664,confirmed,0.956
1379,32,rectangle,601,323,23470,coasting,0.956
1379,36,trapezoid,1923,-1,10265,coasting,0.0
1379,37,circle,680,248,32665,confirmed,0.955
1379,38,trapezoid,1722,703,26930,confirmed,0.0
1380,27,pentagon,1802,546,37171,confirmed,1.0
1380,31,triangle,269,288,20739,confirmed,0.956
1380,32,rectangle,601,309,20346,confirmed,0.956
1380,36,trapezoid,1924,-8,10265,coasting,0.0
1380,37,circle,710,267,32661,confirmed,0.957
1380,38,pentagon,1702,764,21779,confirmed,1.0
1381,27,pentagon,1798,565,36435,confirmed,1.0
1381,31,triangle,263,303,20988,confirmed,0.956
1381,32,rectangle,605,290,26528,confirmed,0.956
1381,36,trapezoid,1926,-15,10265,coasting,0.0
1381,37,circle,748,281,32652,confirmed,0.958
1381,38,pentagon,1691,810,21032,confirmed,1.0
1382,27,pentagon,1793,584,36671,confirmed,1.0
1382,31,triangle,259,318,20827,confirmed,0.956
1382,32,rectangle,612,266,29922,confirmed,0.956
1382,36,trapezoid,1927,-21,10265,coasting,0.0
1382,37,circle,793,285,32661,confirmed,0.96
1382,38,pentagon,1680,853,21253,confirmed,1.0
1383,27,pentagon,1789,602,36634,confirmed,1.0
1383,31,triangle,255,332,20797,confirmed,0.956
1383,32,rectangle,615,250,29951,confirmed,0.956
1383,36,trapezoid,1928,-27,10265,coasting,0.0
1383,37,circle,826,272,32664,confirmed,0.962
1383,38,pentagon,1666,892,27057,confirmed,1.0
1384,27,pentagon,1784,621,36560,confirmed,1.0
1384,31,triangle,248,346,20729,confirmed,0.956
1384,32,rectangle,617,235,29914,confirmed,0.956
1384,36,trapezoid,1929,-32,10265,coasting,0.0
1384,37,circle,828,248,32675,confirmed,0.963
1384,38,pentagon,1647,922,26745,confirmed,0.5
1385,27,pentagon,1779,639,36515,confirmed,1.0
1385,31,triangle,240,360,20752,confirmed,0.956
1385,32,rectangle,617,221,29906,confirmed,0.956
1385,37,circle,808,224,32677,confirmed,0.964
1385,38,pentagon,1629,954,26231,confirmed,0.5
1386,27,pentagon,1774,658,36647,confirmed,1.0
1386,31,triangle,227,374,20977,confirmed,0.956
1386,32,rectangle,619,207,28526,confirmed,0.956
1386,37,circle,781,201,32652,confirmed,0.966
1386,38,pentagon,1617,961,20995,confirmed,0.5
1387,27,pentagon,1768,676,36650,confirmed,1.0
1387,31,triangle,211,385,20828,confirmed,0.956
1387,32,rectangle,620,194,24729,confirmed,0.956
1387,37,circle,755,179,32661,confirmed,0.967
1387,38,pentagon,1609,944,20549,confirmed,0.5
1388,27,pentagon,1761,694,36643,confirmed,1.0
1388,31,triangle,189,393,20843,confirmed,0.956
1388,32,rectangle,620,183,20067,confirmed,0.956
1388,37,circle,729,158,32670,confirmed,0.968
1388,38,pentagon,1603,908,18930,confirmed,0.5
1389,27,pentagon,1752,711,36441,confirmed,1.0
1389,31,triangle,165,399,20938,confirmed,0.956
1389,32,rectangle,620,171,20067,coasting,0.956
1389,37,circle,705,137,32668,confirmed,0.969
1389,38,pentagon,1590,812,20311,confirmed,0.667
1390,27,pentagon,1742,728,36546,confirmed,1.0
1390,31,triangle,139,401,20850,confirmed,0.956
1390,32,rectangle,621,159,20067,coasting,0.956
1390,37,circle,678,125,41154,confirmed,0.969
1390,38,pentagon,1576,757,18891,confirmed,0.667
1391,27,pentagon,1727,744,36675,confirmed,1.0
1391,31,triangle,120,393,20674,confirmed,0.956
1391,32,rectangle,621,149,20067,coasting,0.956
1391,37,circle,654,116,42970,confirmed,0.969
1391,38,pentagon,1560,710,7310,confirmed,0.667
1392,27,pentagon,1699,750,36568,confirmed,1.0
1392,31,triangle,110,381,20919,confirmed,0.956
1392,32,rectangle,652,149,19485,confirmed,0.956
1392,37,circle,623,98,31029,confirmed,0.969
1392,38,pentagon,1546,658,7310,coasting,0.667
1393,27,pentagon,1667,747,36740,confirmed,1.0
1393,31,triangle,109,366,20940,confirmed,0.956
1393,32,rectangle,714,152,27824,confirmed,0.933
1393,37,circle,588,82,29402,confirmed,0.969
1393,38,pentagon,1541,620,14432,confirmed,0.667
1394,27,pentagon,1635,741,36635,confirmed,1.0
1394,31,triangle,110,351,20976,confirmed,0.956
1394,32,rectangle,746,149,29742,confirmed,0.933
1394,37,circle,549,69,27884,confirmed,0.969
1394,38,pentagon,1542,587,13484,confirmed,0.667
1395,27,pentagon,1605,734,36713,confirmed,1.0
1395,31,triangle,111,336,20967,confirmed,0.956
1395,32,rectangle,770,146,30013,confirmed,0.933
1395,37,circle,506,61,26671,confirmed,0.969
1395,38,pentagon,1554,555,16380,confirmed,0.667
1396,27,pentagon,1575,726,36528,confirmed,1.0
1396,31,triangle,110,322,20999,confirmed,0.956
1396,32,rectangle,792,146,29862,confirmed,0.933
1396,37,circle,461,56,25739,confirmed,0.969
1396,38,pentagon,1571,523,27134,confirmed,0.667
1397,27,pentagon,1545,719,36547,confirmed,1.0
1397,31,triangle,109,308,20982,confirmed,0.956
1397,32,rectangle,815,144,29976,confirmed,0.933
1397,37,circle,415,57,27503,confirmed,0.969
1397,38,pentagon,1585,491,27122,confirmed,0.667
1398,27,pentagon,1516,713,36482,confirmed,1.0
1398,31,triangle,108,294,20982,confirmed,0.956
1398,32,rectangle,837,143,29841,confirmed,0.933
1398,37,circle,372,63,29761,confirmed,0.969
1398,38,pentagon,1595,457,27175,confirmed,0.667
1399,27,pentagon,1486,707,36508,confirmed,1.0
1399,31,triangle,106,280,20973,confirmed,0.956
1399,32,rectangle,859,143,29831,confirmed,0.933
1399,37,circle,336,76,32010,confirmed,0.969
1399,38,pentagon,1601,421,20714,confirmed,0.667
1400,27,pentagon,1458,701,36524,confirmed,1.0
1400,31,triangle,105,266,20929,confirmed,0.956
1400,32,rectangle,882,144,29808,confirmed,0.956
1400,37,circle,326,109,32652,confirmed,0.97
1400,38,pentagon,1593,384,19473,confirmed,0.5
1401,27,pentagon,1429,694,36723,confirmed,1.0
1401,31,triangle,104,252,20868,confirmed,0.956
1401,32,rectangle,905,144,29999,confirmed,0.956
1401,37,circle,316,138,32675,confirmed,0.971
1401,38,pentagon,1585,348,18893,confirmed,0.4
1402,27,pentagon,1402,685,37948,confirmed,1.0
1402,31,triangle,103,238,20842,confirmed,0.956
1402,32,rectangle,928,145,29859,confirmed,0.956
1402,37,circle,307,164,32660,confirmed,0.971
1402,38,pentagon,1580,309,21032,confirmed,0.4
1403,27,pentagon,1375,678,36594,confirmed,1.0
1403,31,triangle,103,224,20753,confirmed,0.956
1403,32,rectangle,950,145,29835,confirmed,0.956
1403,37,circle,300,188,32654,confirmed,0.972
1403,38,pentagon,1575,270,20868,confirmed,0.4
1404,27,pentagon,1349,669,37402,confirmed,1.0
1404,31,triangle,109,212,20909,confirmed,0.956
1404,32,rectangle,973,146,29919,confirmed,0.956
1404,37,circle,298,213,32666,confirmed,0.973
1404,38,pentagon,1575,228,26539,confirmed,0.4
1405,27,pentagon,1324,659,36536,confirmed,1.0
1405,31,triangle,122,201,20022,confirmed,0.978
1405,32,rectangle,994,149,29847,confirmed,0.956
1405,37,circle,302,238,32674,confirmed,0.974
1405,38,pentagon,1568,189,19626,confirmed,0.4
1406,27,pentagon,1301,648,36674,confirmed,1.0
1406,31,triangle,144,200,19535,confirmed,0.956
1406,32,rectangle,1014,153,29987,confirmed,0.956
1406,37,circle,316,261,32671,confirmed,0.974
1406,38,pentagon,1559,151,20246,confirmed,0.4
1407,27,pentagon,1278,637,36662,confirmed,1.0
1407,31,triangle,168,205,19917,confirmed,0.933
1407,32,rectangle,1034,160,29815,confirmed,0.956
1407,37,circle,341,282,32670,confirmed,0.975
1407,38,pentagon,1544,141,21182,confirmed,0.4
1408,27,pentagon,1257,625,36502,confirmed,1.0
1408,31,triangle,194,212,20360,confirmed,0.933
1408,32,rectangle,1053,167,29964,confirmed,0.956
1408,37,circle,378,297,32677,confirmed,0.976
1408,38,pentagon,1524,209,21516,confirmed,0.333
1409,27,pentagon,1237,612,36727,confirmed,1.0
1409,31,triangle,218,219,20871,confirmed,0.933
1409,32,rectangle,1070,176,29810,confirmed,0.956
1409,37,circle,420,306,32645,confirmed,0.976
1409,38,pentagon,1508,244,20858,confirmed,0.333
1410,27,pentagon,1218,600,36601,confirmed,1.0
1410,31,triangle,240,226,21008,confirmed,0.933
1410,32,rectangle,1086,183,29746,confirmed,0.956
1410,37,circle,462,315,32665,confirmed,0.977
1410,38,pentagon,1492,283,21356,confirmed,0.333
1411,27,pentagon,1198,588,36644,confirmed,1.0
1411,31,triangle,260,233,21028,confirmed,0.933
1411,32,rectangle,1101,192,29956,confirmed,0.956
1411,37,circle,506,314,32657,confirmed,0.977
1411,38,pentagon,1475,333,26334,confirmed,0.429
1412,27,pentagon,1180,575,36598,confirmed,1.0
1412,31,triangle,278,242,21007,confirmed,0.933
1412,32,rectangle,1115,202,29890,confirmed,0.956
1412,37,circle,552,312,32665,confirmed,0.978
1412,38,pentagon,1461,377,20731,confirmed,0.5
1413,27,pentagon,1162,561,36468,confirmed,1.0
1413,31,triangle,296,250,21006,confirmed,0.933
1413,32,rectangle,1128,211,29826,confirmed,0.956
1413,37,circle,595,306,32676,confirmed,0.978
1413,38,pentagon,1447,416,20931,confirmed,0.556
1414,27,pentagon,1146,548,36651,confirmed,1.0
1414,31,triangle,314,258,20982,confirmed,0.933
1414,32,rectangle,1141,221,29819,confirmed,0.956
1414,37,circle,632,293,32670,confirmed,1.0
1414,38,pentagon,1433,455,26721,confirmed,0.556
1415,27,pentagon,1131,534,36879,confirmed,1.0
1415,31,triangle,331,266,20854,confirmed,0.933
1415,32,rectangle,1152,231,29810,confirmed,0.956
1415,37,circle,661,273,32663,confirmed,1.0
1415,38,pentagon,1420,489,26829,confirmed,0.5
1416,27,pentagon,1116,520,36647,confirmed,1.0
1416,31,triangle,344,276,20704,confirmed,0.956
1416,32,rectangle,1162,243,29854,confirmed,0.956
1416,37,circle,682,250,32659,confirmed,1.0
1416,38,pentagon,1406,525,21413,confirmed,0.5
1417,27,pentagon,1104,501,41651,confirmed,1.0
1417,31,triangle,355,287,20881,confirmed,0.956
1417,32,rectangle,1172,252,29954,confirmed,0.956
1417,37,circle,696,226,32695,confirmed,1.0
1417,38,pentagon,1391,563,20400,confirmed,0.5
1418,27,pentagon,1087,491,36680,confirmed,1.0
1418,31,triangle,363,300,20829,confirmed,0.956
1418,32,rectangle,1182,263,29700,confirmed,0.956
1418,37,circle,701,201,32655,confirmed,1.0
1418,38,pentagon,1376,600,21411,confirmed,0.5
1419,27,pentagon,1073,478,36533,confirmed,1.0
1419,31,triangle,371,312,20838,confirmed,0.956
1419,32,rectangle,1191,274,29840,confirmed,0.956
1419,37,circle,692,176,32654,confirmed,1.0
1419,38,pentagon,1358,637,27300,confirmed,0.5
1420,27,pentagon,1060,464,36937,confirmed,1.0
1420,31,triangle,377,324,20833,confirmed,0.956
1420,32,rectangle,1199,284,29929,confirmed,0.956
1420,37,circle,668,155,32653,confirmed,1.0
1420,38,pentagon,1340,673,27040,confirmed,0.5
1421,27,pentagon,1045,451,36617,confirmed,1.0
1421,31,triangle,382,336,20834,confirmed,0.956
1421,32,rectangle,1207,295,29714,confirmed,0.956
1421,37,circle,630,142,32655,confirmed,1.0
1421,38,pentagon,1321,710,27108,confirmed,0.5
1422,27,pentagon,1031,437,36555,confirmed,1.0
1422,31,triangle,387,348,20789,confirmed,0.956
1422,32,rectangle,1215,306,29888,confirmed,0.956
1422,37,circle,584,137,32646,confirmed,1.0
1422,38,pentagon,1303,745,26849,confirmed,0.455
1423,27,pentagon,1018,423,36478,confirmed,1.0
1423,31,triangle,388,360,20664,confirmed,0.956
1423,32,rectangle,1222,317,29870,confirmed,0.956
1423,37,circle,538,135,32663,confirmed,1.0
1423,38,pentagon,1283,783,21215,confirmed,0.417
1424,27,pentagon,1004,409,36440,confirmed,1.0
1424,31,triangle,389,374,20979,confirmed,0.956
1424,32,rectangle,1229,327,29772,confirmed,0.956
1424,37,circle,501,147,32634,confirmed,1.0
1424,38,pentagon,1265,821,22295,confirmed,0.417
1425,27,pentagon,992,394,37219,confirmed,1.0
1425,31,triangle,389,386,20902,confirmed,0.956
1425,32,rectangle,1236,338,29946,confirmed,0.956
1425,37,circle,472,166,32685,confirmed,1.0
1425,38,pentagon,1249,856,21477,confirmed,0.385
1426,27,pentagon,978,382,36621,confirmed,1.0
1426,31,triangle,390,398,20791,confirmed,0.956
1426,32,rectangle,1243,350,29842,confirmed,0.956
1426,37,circle,444,187,32681,confirmed,1.0
1426,38,pentagon,1234,895,20795,confirmed,0.429
1427,27,pentagon,965,369,36567,confirmed,1.0
1427,31,triangle,386,412,20410,confirmed,0.956
1427,32,rectangle,1250,360,29963,confirmed,0.956
1427,37,circle,416,207,32664,confirmed,1.0
1427,38,pentagon,1220,911,27103,confirmed,0.429
1428,27,pentagon,951,355,36459,confirmed,1.0
1428,31,triangle,382,426,19994,confirmed,0.933
1428,32,rectangle,1257,370,29966,confirmed,0.956
1428,37,circle,389,227,32688,confirmed,1.0
1428,38,pentagon,1205,901,21006,confirmed,0.429
1429,27,pentagon,938,342,36607,confirmed,1.0
1429,31,triangle,377,440,19654,confirmed,0.911
1429,32,rectangle,1264,381,29868,confirmed,0.956
1429,37,circle,362,248,32656,confirmed,1.0
1429,38,pentagon,1192,869,27449,confirmed,0.429
1430,27,pentagon,925,329,36575,confirmed,1.0
1430,31,triangle,372,453,19466,confirmed,0.889
1430,32,rectangle,1271,391,29778,confirmed,0.956
1430,37,circle,338,268,32669,confirmed,1.0
1430,38,pentagon,1189,779,19629,confirmed,0.467
1431,27,pentagon,910,314,33320,confirmed,1.0
1431,31,triangle,368,465,19403,confirmed,0.867
1431,32,rectangle,1279,403,30037,confirmed,0.956
1431,37,circle,315,290,32665,confirmed,1.0
1431,38,pentagon,1180,724,27156,confirmed,0.467
1432,27,pentagon,898,300,37322,confirmed,1.0
1432,31,triangle,363,476,19038,confirmed,0.844
1432,32,rectangle,1287,413,29948,confirmed,0.956
1432,37,circle,295,312,32666,confirmed,1.0
1432,38,pentagon,1169,677,26199,confirmed,0.438
1433,27,pentagon,883,289,36608,confirmed,1.0
1433,31,triangle,359,487,19193,confirmed,0.844
1433,32,rectangle,1295,423,30016,confirmed,0.978
1433,37,circle,276,334,32648,confirmed,1.0
1433,38,pentagon,1161,633,20674,confirmed,0.438
1434,27,pentagon,868,278,36627,confirmed,1.0
1434,31,triangle,355,498,19485,confirmed,0.844
1434,32,rectangle,1303,432,29939,confirmed,0.978
1434,37,circle,259,357,32666,confirmed,1.0
1434,38,pentagon,1154,603,20655,confirmed,0.471
1435,27,pentagon,852,266,36651,confirmed,1.0
1435,31,triangle,351,508,19601,confirmed,0.844
1435,32,rectangle,1311,443,29957,confirmed,0.978
1435,37,circle,246,381,32656,confirmed,1.0
1435,38,pentagon,1146,567,21170,confirmed,0.444
1436,27,pentagon,836,254,36594,confirmed,1.0
1436,31,triangle,347,518,18558,confirmed,0.844
1436,32,rectangle,1318,452,29929,confirmed,0.978
1436,37,circle,241,406,32668,confirmed,1.0
1436,38,pentagon,1137,529,26861,confirmed,0.421
1437,27,pentagon,819,243,36526,confirmed,1.0
1437,31,triangle,343,529,17627,confirmed,0.844
1437,32,rectangle,1326,462,29963,confirmed,0.978
1437,37,circle,238,430,32660,confirmed,1.0
1437,38,pentagon,1129,492,19700,confirmed,0.421
1438,27,pentagon,802,232,36657,confirmed,1.0
1438,31,triangle,341,544,14887,confirmed,0.844
1438,32,rectangle,1335,472,29826,confirmed,1.0
1438,37,circle,248,453,32683,confirmed,1.0
1438,38,pentagon,1121,457,18960,confirmed,0.421
1439,27,pentagon,784,222,36707,confirmed,1.0
1439,31,triangle,338,556,14887,coasting,0.844
1439,32,rectangle,1344,481,29807,confirmed,1.0
1439,37,circle,266,486,44105,confirmed,1.0
1439,38,pentagon,1111,416,26700,confirmed,0.4
1440,27,pentagon,765,212,36628,confirmed,1.0
1440,31,triangle,335,568,14887,coasting,0.844
1440,32,rectangle,1353,490,29941,confirmed,1.0
1440,37,circle,306,493,32683,confirmed,1.0
1440,38,pentagon,1100,380,20694,confirmed,0.429
1441,27,pentagon,745,203,36528,confirmed,1.0
1441,31,triangle,333,578,14887,coasting,0.844
1441,32,rectangle,1362,500,29939,confirmed,1.0
1441,37,circle,336,516,41770,confirmed,1.0
1441,38,pentagon,1092,343,19630,confirmed,0.429
1442,27,pentagon,725,193,36987,confirmed,1.0
1442,31,triangle,331,587,14887,coasting,0.844
1442,32,rectangle,1370,510,29746,confirmed,1.0
1442,37,circle,367,536,45428,confirmed,1.0
1442,38,pentagon,1085,304,20752,confirmed,0.409
1443,27,pentagon,703,186,37313,confirmed,1.0
1443,31,triangle,329,595,14887,coasting,0.844
1443,32,rectangle,1379,518,30015,confirmed,1.0
1443,37,circle,397,552,51958,confirmed,1.0
1443,38,pentagon,1074,266,26224,confirmed,0.409
1444,27,pentagon,673,192,36544,confirmed,1.0
1444,31,triangle,324,605,20914,confirmed,0.844
1444,32,rectangle,1388,528,29913,confirmed,1.0
1444,37,circle,472,515,32645,confirmed,1.0
1444,38,pentagon,1069,233,18983,confirmed,0.391
1445,27,pentagon,646,192,36438,confirmed,1.0
1445,31,triangle,321,616,20703,confirmed,0.844
1445,32,rectangle,1397,536,29965,confirmed,1.0
1445,37,circle,527,498,32670,confirmed,1.0
1445,38,pentagon,1062,194,20071,confirmed,0.375
1446,27,pentagon,622,196,36522,confirmed,1.0
1446,31,triangle,318,627,20894,confirmed,0.844
1446,32,rectangle,1407,545,29873,confirmed,1.0
1446,37,circle,536,479,32669,confirmed,1.0
1446,38,pentagon,1054,155,26221,confirmed,0.375
1447,27,pentagon,600,203,36573,confirmed,1.0
1447,31,triangle,317,638,20673,confirmed,0.844
1447,32,rectangle,1416,554,29871,confirmed,1.0
1447,37,circle,504,464,32681,confirmed,1.0
1447,38,pentagon,1043,128,18735,confirmed,0.36
1448,27,pentagon,579,209,36624,confirmed,1.0
1448,31,triangle,317,650,20882,confirmed,0.844
1448,32,rectangle,1426,563,29790,confirmed,1.0
1448,37,circle,457,464,32654,confirmed,1.0
1448,38,pentagon,1031,118,19512,confirmed,0.36
1449,27,pentagon,558,217,36453,confirmed,1.0
1449,31,triangle,316,660,20728,confirmed,0.844
1449,32,rectangle,1436,571,29860,confirmed,1.0
1449,37,circle,420,480,32649,confirmed,1.0
1449,38,pentagon,1017,132,26959,confirmed,0.36
1450,27,pentagon,539,225,36550,confirmed,1.0
1450,31,triangle,315,675,20134,confirmed,0.844
1450,32,rectangle,1446,580,30006,confirmed,1.0
1450,37,circle,393,502,32671,confirmed,1.0
1450,38,pentagon,1000,211,26592,confirmed,0.346
1451,27,pentagon,524,235,37049,confirmed,0.978
1451,31,triangle,314,689,18450,confirmed,0.844
1451,32,rectangle,1458,589,29928,confirmed,1.0
1451,37,circle,369,526,32674,confirmed,1.0
1451,38,pentagon,986,257,27042,confirmed,0.346
1452,27,pentagon,509,247,36670,confirmed,0.978
1452,31,triangle,312,705,17257,confirmed,0.844
1452,32,rectangle,1469,596,29849,confirmed,1.0
1452,37,circle,352,550,32678,confirmed,1.0
1452,38,pentagon,974,302,28015,confirmed,0.346
1453,27,pentagon,496,259,36520,confirmed,0.978
1453,31,triangle,311,720,15529,confirmed,0.844
1453,32,rectangle,1481,602,29985,confirmed,1.0
1453,37,circle,341,574,32683,confirmed,1.0
1453,38,pentagon,961,346,27133,confirmed,0.346
1454,27,pentagon,484,268,37821,confirmed,0.978
1454,31,triangle,310,736,13780,confirmed,0.844
1454,32,rectangle,1494,609,29851,confirmed,1.0
1454,37,circle,330,599,32647,confirmed,1.0
1454,38,pentagon,946,387,20714,confirmed,0.346
1455,27,pentagon,473,279,36744,confirmed,0.978
1455,31,triangle,309,753,12273,confirmed,0.844
1455,32,rectangle,1508,616,29949,confirmed,1.0
1455,37,circle,321,624,32680,confirmed,1.0
1455,38,pentagon,931,421,27044,confirmed,0.333
1456,27,pentagon,466,294,36599,confirmed,0.978
1456,31,triangle,308,769,12273,coasting,0.844
1456,32,rectangle,1522,621,29875,confirmed,1.0
1456,37,circle,316,648,32663,confirmed,1.0
1456,38,pentagon,916,459,26655,confirmed,0.333
1457,27,pentagon,457,309,37263,confirmed,0.978
1457,31,triangle,307,783,12273,coasting,0.844
1457,32,rectangle,1537,626,29932,confirmed,1.0
1457,37,circle,317,673,32652,confirmed,1.0
1457,38,pentagon,902,492,25551,confirmed,0.321
1458,27,pentagon,450,321,38433,confirmed,0.978
1458,31,triangle,306,796,12273,coasting,0.844
1458,32,rectangle,1553,630,29957,confirmed,1.0
1458,37,circle,314,702,36731,confirmed,1.0
1458,38,pentagon,887,529,27129,confirmed,0.321
1459,27,pentagon,443,333,36536,confirmed,0.978
1459,31,triangle,306,807,12273,coasting,0.844
1459,32,rectangle,1569,633,29852,confirmed,1.0
1459,37,circle,320,731,38532,confirmed,1.0
1459,38,pentagon,876,572,20611,confirmed,0.31
1460,27,pentagon,436,344,36947,confirmed,0.978
1460,31,triangle,305,818,12273,coasting,0.844
1460,32,rectangle,1585,636,30046,confirmed,1.0
1460,37,circle,351,752,39289,confirmed,0.978
1460,38,pentagon,863,610,26867,confirmed,0.31
1461,27,pentagon,428,357,36503,confirmed,0.978
1461,31,triangle,305,827,12273,coasting,0.844
1461,32,rectangle,1602,638,29979,confirmed,1.0
1461,37,circle,375,766,44820,confirmed,0.956
1461,38,pentagon,847,647,26962,confirmed,0.31
1462,27,pentagon,421,369,36488,confirmed,0.978
1462,31,triangle,304,836,12273,coasting,0.844
1462,32,rectangle,1619,636,29839,confirmed,1.0
1462,37,circle,397,780,50907,confirmed,0.956
1462,38,pentagon,833,683,26947,confirmed,0.31
1463,27,pentagon,419,382,36574,confirmed,0.978
1463,31,triangle,318,815,20881,confirmed,0.844
1463,32,rectangle,1635,634,30028,confirmed,1.0
1463,37,circle,481,768,32684,confirmed,0.956
1463,38,pentagon,818,718,26981,confirmed,0.3
1464,27,pentagon,417,395,36525,confirmed,0.978
1464,31,triangle,326,816,20905,confirmed,0.844
1464,32,rectangle,1652,633,29840,confirmed,1.0
1464,37,circle,540,763,32648,confirmed,0.956
1464,38,pentagon,803,754,27169,confirmed,0.3
1465,27,pentagon,416,408,36627,confirmed,0.978
1465,31,triangle,335,823,20791,confirmed,0.844
1465,32,rectangle,1668,631,29738,confirmed,1.0
1465,37,circle,581,752,32674,confirmed,0.956
1465,38,pentagon,787,792,19530,confirmed,0.3
1466,27,pentagon,416,420,36571,confirmed,0.978
1466,31,triangle,347,832,20998,confirmed,0.844
1466,32,rectangle,1684,628,29939,confirmed,1.0
1466,37,circle,611,734,32132,confirmed,0.956
1466,38,pentagon,772,829,20073,confirmed,0.3
1467,27,pentagon,415,433,36560,confirmed,0.978
1467,31,triangle,361,838,20653,confirmed,0.844
1467,32,rectangle,1699,625,29978,confirmed,1.0
1467,37,circle,612,711,32667,confirmed,0.956
1467,38,pentagon,758,866,26836,confirmed,0.3
1468,27,pentagon,414,445,36689,confirmed,0.978
1468,31,triangle,376,844,20794,confirmed,0.844
1468,32,rectangle,1713,620,29791,confirmed,1.0
1468,37,circle,595,687,32675,confirmed,0.956
1468,38,pentagon,745,904,27191,confirmed,0.3
1469,27,pentagon,414,458,36624,confirmed,0.978
1469,31,triangle,392,850,20931,confirmed,0.844
1469,32,rectangle,1725,614,29820,confirmed,1.0
1469,37,circle,561,668,32681,confirmed,0.956
1469,38,pentagon,733,940,26870,confirmed,0.3
1470,27,pentagon,415,470,36586,confirmed,0.978
1470,31,triangle,408,854,20872,confirmed,0.844
1470,32,rectangle,1736,607,29878,confirmed,1.0
1470,37,circle,516,663,32513,confirmed,0.956
1470,38,pentagon,724,912,26819,confirmed,0.29
1471,27,pentagon,418,482,36564,confirmed,0.978
1471,31,triangle,424,862,19998,confirmed,0.822
1471,32,rectangle,1747,600,29729,confirmed,1.0
1471,37,circle,471,671,31607,confirmed,0.956
1471,38,pentagon,714,896,27308,confirmed,0.29
1472,27,pentagon,421,525,67905,confirmed,0.978
1472,31,triangle,440,868,19145,confirmed,0.8
1472,32,rectangle,1757,594,29815,confirmed,1.0
1472,37,circle,433,669,31607,coasting,0.956
1472,38,trapezoid,712,834,26784,confirmed,0.312
1473,27,pentagon,419,567,68515,confirmed,0.978
1473,31,triangle,458,870,19373,confirmed,0.8
1473,32,rectangle,1766,586,29887,confirmed,1.0
1473,37,circle,399,667,31607,coasting,0.956
1473,38,trapezoid,704,794,26721,confirmed,0.312
1474,27,pentagon,431,535,36684,confirmed,0.978
1474,31,triangle,474,865,20546,confirmed,0.822
1474,32,rectangle,1776,579,29916,confirmed,1.0
1474,37,circle,369,709,32451,confirmed,0.956
1474,38,trapezoid,700,754,20121,confirmed,0.312
1475,27,pentagon,440,533,36783,confirmed,0.978
1475,31,triangle,491,863,20688,confirmed,0.822
1475,32,rectangle,1785,571,29877,confirmed,1.0
1475,37,circle,345,739,32654,confirmed,0.956
1475,38,trapezoid,698,712,27240,confirmed,0.312
1476,27,pentagon,457,536,36543,confirmed,0.978
1476,31,triangle,508,862,20633,confirmed,0.822
1476,32,rectangle,1793,564,29965,confirmed,1.0
1476,37,circle,330,764,32667,confirmed,0.956
1476,38,trapezoid,697,671,20869,confirmed,0.303
1477,27,pentagon,475,542,36422,confirmed,0.978
1477,31,triangle,525,863,20981,confirmed,0.822
1477,32,rectangle,1802,556,29918,confirmed,1.0
1477,37,circle,320,788,32656,confirmed,0.956
1477,38,pentagon,697,629,25932,confirmed,0.294
1478,27,pentagon,494,548,36598,confirmed,0.978
1478,31,triangle,541,864,20938,confirmed,0.822
1478,32,rectangle,1809,549,29892,confirmed,1.0
1478,37,circle,315,813,32668,confirmed,0.956
1478,38,pentagon,693,589,27373,confirmed,0.294
1479,27,pentagon,514,553,36542,confirmed,0.978
1479,31,triangle,557,862,20856,confirmed,0.822
1479,32,rectangle,1817,542,29930,confirmed,1.0
1479,37,circle,318,838,32653,confirmed,0.956
1479,38,pentagon,702,555,21874,confirmed,0.314
1480,27,pentagon,534,557,36525,confirmed,0.978
1480,31,triangle,573,860,20825,confirmed,0.822
1480,32,rectangle,1824,534,29904,confirmed,1.0
1480,37,circle,329,862,32661,confirmed,0.956
1480,38,pentagon,709,516,10965,confirmed,0.314
1481,27,pentagon,553,561,36525,confirmed,0.978
1481,31,triangle,589,858,20822,confirmed,0.822
1481,32,rectangle,1831,527,29998,confirmed,1.0
1481,37,circle,348,885,32672,confirmed,0.956
1481,38,pentagon,711,476,12691,confirmed,0.314
1482,27,pentagon,570,566,37981,confirmed,0.978
1482,31,triangle,605,856,20806,confirmed,0.822
1482,32,rectangle,1837,519,29991,confirmed,1.0
1482,37,circle,375,905,32655,confirmed,0.956
1482,38,pentagon,693,435,23557,confirmed,0.333
1483,27,pentagon,591,569,36460,confirmed,0.978
1483,31,triangle,621,854,20852,confirmed,0.822
1483,32,rectangle,1844,511,30804,confirmed,1.0
1483,37,circle,408,922,32691,confirmed,0.956
1483,38,pentagon,682,397,26044,confirmed,0.333
1484,27,pentagon,611,573,36522,confirmed,0.978
1484,31,triangle,637,851,20667,confirmed,0.822
1484,32,rectangle,1850,504,29665,confirmed,1.0
1484,37,circle,444,936,32655,confirmed,0.956
1484,38,pentagon,671,363,26784,confirmed,0.324
1485,27,pentagon,630,576,36606,confirmed,0.978
1485,31,triangle,655,848,20241,confirmed,0.8
1485,32,rectangle,1854,496,28522,confirmed,1.0
1485,37,circle,483,949,32646,confirmed,0.956
1485,38,pentagon,663,327,27355,confirmed,0.324
1486,27,pentagon,649,579,36543,confirmed,0.978
1486,31,triangle,672,843,19474,confirmed,0.778
1486,32,rectangle,1856,488,27822,confirmed,1.0
1486,37,circle,524,959,32683,confirmed,0.956
1486,38,pentagon,654,289,26342,confirmed,0.324
1487,27,pentagon,669,581,36562,confirmed,0.978
1487,31,triangle,688,839,19188,confirmed,0.756
1487,32,rectangle,1858,480,26790,confirmed,1.0
1487,37,circle,564,970,32652,confirmed,0.956
1487,38,pentagon,647,252,27498,confirmed,0.324
1488,27,pentagon,688,583,36525,confirmed,0.978
1488,31,triangle,704,835,18609,confirmed,0.756
1488,32,rectangle,1859,472,25963,confirmed,1.0
1488,37,circle,605,979,32749,confirmed,0.956
1488,38,pentagon,638,238,19597,confirmed,0.316
1489,27,pentagon,708,584,36592,confirmed,0.978
1489,31,triangle,719,830,17531,confirmed,0.756
1489,32,rectangle,1860,464,24762,confirmed,1.0
1489,37,circle,647,982,32725,confirmed,0.956
1489,38,pentagon,628,237,27074,confirmed,0.316
1490,27,pentagon,727,586,37208,confirmed,0.978
1490,31,triangle,731,825,17161,confirmed,0.756
1490,32,rectangle,1862,456,24124,confirmed,1.0
1490,37,circle,694,971,32667,confirmed,0.956
1490,38,pentagon,617,256,26967,confirmed,0.316
1491,27,pentagon,749,584,39082,confirmed,0.978
1491,31,triangle,742,822,17599,confirmed,0.756
1491,32,rectangle,1863,448,23160,confirmed,1.0
1491,37,circle,738,965,32661,confirmed,0.956
1491,38,pentagon,600,337,21412,confirmed,0.308
1492,27,pentagon,767,587,36615,confirmed,0.978
1492,31,triangle,750,817,17510,confirmed,0.756
1492,32,rectangle,1865,440,22320,confirmed,1.0
1492,37,circle,782,959,32650,confirmed,0.956
1492,38,pentagon,586,383,26815,confirmed,0.308
1493,27,pentagon,785,589,36538,confirmed,0.978
1493,31,triangle,758,812,17824,confirmed,0.756
1493,32,rectangle,1867,433,21420,confirmed,1.0
1493,37,circle,824,952,32639,confirmed,0.956
1493,38,pentagon,574,427,26607,confirmed,0.3
1494,27,pentagon,802,591,37911,confirmed,0.978
1494,31,triangle,766,806,18000,confirmed,0.756
1494,32,rectangle,1869,425,20347,confirmed,1.0
1494,37,circle,863,939,32642,confirmed,0.956
1494,38,pentagon,560,470,19946,confirmed,0.3
1495,27,pentagon,822,591,36539,confirmed,0.978
1495,31,triangle,776,801,18256,confirmed,0.733
1495,32,rectangle,1871,418,19508,confirmed,1.0
1495,37,circle,898,924,32670,confirmed,0.956
1495,38,pentagon,547,510,27157,confirmed,0.3
1496,27,pentagon,842,591,36817,confirmed,0.978
1496,31,triangle,788,798,18445,confirmed,0.711
1496,32,rectangle,1874,410,18674,confirmed,1.0
1496,37,circle,929,906,32640,confirmed,0.956
1496,38,pentagon,536,543,19978,confirmed,0.317
1497,27,pentagon,860,591,36509,confirmed,0.978
1497,31,triangle,802,795,18593,confirmed,0.689
1497,32,rectangle,1876,403,17812,confirmed,1.0
1497,37,circle,957,887,32646,confirmed,0.956
1497,38,pentagon,519,575,25475,confirmed,0.333
1498,27,pentagon,878,589,36538,confirmed,0.978
1498,31,triangle,817,793,18834,confirmed,0.667
1498,32,rectangle,1878,396,16997,confirmed,1.0
1498,37,circle,984,868,32703,confirmed,0.956
1498,38,pentagon,506,613,26695,confirmed,0.326
1499,27,pentagon,895,589,37042,confirmed,0.978
1499,31,triangle,832,790,19032,confirmed,0.644
1499,32,rectangle,1881,389,16048,confirmed,1.0
1499,37,circle,1007,847,32694,confirmed,0.956
1499,38,pentagon,491,650,26437,confirmed,0.318
1500,27,pentagon,915,585,37305,confirmed,0.978
1500,31,triangle,844,788,19170,confirmed,0.622
1500,32,rectangle,1883,381,15146,confirmed,1.0
1500,37,circle,1023,823,32664,confirmed,0.956
1500,38,pentagon,479,692,19864,confirmed,0.333
1501,27,pentagon,932,583,36493,confirmed,0.978
1501,31,triangle,858,784,18948,confirmed,0.6
1501,32,rectangle,1885,374,14390,confirmed,1.0
1501,37,circle,1034,799,32678,confirmed,0.956
1501,38,pentagon,464,729,19843,confirmed,0.333
1502,27,pentagon,950,581,36528,confirmed,0.978
1502,31,triangle,872,781,19367,confirmed,0.6
1502,32,rectangle,1887,367,13514,confirmed,1.0
1502,37,circle,1043,775,32388,confirmed,0.956
1502,38,trapezoid,450,761,25596,confirmed,0.333
1503,27,pentagon,968,579,36574,confirmed,0.978
1503,31,triangle,883,777,17343,confirmed,0.6
1503,32,rectangle,1889,360,12717,confirmed,1.0
1503,37,circle,1045,762,35360,confirmed,0.956
1503,38,trapezoid,431,799,26705,confirmed,0.333
1504,27,pentagon,985,576,36759,confirmed,0.978
1504,31,triangle,894,772,16842,confirmed,0.6
1504,32,rectangle,1890,353,11880,confirmed,1.0
1504,37,circle,1043,799,32666,confirmed,0.956
1504,38,trapezoid,415,835,26622,confirmed,0.356
1505,27,pentagon,1002,574,36650,confirmed,0.978
1505,31,triangle,906,768,17866,confirmed,0.6
1505,32,rectangle,1893,346,11008,confirmed,1.0
1505,37,circle,1055,831,32652,confirmed,0.956
1505,38,trapezoid,401,872,26312,confirmed,0.378
1506,27,pentagon,1019,571,36568,confirmed,0.978
1506,31,triangle,921,765,19083,confirmed,0.6
1506,32,rectangle,1894,338,10209,confirmed,1.0
1506,37,circle,1073,857,32656,confirmed,0.956
1506,38,trapezoid,394,870,26016,confirmed,0.4
1507,27,pentagon,1034,567,36743,confirmed,0.978
1507,31,triangle,938,763,19929,confirmed,0.6
1507,32,rectangle,1896,331,9373,confirmed,1.0
1507,37,circle,1093,881,32689,confirmed,0.956
1507,38,trapezoid,388,836,26787,confirmed,0.422
1508,27,pentagon,1049,562,36784,confirmed,0.978
1508,31,triangle,955,763,20713,confirmed,0.622
1508,32,rectangle,1898,325,8519,confirmed,1.0
1508,37,circle,1117,903,32702,confirmed,0.956
1508,38,trapezoid,384,813,26989,confirmed,0.422
1509,27,pentagon,1061,555,36698,confirmed,0.978
1509,31,triangle,969,762,20978,confirmed,0.644
1509,32,rectangle,1900,318,7865,confirmed,1.0
1509,37,circle,1147,920,32663,confirmed,0.956
1509,38,trapezoid,391,757,26532,confirmed,0.444
1510,27,pentagon,1072,547,36729,confirmed,0.978
1510,31,triangle,981,760,20866,confirmed,0.667
1510,32,rectangle,1901,312,7655,confirmed,1.0
1510,37,circle,1184,934,32652,confirmed,0.956
1510,38,trapezoid,393,713,19734,confirmed,0.444
1511,27,pentagon,1083,542,37716,confirmed,0.978
1511,31,triangle,995,760,20782,confirmed,0.667
1511,32,rectangle,1902,305,7688,confirmed,1.0
1511,37,circle,1225,946,32669,confirmed,0.978
1511,38,trapezoid,394,673,27351,confirmed,0.444
1512,27,pentagon,1094,535,36988,confirmed,0.978
1512,31,triangle,1008,760,20729,confirmed,0.667
1512,32,rectangle,1903,298,7410,confirmed,1.0
1512,37,circle,1266,954,32665,confirmed,1.0
1512,38,trapezoid,398,631,25178,confirmed,0.444
1513,27,pentagon,1106,526,36640,confirmed,1.0
1513,31,triangle,1021,760,20657,confirmed,0.667
1513,32,rectangle,1903,290,7398,confirmed,1.0
1513,37,circle,1309,962,32661,confirmed,1.0
1513,38,trapezoid,401,593,26886,confirmed,0.444
1514,27,pentagon,1117,518,36775,confirmed,1.0
1514,31,triangle,1035,762,20849,confirmed,0.667
1514,32,rectangle,1903,283,7263,confirmed,1.0
1514,37,circle,1350,971,32759,confirmed,1.0
1514,38,trapezoid,402,557,19642,confirmed,0.444
1515,27,pentagon,1128,510,36534,confirmed,1.0
1515,31,triangle,1047,764,20746,confirmed,0.667
1515,32,rectangle,1903,276,7263,coasting,1.0
1515,37,circle,1393,971,32646,confirmed,1.0
1515,38,trapezoid,404,520,26881,confirmed,0.444
1516,27,pentagon,1138,503,36786,confirmed,1.0
1516,31,triangle,1058,767,20746,confirmed,0.667
1516,32,rectangle,1903,269,7263,coasting,1.0
1516,37,circle,1436,965,32667,confirmed,1.0
1516,38,trapezoid,405,482,27504,confirmed,0.444
1517,27,pentagon,1149,496,36644,confirmed,1.0
1517,31,triangle,1068,773,21026,confirmed,0.667
1517,32,rectangle,1903,263,7263,coasting,1.0
1517,37,circle,1479,958,32665,confirmed,1.0
1517,38,trapezoid,408,444,26836,confirmed,0.444
1518,27,pentagon,1161,486,38263,confirmed,1.0
1518,31,triangle,1078,778,20815,confirmed,0.667
1518,32,rectangle,1904,258,7263,coasting,1.0
1518,37,circle,1521,950,32664,confirmed,1.0
1518,38,trapezoid,409,406,26884,confirmed,0.467
1519,27,pentagon,1170,481,36707,confirmed,1.0
1519,31,triangle,1086,784,20818,confirmed,0.667
1519,32,rectangle,1904,253,7263,coasting,1.0
1519,37,circle,1563,942,32660,confirmed,1.0
1519,38,trapezoid,409,366,25775,confirmed,0.467
1520,27,pentagon,1182,478,36746,confirmed,1.0
1520,31,triangle,1093,790,20824,confirmed,0.667
1520,32,rectangle,1903,247,7372,confirmed,1.0
1520,37,circle,1604,932,32665,confirmed,1.0
1520,38,trapezoid,411,329,20037,confirmed,0.467
1521,27,pentagon,1198,475,36667,confirmed,1.0
1521,31,triangle,1098,796,20806,confirmed,0.667
1521,32,rectangle,1903,242,7372,coasting,1.0
1521,37,circle,1642,920,32652,confirmed,1.0
1521,38,trapezoid,410,294,18278,confirmed,0.467
1522,27,pentagon,1207,471,36638,confirmed,1.0
1522,31,triangle,1102,802,20660,confirmed,0.667
1522,32,rectangle,1901,234,7760,confirmed,1.0
1522,37,circle,1677,904,32655,confirmed,1.0
1522,38,trapezoid,409,258,19932,confirmed,0.467
1523,27,pentagon,1192,474,36603,confirmed,1.0
1523,31,triangle,1106,810,20899,confirmed,0.667
1523,32,rectangle,1900,226,8204,confirmed,1.0
1523,37,circle,1708,886,32669,confirmed,1.0
1523,38,trapezoid,409,221,19081,confirmed,0.467
1524,27,pentagon,1198,473,36558,confirmed,1.0
1524,31,triangle,1110,816,20824,confirmed,0.667
1524,32,rectangle,1899,218,8942,confirmed,1.0
1524,37,circle,1733,866,32650,confirmed,1.0
1524,38,trapezoid,408,182,27027,confirmed,0.467
1525,27,pentagon,1211,470,36513,confirmed,1.0
1525,31,triangle,1113,822,20671,confirmed,0.667
1525,32,rectangle,1897,211,9375,confirmed,1.0
1525,37,circle,1756,844,32666,confirmed,1.0
1525,38,trapezoid,402,174,26635,confirmed,0.489
1526,27,pentagon,1226,466,36659,confirmed,1.0
1526,31,triangle,1116,830,20875,confirmed,0.667
1526,32,rectangle,1895,204,10207,confirmed,1.0
1526,37,circle,1775,822,32667,confirmed,1.0
1526,38,trapezoid,394,175,19405,confirmed,0.489
1527,27,pentagon,1241,462,36599,confirmed,1.0
1527,31,triangle,1118,836,20827,confirmed,0.689
1527,32,rectangle,1893,197,11046,confirmed,1.0
1527,37,circle,1791,798,32682,confirmed,1.0
1527,38,trapezoid,385,197,20572,confirmed,0.489
1528,27,pentagon,1254,458,33196,confirmed,1.0
1528,31,triangle,1121,842,20677,confirmed,0.711
1528,32,rectangle,1891,191,11865,confirmed,1.0
1528,37,circle,1804,774,32679,confirmed,1.0
1528,38,trapezoid,374,235,27090,confirmed,0.489
1529,27,pentagon,1269,454,36908,confirmed,1.0
1529,31,triangle,1124,850,20932,confirmed,0.733
1529,32,rectangle,1889,185,12814,confirmed,1.0
1529,37,circle,1811,750,32661,confirmed,1.0
1529,38,trapezoid,363,315,25813,confirmed,0.511
1530,27,pentagon,1285,452,36490,confirmed,1.0
1530,31,triangle,1127,856,20832,confirmed,0.733
1530,32,rectangle,1886,180,13923,confirmed,1.0
1530,37,circle,1815,725,32693,confirmed,1.0
1530,38,trapezoid,349,367,25996,confirmed,0.511
1531,27,pentagon,1298,450,36599,confirmed,1.0
1531,31,triangle,1130,862,20798,confirmed,0.733
1531,32,rectangle,1883,175,14896,confirmed,1.0
1531,37,circle,1820,701,32838,confirmed,1.0
1531,38,trapezoid,337,408,26232,confirmed,0.511
1532,27,pentagon,1312,447,36558,confirmed,1.0
1532,31,triangle,1133,868,20752,confirmed,0.733
1532,32,rectangle,1881,170,16420,confirmed,1.0
1532,37,circle,1824,676,32810,confirmed,1.0
1532,38,trapezoid,327,452,27022,confirmed,0.511
1533,27,pentagon,1325,443,36606,confirmed,1.0
1533,31,triangle,1137,874,20692,confirmed,0.733
1533,32,rectangle,1877,165,17866,confirmed,1.0
1533,37,circle,1826,651,32731,confirmed,1.0
1533,38,trapezoid,319,486,20384,confirmed,0.511
1534,27,pentagon,1338,439,36489,confirmed,1.0
1534,31,triangle,1141,881,20673,confirmed,0.733
1534,32,rectangle,1873,161,19586,confirmed,1.0
1534,37,circle,1826,626,32664,confirmed,1.0
1534,38,trapezoid,311,519,26080,confirmed,0.511
1535,27,pentagon,1350,437,37159,confirmed,1.0
1535,31,triangle,1145,886,20647,confirmed,0.733
1535,32,rectangle,1869,157,21216,confirmed,1.0
1535,37,circle,1811,602,32652,confirmed,1.0
1535,38,trapezoid,301,557,20885,confirmed,0.511
1536,27,pentagon,1363,432,36540,confirmed,1.0
1536,31,triangle,1149,892,20675,confirmed,0.733
1536,32,rectangle,1865,153,23157,confirmed,1.0
1536,37,circle,1795,578,32690,confirmed,1.0
1536,38,trapezoid,290,594,26851,confirmed,0.511
1537,27,pentagon,1376,427,36425,confirmed,1.0
1537,31,triangle,1153,898,20663,confirmed,0.733
1537,32,rectangle,1860,150,24647,confirmed,1.0
1537,37,circle,1777,555,32656,confirmed,1.0
1537,38,trapezoid,276,631,26515,confirmed,0.511
1538,27,pentagon,1387,423,36514,confirmed,1.0
1538,31,triangle,1157,904,20696,confirmed,0.733
1538,32,rectangle,1855,147,26929,confirmed,1.0
1538,37,circle,1761,532,32638,confirmed,1.0
1538,38,trapezoid,263,669,26520,confirmed,0.511
1539,27,pentagon,1398,420,36971,confirmed,1.0
1539,31,triangle,1162,910,20774,confirmed,0.733
1539,32,rectangle,1850,145,28727,confirmed,1.0
1539,37,circle,1745,509,32670,confirmed,1.0
1539,38,trapezoid,253,705,25863,confirmed,0.533
1540,27,pentagon,1412,414,36879,confirmed,0.978
1540,31,triangle,1167,916,20861,confirmed,0.733
1540,32,rectangle,1845,143,30702,confirmed,1.0
1540,37,circle,1728,486,32646,confirmed,1.0
1540,38,trapezoid,239,743,26169,confirmed,0.533
1541,27,pentagon,1423,411,36654,confirmed,0.978
1541,31,triangle,1173,920,20640,confirmed,0.756
1541,32,rectangle,1834,143,29854,confirmed,1.0
1541,37,circle,1706,465,32695,confirmed,1.0
1541,38,trapezoid,224,780,26019,confirmed,0.556
1542,27,pentagon,1435,407,36570,confirmed,0.978
1542,31,triangle,1179,926,20844,confirmed,0.778
1542,32,rectangle,1824,143,29965,confirmed,1.0
1542,37,circle,1681,444,32685,confirmed,1.0
1542,38,trapezoid,212,820,19264,confirmed,0.556
1543,27,pentagon,1446,403,36568,confirmed,0.978
1543,31,triangle,1186,930,20720,confirmed,0.8
1543,32,rectangle,1813,142,30001,confirmed,1.0
1543,37,circle,1647,429,32489,confirmed,1.0
1543,38,trapezoid,205,858,19924,confirmed,0.556
1544,27,pentagon,1481,404,62811,confirmed,0.978
1544,31,triangle,1194,934,20750,confirmed,0.822
1544,32,rectangle,1803,143,30024,confirmed,1.0
1544,37,circle,1619,410,32489,coasting,1.0
1544,38,trapezoid,201,875,27015,confirmed,0.556
1545,27,pentagon,1508,406,55338,confirmed,0.978
1545,31,triangle,1203,938,20943,confirmed,0.844
1545,32,rectangle,1793,144,29885,confirmed,1.0
1545,37,circle,1594,394,32489,coasting,1.0
1545,38,trapezoid,205,816,26793,confirmed,0.578
1546,27,pentagon,1529,416,58647,confirmed,0.978
1546,31,triangle,1214,940,20942,confirmed,0.867
1546,32,rectangle,1784,143,29833,confirmed,1.0
1546,37,circle,1574,417,21672,confirmed,1.0
1546,38,trapezoid,212,766,26792,confirmed,0.6
1547,27,pentagon,1543,428,60555,confirmed,0.978
1547,31,triangle,1224,941,20765,confirmed,0.889
1547,32,rectangle,1774,143,29829,confirmed,1.0
1547,37,circle,1552,422,21672,coasting,1.0
1547,38,trapezoid,217,728,26846,confirmed,0.6
1548,27,pentagon,1552,442,63387,confirmed,0.978
1548,31,triangle,1234,942,20985,confirmed,0.911
1548,32,rectangle,1766,145,29890,confirmed,1.0
1548,37,circle,1533,425,21672,coasting,1.0
1548,38,trapezoid,223,690,27041,confirmed,0.6
1549,27,pentagon,1558,456,66222,confirmed,0.978
1549,31,triangle,1244,942,20870,confirmed,0.933
1549,32,rectangle,1758,149,29793,confirmed,1.0
1549,37,circle,1516,429,21672,coasting,1.0
1549,38,trapezoid,230,643,25772,confirmed,0.6
1550,27,pentagon,1539,402,36587,confirmed,0.978
1550,31,triangle,1255,942,20799,confirmed,0.956
1550,32,rectangle,1749,151,29838,confirmed,1.0
1550,37,circle,1563,549,31430,confirmed,1.0
1550,38,trapezoid,233,604,26103,confirmed,0.578
1551,27,pentagon,1543,384,36567,confirmed,0.978
1551,31,triangle,1265,942,20989,confirmed,0.978
1551,32,rectangle,1741,155,29982,confirmed,1.0
1551,37,circle,1592,600,32674,confirmed,1.0
1551,38,trapezoid,239,565,27056,confirmed,0.578
1552,27,pentagon,1554,381,36528,confirmed,0.978
1552,31,triangle,1274,940,20841,confirmed,1.0
1552,32,rectangle,1733,156,30003,confirmed,1.0
1552,37,circle,1617,626,32689,confirmed,1.0
1552,38,trapezoid,245,527,27285,confirmed,0.578
1553,27,pentagon,1564,374,36696,confirmed,0.978
1553,31,triangle,1284,938,20759,confirmed,1.0
1553,32,rectangle,1725,159,29951,confirmed,1.0
1553,37,circle,1647,643,32662,confirmed,1.0
1553,38,trapezoid,252,491,27028,confirmed,0.578
1554,27,pentagon,1580,382,36647,confirmed,0.978
1554,31,triangle,1294,938,20980,confirmed,1.0
1554,32,rectangle,1717,162,30000,confirmed,1.0
1554,37,circle,1686,650,32671,confirmed,1.0
1554,38,trapezoid,256,456,19649,confirmed,0.578
1555,27,pentagon,1592,388,36593,confirmed,0.978
1555,31,triangle,1303,936,20865,confirmed,1.0
1555,32,rectangle,1710,165,29902,confirmed,1.0
1555,37,circle,1729,645,32666,confirmed,1.0
1555,38,trapezoid,256,420,20683,confirmed,0.578
1556,27,pentagon,1606,389,39770,confirmed,0.978
1556,31,triangle,1312,934,20846,confirmed,1.0
1556,32,rectangle,1704,169,29857,confirmed,1.0
1556,37,circle,1769,633,32669,confirmed,1.0
1556,38,trapezoid,253,382,25362,confirmed,0.578
1557,27,pentagon,1613,397,36683,confirmed,0.978
1557,31,triangle,1321,932,20824,confirmed,1.0
1557,32,rectangle,1698,173,29838,confirmed,1.0
1557,37,circle,1809,619,32654,confirmed,1.0
1557,38,trapezoid,246,344,26665,confirmed,0.578
1558,27,pentagon,1620,404,36713,confirmed,0.978
1558,31,triangle,1330,930,20930,confirmed,1.0
1558,32,rectangle,1693,178,29853,confirmed,1.0
1558,37,circle,1841,605,31962,confirmed,1.0
1558,38,trapezoid,238,305,26651,confirmed,0.578
1559,27,pentagon,1629,408,36622,confirmed,0.978
1559,31,triangle,1338,928,21024,confirmed,1.0
1559,32,rectangle,1688,181,29743,confirmed,1.0
1559,37,circle,1863,587,30358,confirmed,1.0
1559,38,trapezoid,228,267,26774,confirmed,0.578
1560,27,pentagon,1638,412,36625,confirmed,0.978
1560,31,triangle,1346,924,20758,confirmed,1.0
1560,32,rectangle,1684,185,29822,confirmed,1.0
1560,37,circle,1876,564,28201,confirmed,1.0
1560,38,trapezoid,226,226,26045,confirmed,0.6
1561,27,pentagon,1647,417,36541,confirmed,0.978
1561,31,triangle,1354,922,20884,confirmed,1.0
1561,32,rectangle,1680,190,29837,confirmed,1.0
1561,37,circle,1881,538,26184,confirmed,1.0
1561,38,trapezoid,225,190,21001,confirmed,0.6
1562,27,pentagon,1655,422,36665,confirmed,0.978
1562,31,triangle,1362,918,20662,confirmed,1.0
1562,32,rectangle,1677,194,29922,confirmed,1.0
1562,37,circle,1880,510,25055,confirmed,1.0
1562,38,trapezoid,223,154,26950,confirmed,0.6
1563,27,pentagon,1664,426,36678,confirmed,0.978
1563,31,triangle,1370,916,20867,confirmed,1.0
1563,32,rectangle,1673,199,29794,confirmed,1.0
1563,37,circle,1876,482,25186,confirmed,1.0
1563,38,trapezoid,218,142,19913,confirmed,0.6
1564,27,pentagon,1668,434,39456,confirmed,0.978
1564,31,triangle,1377,912,20751,confirmed,1.0
1564,32,rectangle,1671,203,29717,confirmed,1.0
1564,37,circle,1868,453,25817,confirmed,1.0
1564,38,trapezoid,215,157,27430,confirmed,0.6
1565,27,pentagon,1678,436,36460,confirmed,0.978
1565,31,triangle,1383,910,20974,confirmed,1.0
1565,32,rectangle,1668,208,29859,confirmed,1.0
1565,37,circle,1860,426,25595,confirmed,1.0
1565,38,trapezoid,209,193,20635,confirmed,0.6
1566,27,pentagon,1710,434,62962,confirmed,0.978
1566,31,triangle,1390,906,20864,confirmed,1.0
1566,32,rectangle,1665,212,29993,confirmed,1.0
1566,37,circle,1855,399,25595,coasting,1.0
1566,38,trapezoid,203,242,26923,confirmed,0.6
1567,27,pentagon,1738,428,62843,confirmed,0.978
1567,31,triangle,1396,902,20843,confirmed,1.0
1567,32,rectangle,1663,216,29983,confirmed,1.0
1567,37,circle,1850,374,25595,coasting,1.0
1567,38,trapezoid,196,327,26167,confirmed,0.578
1568,27,pentagon,1713,445,36597,confirmed,0.978
1568,31,triangle,1402,898,20770,confirmed,1.0
1568,32,rectangle,1658,219,29040,confirmed,0.978
1568,37,circle,1833,352,23462,confirmed,1.0
1568,38,trapezoid,189,380,26255,confirmed,0.556
1569,27,pentagon,1707,454,36467,confirmed,0.978
1569,31,triangle,1407,894,20719,confirmed,1.0
1569,32,rectangle,1654,221,26139,confirmed,0.978
1569,37,circle,1806,329,21787,confirmed,1.0
1569,38,trapezoid,184,429,19546,confirmed,0.556
1570,27,pentagon,1710,461,36551,confirmed,0.978
1570,31,triangle,1413,890,20677,confirmed,1.0
1570,32,rectangle,1649,221,21267,confirmed,0.978
1570,37,circle,1767,309,23407,confirmed,1.0
1570,38,trapezoid,183,460,26425,confirmed,0.556
1571,27,pentagon,1712,469,37111,confirmed,0.978
1571,31,triangle,1418,888,21022,confirmed,1.0
1571,32,rectangle,1645,210,13356,confirmed,0.978
1571,37,circle,1723,294,26372,confirmed,1.0
1571,38,trapezoid,179,500,20977,confirmed,0.556
1572,27,pentagon,1721,472,36529,confirmed,0.978
1572,31,triangle,1423,884,20981,confirmed,1.0
1572,32,rectangle,1641,205,13356,coasting,0.978
1572,37,circle,1676,283,30253,confirmed,1.0
1572,38,trapezoid,176,539,20676,confirmed,0.556
1573,27,pentagon,1727,476,36639,confirmed,0.978
1573,31,triangle,1428,880,20944,confirmed,1.0
1573,32,rectangle,1637,201,13356,coasting,0.978
1573,37,circle,1620,292,32692,confirmed,1.0
1573,38,trapezoid,172,576,27378,confirmed,0.556
1574,27,pentagon,1732,482,36690,confirmed,0.978
1574,31,triangle,1433,876,20901,confirmed,1.0
1574,32,rectangle,1634,197,13356,coasting,0.978
1574,37,circle,1572,295,32679,confirmed,1.0
1574,38,trapezoid,165,613,27136,confirmed,0.556
1575,27,pentagon,1737,487,36679,confirmed,0.978
1575,31,triangle,1438,872,20829,confirmed,1.0
1575,32,rectangle,1638,211,22891,confirmed,0.978
1575,37,circle,1527,297,32658,confirmed,1.0
1575,38,trapezoid,158,649,19840,confirmed,0.556
1576,27,pentagon,1741,492,36670,confirmed,0.978
1576,31,triangle,1443,868,20854,confirmed,1.0
1576,32,rectangle,1641,230,28101,confirmed,0.978
1576,37,circle,1488,308,32667,confirmed,1.0
1576,38,trapezoid,152,685,26859,confirmed,0.556
1577,27,pentagon,1746,497,36483,confirmed,0.978
1577,31,triangle,1448,864,20752,confirmed,1.0
1577,32,rectangle,1641,256,29876,confirmed,0.978
1577,37,circle,1456,325,32652,confirmed,1.0
1577,38,trapezoid,145,722,20326,confirmed,0.556
1578,27,pentagon,1750,503,36635,confirmed,0.978
1578,31,triangle,1452,860,20711,confirmed,1.0
1578,32,rectangle,1640,265,29775,confirmed,0.978
1578,37,circle,1429,346,32670,confirmed,1.0
1578,38,trapezoid,133,758,30742,confirmed,0.556
1579,27,pentagon,1753,508,36718,confirmed,0.978
1579,31,triangle,1457,858,21005,confirmed,1.0
1579,32,rectangle,1637,270,29798,confirmed,0.978
1579,37,circle,1407,368,32657,confirmed,1.0
1579,38,trapezoid,127,796,26974,confirmed,0.556
1580,27,pentagon,1755,513,36550,confirmed,0.978
1580,31,triangle,1462,854,20921,confirmed,1.0
1580,32,rectangle,1635,273,29797,confirmed,0.978
1580,37,circle,1390,391,32674,confirmed,1.0
1580,38,trapezoid,122,834,27154,confirmed,0.556
1581,27,pentagon,1756,519,36611,confirmed,0.978
1581,31,triangle,1466,850,20823,confirmed,1.0
1581,32,rectangle,1634,276,29822,confirmed,0.978
1581,37,circle,1375,414,32656,confirmed,1.0
1581,38,trapezoid,122,848,27036,confirmed,0.556
1582,27,pentagon,1758,524,36586,confirmed,0.978
1582,31,triangle,1471,846,20802,confirmed,1.0
1582,32,rectangle,1632,279,29775,confirmed,0.978
1582,37,circle,1363,439,32687,confirmed,1.0
1582,38,trapezoid,127,838,21477,confirmed,0.556
1583,27,pentagon,1760,530,36766,confirmed,0.978
1583,31,triangle,1475,842,20698,confirmed,1.0
1583,32,rectangle,1631,283,29828,confirmed,0.978
1583,37,circle,1353,463,32662,confirmed,1.0
1583,38,trapezoid,158,752,26806,confirmed,0.578
1584,27,pentagon,1763,535,36820,confirmed,0.978
1584,31,triangle,1479,840,20974,confirmed,1.0
1584,32,rectangle,1630,287,29847,confirmed,0.978
1584,37,circle,1342,487,32667,confirmed,1.0
1584,38,trapezoid,177,695,26325,confirmed,0.6
1585,27,pentagon,1765,539,36896,confirmed,0.978
1585,31,triangle,1484,836,20883,confirmed,1.0
1585,32,rectangle,1628,291,29849,confirmed,0.978
1585,37,circle,1332,511,32654,confirmed,1.0
1585,38,trapezoid,192,651,26469,confirmed,0.6
1586,27,pentagon,1765,545,37087,confirmed,0.956
1586,31,triangle,1487,832,20839,confirmed,1.0
1586,32,rectangle,1627,295,29831,confirmed,0.978
1586,37,circle,1323,535,32666,confirmed,1.0
1586,38,trapezoid,209,610,27242,confirmed,0.6
1587,27,pentagon,1767,549,36824,confirmed,0.956
1587,31,triangle,1491,828,20779,confirmed,1.0
1587,32,rectangle,1626,299,29839,confirmed,0.978
1587,37,circle,1313,560,32672,confirmed,1.0
1587,38,trapezoid,226,572,26982,confirmed,0.6
1588,27,pentagon,1768,553,37358,confirmed,0.956
1588,31,triangle,1494,824,20696,confirmed,1.0
1588,32,rectangle,1624,303,29970,confirmed,0.978
1588,37,circle,1306,584,32645,confirmed,1.0
1588,38,trapezoid,243,536,20059,confirmed,0.6
1589,27,pentagon,1767,560,36464,confirmed,0.956
1589,31,triangle,1498,822,21017,confirmed,1.0
1589,32,rectangle,1623,306,29895,confirmed,0.978
1589,37,circle,1317,607,32654,confirmed,1.0
1589,38,trapezoid,261,503,18619,confirmed,0.6
1590,27,pentagon,1766,566,36587,confirmed,0.956
1590,31,triangle,1500,818,20932,confirmed,1.0
1590,32,rectangle,1622,310,29995,confirmed,0.978
1590,37,circle,1333,630,32655,confirmed,1.0
1590,38,trapezoid,280,477,20168,confirmed,0.6
1591,27,pentagon,1766,571,36457,confirmed,0.956
1591,31,triangle,1503,814,20883,confirmed,1.0
1591,32,rectangle,1622,314,30008,confirmed,0.978
1591,37,circle,1355,652,32692,confirmed,1.0
1591,38,trapezoid,300,436,26368,confirmed,0.622
1592,27,pentagon,1766,576,36532,confirmed,0.956
1592,31,triangle,1506,810,20866,confirmed,1.0
1592,32,rectangle,1621,317,29868,confirmed,0.978
1592,37,circle,1387,670,32666,confirmed,1.0
1592,38,trapezoid,321,399,26752,confirmed,0.622
1593,27,pentagon,1767,581,36438,confirmed,0.956
1593,31,triangle,1509,810,17701,confirmed,1.0
1593,32,rectangle,1620,321,29836,confirmed,0.978
1593,37,circle,1428,681,32654,confirmed,1.0
1593,38,trapezoid,342,364,27170,confirmed,0.622
1594,27,pentagon,1767,586,36497,confirmed,0.956
1594,31,triangle,1512,812,16045,confirmed,1.0
1594,32,rectangle,1619,326,29846,confirmed,0.978
1594,37,circle,1470,675,32676,confirmed,1.0
1594,38,trapezoid,362,330,18868,confirmed,0.622
1595,27,pentagon,1767,591,36464,confirmed,0.956
1595,31,triangle,1514,813,16750,confirmed,1.0
1595,32,rectangle,1619,328,29934,confirmed,0.978
1595,37,circle,1503,658,32670,confirmed,1.0
1595,38,trapezoid,384,294,26955,confirmed,0.622
1596,27,pentagon,1768,596,36606,confirmed,0.956
1596,31,triangle,1515,809,18360,confirmed,0.978
1596,32,rectangle,1618,332,29935,confirmed,0.978
1596,37,circle,1530,636,32655,confirmed,1.0
1596,38,trapezoid,404,257,26988,confirmed,0.622
1597,27,pentagon,1769,600,36847,confirmed,0.956
1597,31,triangle,1516,800,19639,confirmed,0.956
1597,32,rectangle,1617,335,29828,confirmed,0.978
1597,37,circle,1555,614,32664,confirmed,1.0
1597,38,trapezoid,426,223,19700,confirmed,0.622
1598,27,pentagon,1768,605,36427,confirmed,0.956
1598,31,triangle,1518,791,20485,confirmed,0.956
1598,32,rectangle,1617,339,29796,confirmed,0.978
1598,37,circle,1564,589,32564,confirmed,1.0
1598,38,trapezoid,445,186,19896,confirmed,0.622
1599,27,pentagon,1768,610,36600,confirmed,0.956
1599,31,triangle,1520,784,20757,confirmed,0.956
1599,32,rectangle,1616,342,29960,confirmed,0.978
1599,37,circle,1567,564,32418,confirmed,1.0
1599,38,trapezoid,463,149,27143,confirmed,0.622
1600,27,pentagon,1769,615,36519,confirmed,0.956
1600,31,triangle,1522,779,20632,confirmed,0.956
1600,32,rectangle,1617,343,28726,confirmed,0.978
1600,37,circle,1570,539,32541,confirmed,1.0
1600,38,trapezoid,476,131,20179,confirmed,0.622
1601,27,pentagon,1769,619,36494,confirmed,0.956
1601,31,triangle,1524,777,20914,confirmed,0.956
1601,32,rectangle,1617,343,25904,confirmed,0.978
1601,37,circle,1571,513,32677,confirmed,1.0
1601,38,trapezoid,470,182,26170,confirmed,0.622
1602,27,pentagon,1768,624,36734,confirmed,0.978
1602,31,triangle,1526,774,20869,confirmed,0.956
1602,32,rectangle,1618,342,23010,confirmed,0.978
1602,37,circle,1566,488,32672,confirmed,1.0
1602,38,trapezoid,464,231,26845,confirmed,0.644
1603,27,pentagon,1767,628,36577,confirmed,0.978
1603,31,triangle,1527,770,20730,confirmed,0.956
1603,32,rectangle,1620,341,21192,confirmed,0.978
1603,37,circle,1552,465,32669,confirmed,1.0
1603,38,trapezoid,461,268,26908,confirmed,0.644
1604,27,pentagon,1766,633,36554,confirmed,0.978
1604,31,triangle,1529,768,20978,confirmed,0.956
1604,32,rectangle,1622,342,20360,confirmed,0.978
1604,37,circle,1535,442,32663,confirmed,1.0
1604,38,trapezoid,460,259,26725,confirmed,0.644
1605,27,pentagon,1765,637,36525,confirmed,0.978
1605,31,triangle,1531,764,20834,confirmed,0.956
1605,32,rectangle,1623,345,20404,confirmed,0.978
1605,37,circle,1517,419,32659,confirmed,1.0
1605,38,trapezoid,460,262,25951,confirmed,0.667
1606,27,pentagon,1764,641,36489,confirmed,0.978
1606,31,triangle,1532,760,20762,confirmed,0.956
1606,32,rectangle,1622,351,21802,confirmed,0.978
1606,37,circle,1499,396,32697,confirmed,1.0
1606,38,trapezoid,456,281,27251,confirmed,0.667
1607,27,pentagon,1763,646,36803,confirmed,0.978
1607,31,triangle,1534,758,20961,confirmed,0.956
1607,32,rectangle,1619,360,25085,confirmed,0.978
1607,37,circle,1480,374,32659,confirmed,1.0
1607,38,trapezoid,454,310,26923,confirmed,0.667
1608,27,pentagon,1761,650,36657,confirmed,0.978
1608,31,triangle,1535,754,20825,confirmed,0.956
1608,32,rectangle,1617,366,25085,coasting,0.978
1608,37,circle,1486,355,61055,confirmed,1.0
1608,38,trapezoid,451,348,20006,confirmed,0.667
1609,27,pentagon,1759,654,36646,confirmed,0.978
1609,31,triangle,1537,750,20655,confirmed,0.956
1609,32,rectangle,1610,374,29985,confirmed,0.978
1609,37,circle,1441,332,32677,confirmed,1.0
1609,38,trapezoid,452,404,25629,confirmed,0.667
1610,27,pentagon,1757,658,36714,confirmed,0.978
1610,31,triangle,1538,748,20908,confirmed,0.956
1610,32,rectangle,1608,378,29806,confirmed,0.978
1610,37,circle,1406,313,32683,confirmed,1.0
1610,38,trapezoid,451,449,26746,confirmed,0.667
1611,27,pentagon,1754,662,36754,confirmed,0.978
1611,31,triangle,1539,744,20770,confirmed,0.956
1611,32,rectangle,1607,381,29945,confirmed,0.978
1611,37,circle,1373,295,32656,confirmed,1.0
1611,38,trapezoid,445,493,20103,confirmed,0.644
1612,27,pentagon,1751,665,36482,confirmed,0.978
1612,31,triangle,1540,742,20973,confirmed,0.956
1612,32,rectangle,1608,383,29800,confirmed,0.978
1612,37,circle,1336,281,32669,confirmed,1.0
1612,38,trapezoid,444,534,26242,confirmed,0.644
1613,27,pentagon,1748,669,36534,confirmed,0.978
1613,31,triangle,1541,738,20842,confirmed,0.956
1613,32,rectangle,1607,387,29916,confirmed,0.978
1613,37,circle,1296,270,32654,confirmed,1.0
1613,38,trapezoid,442,573,19866,confirmed,0.644
1614,27,pentagon,1745,673,36588,confirmed,0.978
1614,31,triangle,1543,734,20631,confirmed,0.956
1614,32,rectangle,1606,389,29847,confirmed,0.978
1614,37,circle,1254,262,32686,confirmed,1.0
1614,38,trapezoid,444,604,25676,confirmed,0.622
1615,27,pentagon,1742,676,36653,confirmed,0.978
1615,31,triangle,1544,732,20835,confirmed,0.956
1615,32,rectangle,1606,392,29910,confirmed,0.978
1615,37,circle,1212,255,32662,confirmed,1.0
1615,38,trapezoid,442,641,27046,confirmed,0.622
1616,27,pentagon,1738,679,36604,confirmed,0.978
1616,31,triangle,1545,729,20701,confirmed,0.956
1616,32,rectangle,1605,395,29799,confirmed,0.978
1616,37,circle,1169,248,32664,confirmed,1.0
1616,38,trapezoid,439,679,26901,confirmed,0.622
1617,27,pentagon,1734,683,36924,confirmed,0.978
1617,31,triangle,1546,726,20824,confirmed,0.956
1617,32,rectangle,1604,398,29918,confirmed,0.978
1617,37,circle,1127,242,32668,confirmed,1.0
1617,38,trapezoid,438,717,26888,confirmed,0.622
1618,27,pentagon,1730,686,36943,confirmed,0.978
1618,31,triangle,1546,723,20709,confirmed,0.956
1618,32,rectangle,1604,401,29816,confirmed,0.978
1618,37,circle,1085,240,32647,confirmed,1.0
1618,38,trapezoid,437,756,27017,confirmed,0.622
1619,27,pentagon,1727,689,36597,confirmed,0.978
1619,31,triangle,1546,720,20835,confirmed,0.956
1619,32,rectangle,1603,403,29805,confirmed,0.978
1619,37,circle,1045,249,32655,confirmed,1.0
1619,38,trapezoid,436,794,26741,confirmed,0.622
1620,27,pentagon,1723,692,36615,confirmed,0.978
1620,31,triangle,1546,716,20582,confirmed,0.956
1620,32,rectangle,1603,406,29929,confirmed,0.978
1620,37,circle,1007,261,32667,confirmed,1.0
1620,38,trapezoid,433,831,26250,confirmed,0.644
1621,27,pentagon,1719,695,36782,confirmed,0.978
1621,31,triangle,1545,713,20425,confirmed,0.956
1621,32,rectangle,1602,409,29738,confirmed,0.978
1621,37,circle,968,274,32653,confirmed,1.0
1621,38,trapezoid,436,870,26685,confirmed,0.644
1622,27,pentagon,1715,698,36624,confirmed,0.978
1622,31,triangle,1543,710,20191,confirmed,0.956
1622,32,rectangle,1602,412,29896,confirmed,0.978
1622,37,circle,929,286,32672,confirmed,1.0
1622,38,trapezoid,440,907,26668,confirmed,0.644
1623,27,pentagon,1711,701,36529,confirmed,0.978
1623,31,triangle,1541,706,19459,confirmed,0.956
1623,32,rectangle,1601,414,29930,confirmed,0.978
1623,37,circle,892,300,32644,confirmed,1.0
1623,38,trapezoid,453,911,26229,confirmed,0.622
1624,27,pentagon,1708,704,36666,confirmed,0.978
1624,31,triangle,1539,703,18932,confirmed,0.956
1624,32,rectangle,1600,417,29807,confirmed,0.978
1624,37,circle,856,315,32656,confirmed,1.0
1624,38,trapezoid,474,880,26812,confirmed,0.622
1625,27,pentagon,1704,707,36608,confirmed,0.978
1625,31,triangle,1538,699,18185,confirmed,0.956
1625,32,rectangle,1600,419,29826,confirmed,0.978
1625,37,circle,826,333,32655,confirmed,1.0
1625,38,trapezoid,490,860,27000,confirmed,0.622
1626,27,pentagon,1700,709,36456,confirmed,0.978
1626,31,triangle,1537,696,17745,confirmed,0.956
1626,32,rectangle,1599,422,29945,confirmed,0.978
1626,37,circle,798,352,32664,confirmed,1.0
1626,38,trapezoid,510,828,26824,confirmed,0.622
1627,27,pentagon,1696,712,36566,confirmed,0.978
1627,31,triangle,1536,693,17397,confirmed,0.956
1627,32,rectangle,1598,424,29908,confirmed,0.978
1627,37,circle,774,373,32655,confirmed,1.0
1627,38,trapezoid,528,789,26602,confirmed,0.622
1628,27,pentagon,1692,714,36604,confirmed,0.978
1628,31,triangle,1535,689,16766,confirmed,0.956
1628,32,rectangle,1597,427,29814,confirmed,0.978
1628,37,circle,753,395,32671,confirmed,1.0
1628,38,trapezoid,541,745,26390,confirmed,0.622
1629,27,pentagon,1688,717,36554,confirmed,0.978
1629,31,triangle,1535,686,16766,coasting,0.956
1629,32,rectangle,1597,429,29845,confirmed,1.0
1629,37,circle,735,418,32694,confirmed,1.0
1629,38,trapezoid,556,699,27094,confirmed,0.622
1630,27,pentagon,1684,719,36498,confirmed,0.978
1630,31,triangle,1534,683,16766,coasting,0.956
1630,32,rectangle,1596,432,29960,confirmed,1.0
1630,37,circle,717,441,32671,confirmed,1.0
1630,38,trapezoid,572,647,25949,confirmed,0.622
1631,27,pentagon,1679,722,36728,confirmed,0.978
1631,31,triangle,1533,680,16766,coasting,0.956
1631,32,rectangle,1595,434,29966,confirmed,1.0
1631,37,circle,706,463,31893,confirmed,1.0
1631,38,trapezoid,589,607,26984,confirmed,0.622
1632,27,pentagon,1674,724,36568,confirmed,0.978
1632,31,triangle,1532,677,16766,coasting,0.956
1632,32,rectangle,1594,437,29957,confirmed,1.0
1632,37,circle,698,484,25887,confirmed,1.0
1632,38,trapezoid,606,568,25939,confirmed,0.6
1633,27,pentagon,1670,725,36520,confirmed,0.978
1633,31,triangle,1532,675,16766,coasting,0.956
1633,32,rectangle,1593,439,29779,confirmed,1.0
1633,37,circle,686,506,25887,coasting,1.0
1633,38,trapezoid,619,529,26992,confirmed,0.6
1634,27,pentagon,1666,726,36913,confirmed,0.978
1634,31,triangle,1531,673,16766,coasting,0.956
1634,32,rectangle,1593,441,29795,confirmed,1.0
1634,37,circle,676,526,25887,coasting,1.0
1634,38,trapezoid,631,495,26843,confirmed,0.622
1635,27,pentagon,1661,729,36565,confirmed,0.978
1635,31,triangle,1531,671,16766,coasting,0.956
1635,32,rectangle,1592,443,29687,confirmed,1.0
1635,37,circle,700,547,27578,confirmed,1.0
1635,38,trapezoid,646,458,25938,confirmed,0.622
1636,27,pentagon,1656,730,36555,confirmed,0.978
1636,31,triangle,1530,670,16766,coasting,0.956
1636,32,rectangle,1591,445,29719,confirmed,1.0
1636,37,circle,776,569,32118,confirmed,1.0
1636,38,trapezoid,660,422,27142,confirmed,0.622
1637,27,pentagon,1652,732,36730,confirmed,0.978
1637,31,triangle,1530,668,16766,coasting,0.956
1637,32,rectangle,1590,448,29817,confirmed,1.0
1637,37,circle,828,582,32690,confirmed,1.0
1637,38,trapezoid,673,385,26929,confirmed,0.622
1638,27,pentagon,1649,732,37320,confirmed,0.978
1638,31,triangle,1530,667,16766,coasting,0.956
1638,32,rectangle,1590,450,29743,confirmed,1.0
1638,37,circle,874,584,32656,confirmed,1.0
1638,38,trapezoid,687,348,27008,confirmed,0.622
1639,27,pentagon,1643,735,36586,confirmed,1.0
1639,31,triangle,1529,666,16766,coasting,0.956
1639,32,rectangle,1590,452,29669,confirmed,1.0
1639,37,circle,914,572,32653,confirmed,1.0
1639,38,trapezoid,700,313,19080,confirmed,0.622
1640,27,pentagon,1639,735,36888,confirmed,1.0
1640,31,triangle,1529,665,16766,coasting,0.956
1640,32,rectangle,1588,453,29561,confirmed,1.0
1640,37,circle,945,553,32699,confirmed,1.0
1640,38,trapezoid,712,274,26935,confirmed,0.622
1641,27,pentagon,1636,736,37022,confirmed,1.0
1641,31,triangle,1529,664,16766,coasting,0.956
1641,32,rectangle,1589,455,29408,confirmed,1.0
1641,37,circle,963,529,32685,confirmed,1.0
1641,38,trapezoid,726,236,26156,confirmed,0.622
1642,27,pentagon,1630,738,36481,confirmed,1.0
1642,31,triangle,1529,663,16766,coasting,0.956
1642,32,rectangle,1588,456,29283,confirmed,0.978
1642,37,circle,971,503,32661,confirmed,1.0
1642,38,trapezoid,739,199,26841,confirmed,0.622
1643,27,pentagon,1625,740,36507,confirmed,1.0
1643,31,triangle,1529,662,16766,coasting,0.956
1643,32,rectangle,1587,458,29043,confirmed,0.978
1643,37,circle,976,478,32676,confirmed,1.0
1643,38,trapezoid,752,163,21239,confirmed,0.622
1644,27,pentagon,1621,742,36657,confirmed,1.0
1644,31,triangle,1528,661,16766,coasting,0.956
1644,32,rectangle,1586,461,28869,confirmed,0.978
1644,37,circle,979,453,32674,confirmed,1.0
1644,38,trapezoid,770,125,27016,confirmed,0.622
1645,27,pentagon,1616,743,36509,confirmed,1.0
1645,31,triangle,1528,661,16766,coasting,0.956
1645,32,rectangle,1585,463,28630,confirmed,0.978
1645,37,circle,972,428,32661,confirmed,1.0
1645,38,trapezoid,783,105,26969,confirmed,0.622
1646,27,pentagon,1611,744,32463,confirmed,1.0
1646,31,triangle,1528,660,16766,coasting,0.956
1646,32,rectangle,1584,466,28368,confirmed,0.978
1646,37,circle,962,404,32659,confirmed,1.0
1646,38,trapezoid,791,111,20012,confirmed,0.622
1647,27,pentagon,1608,746,36640,confirmed,1.0
1647,31,triangle,1528,660,16766,coasting,0.956
1647,32,rectangle,1584,467,27341,confirmed,0.978
1647,37,circle,950,380,32655,confirmed,1.0
1647,38,trapezoid,784,190,20778,confirmed,0.6
1648,27,pentagon,1603,747,36974,confirmed,1.0
1648,31,triangle,1528,659,16766,coasting,0.956
1648,32,rectangle,1584,468,27433,confirmed,0.978
1648,37,circle,937,357,30694,confirmed,1.0
1648,38,trapezoid,784,234,26985,confirmed,0.6
1649,27,pentagon,1600,747,36985,confirmed,1.0
1649,32,rectangle,1584,468,26735,confirmed,0.978
1649,37,circle,919,337,24613,confirmed,1.0
1649,38,trapezoid,783,285,26680,confirmed,0.622
1650,27,pentagon,1596,749,36547,confirmed,1.0
1650,32,rectangle,1584,470,25721,confirmed,0.978
1650,37,circle,904,315,24613,coasting,1.0
1650,38,trapezoid,781,329,27435,confirmed,0.622
1651,27,pentagon,1593,749,36981,confirmed,1.0
1651,32,rectangle,1585,471,25301,confirmed,0.978
1651,37,circle,891,295,24613,coasting,1.0
1651,38,trapezoid,780,370,27102,confirmed,0.622
1652,27,pentagon,1588,751,36568,confirmed,1.0
1652,32,rectangle,1585,474,24389,confirmed,0.978
1652,37,circle,845,280,19631,confirmed,1.0
1652,38,trapezoid,785,402,25357,confirmed,0.6
1653,27,pentagon,1583,753,36951,confirmed,1.0
1653,32,rectangle,1584,477,24501,confirmed,0.978
1653,37,circle,789,280,26419,confirmed,1.0
1653,38,trapezoid,786,439,20673,confirmed,0.6
1654,27,pentagon,1578,756,36595,confirmed,1.0
1654,32,rectangle,1583,477,24636,confirmed,0.978
1654,37,circle,730,292,31045,confirmed,1.0
1654,38,trapezoid,786,478,26926,confirmed,0.6
1655,27,pentagon,1576,756,36714,confirmed,1.0
1655,32,rectangle,1581,478,24484,confirmed,0.978
1655,37,circle,665,334,32677,confirmed,1.0
1655,38,trapezoid,787,516,27225,confirmed,0.6
1656,27,pentagon,1572,755,36550,confirmed,1.0
1656,32,rectangle,1579,478,25080,confirmed,0.978
1656,37,circle,626,359,32646,confirmed,1.0
1656,38,trapezoid,788,554,26799,confirmed,0.6
1657,27,pentagon,1568,755,36506,confirmed,1.0
1657,32,rectangle,1576,478,25112,confirmed,0.978
1657,37,circle,604,382,32664,confirmed,1.0
1657,38,trapezoid,789,594,27022,confirmed,0.6
1658,27,pentagon,1564,755,36454,confirmed,1.0
1658,32,rectangle,1574,478,24326,confirmed,0.978
1658,37,circle,585,404,32671,confirmed,1.0
1658,38,trapezoid,793,631,26751,confirmed,0.6
1659,27,pentagon,1560,755,36416,confirmed,1.0
1659,32,rectangle,1574,477,24246,confirmed,0.978
1659,37,circle,567,426,32674,confirmed,1.0
1659,38,trapezoid,795,670,20878,confirmed,0.6
1660,27,pentagon,1556,756,36661,confirmed,1.0
1660,32,rectangle,1575,476,24277,confirmed,0.978
1660,37,circle,550,449,32674,confirmed,1.0
1660,38,trapezoid,798,708,27102,confirmed,0.6
1661,27,pentagon,1552,756,36614,confirmed,1.0
1661,32,rectangle,1578,475,24597,confirmed,0.978
1661,37,circle,536,472,32645,confirmed,1.0
1661,38,trapezoid,799,746,21225,confirmed,0.6
1662,27,pentagon,1548,756,36705,confirmed,1.0
1662,32,rectangle,1581,474,24894,confirmed,0.978
1662,37,circle,526,497,32664,confirmed,1.0
1662,38,trapezoid,800,784,26281,confirmed,0.6
1663,27,pentagon,1545,756,36674,confirmed,1.0
1663,32,rectangle,1584,473,26004,confirmed,0.978
1663,37,circle,521,521,32670,confirmed,1.0
1663,38,trapezoid,803,820,26123,confirmed,0.622
1664,27,pentagon,1541,756,36591,confirmed,1.0
1664,32,rectangle,1588,471,26394,confirmed,0.956
1664,37,circle,520,546,32655,confirmed,1.0
1664,38,trapezoid,811,858,30834,confirmed,0.622
1665,27,pentagon,1538,756,36746,confirmed,1.0
1665,32,rectangle,1589,471,26552,confirmed,0.933
1665,37,circle,523,571,32663,confirmed,1.0
1665,38,trapezoid,813,896,20143,confirmed,0.622
1666,27,pentagon,1535,755,36775,confirmed,1.0
1666,32,rectangle,1591,471,27054,confirmed,0.911
1666,37,circle,533,595,32674,confirmed,1.0
1666,38,trapezoid,813,935,20640,confirmed,0.622
1667,27,pentagon,1531,756,36615,confirmed,1.0
1667,32,rectangle,1592,471,27332,confirmed,0.889
1667,37,circle,554,617,32678,confirmed,1.0
1667,38,trapezoid,814,973,27027,confirmed,0.622
1668,27,pentagon,1527,757,36558,confirmed,1.0
1668,32,rectangle,1594,471,27814,confirmed,0.867
1668,37,circle,589,631,32650,confirmed,1.0
1668,38,trapezoid,816,1009,33964,confirmed,0.622
1669,27,pentagon,1524,757,36568,confirmed,1.0
1669,32,rectangle,1595,470,28098,confirmed,0.844
1669,37,circle,634,636,32665,confirmed,1.0
1669,38,trapezoid,823,1014,20031,confirmed,0.622
1670,27,pentagon,1520,757,36559,confirmed,1.0
1670,32,rectangle,1596,470,28461,confirmed,0.822
1670,37,circle,679,637,32650,confirmed,1.0
1670,38,trapezoid,833,993,20710,confirmed,0.622
1671,27,pentagon,1517,757,36493,confirmed,1.0
1671,32,rectangle,1598,470,28661,confirmed,0.8
1671,37,circle,722,629,32644,confirmed,1.0
1671,38,trapezoid,852,901,20594,confirmed,0.622
1672,27,pentagon,1514,757,36411,confirmed,1.0
1672,32,rectangle,1598,469,28865,confirmed,0.778
1672,37,circle,764,619,32666,confirmed,1.0
1672,38,trapezoid,866,850,27146,confirmed,0.622
1673,27,pentagon,1511,758,36643,confirmed,1.0
1673,32,rectangle,1599,469,28930,confirmed,0.756
1673,37,circle,799,603,32669,confirmed,1.0
1673,38,trapezoid,877,801,26022,confirmed,0.622
1674,27,pentagon,1508,758,36674,confirmed,1.0
1674,32,rectangle,1601,469,29284,confirmed,0.733
1674,37,circle,823,582,32663,confirmed,1.0
1674,38,trapezoid,887,757,27157,confirmed,0.622
1675,27,pentagon,1505,758,36704,confirmed,1.0
1675,32,rectangle,1602,469,29413,confirmed,0.711
1675,37,circle,834,556,32463,confirmed,1.0
1675,38,trapezoid,899,716,27263,confirmed,0.622
1676,27,pentagon,1503,757,37079,confirmed,1.0
1676,32,rectangle,1604,468,29438,confirmed,0.689
1676,37,circle,830,530,31926,confirmed,1.0
1676,38,trapezoid,908,688,20334,confirmed,0.622
1677,27,pentagon,1501,756,37172,confirmed,1.0
1677,32,rectangle,1606,468,29701,confirmed,0.689
1677,37,circle,818,504,31648,confirmed,1.0
1677,38,trapezoid,918,654,19561,confirmed,0.622
1678,27,pentagon,1499,756,37251,confirmed,1.0
1678,32,rectangle,1606,467,29680,confirmed,0.689
1678,37,circle,802,481,31889,confirmed,1.0
1678,38,trapezoid,930,617,27153,confirmed,0.622
1679,27,pentagon,1497,755,37268,confirmed,1.0
1679,32,rectangle,1608,466,29856,confirmed,0.689
1679,37,circle,783,459,32480,confirmed,1.0
1679,38,trapezoid,942,580,27184,confirmed,0.622
1680,27,pentagon,1494,754,37144,confirmed,1.0
1680,32,rectangle,1610,466,29826,confirmed,0.689
1680,37,circle,759,438,32671,confirmed,1.0
1680,38,trapezoid,954,542,27315,confirmed,0.622
1681,27,pentagon,1492,754,37518,confirmed,1.0
1681,32,rectangle,1611,465,29770,confirmed,0.689
1681,37,circle,732,419,32644,confirmed,1.0
1681,38,trapezoid,966,504,26684,confirmed,0.622
1682,27,pentagon,1486,758,36569,confirmed,1.0
1682,32,rectangle,1613,465,29908,confirmed,0.689
1682,37,circle,703,400,32665,confirmed,1.0
1682,38,trapezoid,977,466,27163,confirmed,0.622
1683,27,pentagon,1482,759,36651,confirmed,1.0
1683,32,rectangle,1614,463,29790,confirmed,0.689
1683,37,circle,670,383,32654,confirmed,1.0
1683,38,trapezoid,989,427,25985,confirmed,0.622
1684,27,pentagon,1480,759,37305,confirmed,1.0
1684,32,rectangle,1615,463,29761,confirmed,0.689
1684,37,circle,638,366,32645,confirmed,1.0
1684,38,trapezoid,1002,392,18439,confirmed,0.622
1685,27,pentagon,1478,759,37436,confirmed,1.0
1685,32,rectangle,1617,462,30008,confirmed,0.689
1685,37,circle,605,349,32666,confirmed,1.0
1685,38,trapezoid,1018,354,26363,confirmed,0.622
1686,27,pentagon,1477,758,37519,confirmed,1.0
1686,32,rectangle,1618,462,29800,confirmed,0.689
1686,37,circle,568,339,32662,confirmed,1.0
1686,38,trapezoid,1036,316,26774,confirmed,0.622
1687,27,pentagon,1473,759,37069,confirmed,1.0
1687,32,rectangle,1620,461,29807,confirmed,0.689
1687,37,circle,524,335,32664,confirmed,1.0
1687,38,trapezoid,1056,285,19229,confirmed,0.6
1688,27,pentagon,1471,758,37191,confirmed,1.0
1688,32,rectangle,1621,461,30040,confirmed,0.689
1688,37,circle,480,336,32653,confirmed,1.0
1688,38,trapezoid,1072,249,18877,confirmed,0.578
1689,27,pentagon,1470,757,37497,confirmed,1.0
1689,32,rectangle,1622,460,29846,confirmed,0.689
1689,37,circle,443,348,32656,confirmed,1.0
1689,38,trapezoid,1088,211,20170,confirmed,0.578
1690,27,pentagon,1468,757,37703,confirmed,1.0
1690,32,rectangle,1624,459,29851,confirmed,0.689
1690,37,circle,422,370,32648,confirmed,1.0
1690,38,trapezoid,1107,168,26082,confirmed,0.556
1691,27,pentagon,1466,756,37820,confirmed,1.0
1691,32,rectangle,1625,458,29988,confirmed,0.689
1691,37,circle,412,396,32663,confirmed,1.0
1691,38,trapezoid,1120,156,21546,confirmed,0.556
1692,27,pentagon,1465,756,37705,confirmed,1.0
1692,32,rectangle,1626,457,29841,confirmed,0.689
1692,37,circle,409,422,32656,confirmed,1.0
1692,38,trapezoid,1127,170,20156,confirmed,0.556
1693,27,pentagon,1460,760,36561,confirmed,1.0
1693,32,rectangle,1627,457,29833,confirmed,0.689
1693,37,circle,410,448,32647,confirmed,1.0
1693,38,trapezoid,1119,260,20256,confirmed,0.533
1694,27,pentagon,1457,761,36537,confirmed,1.0
1694,32,rectangle,1628,456,29949,confirmed,0.689
1694,37,circle,414,474,32670,confirmed,1.0
1694,38,trapezoid,1118,308,26324,confirmed,0.533
1695,27,pentagon,1454,761,36547,confirmed,1.0
1695,32,rectangle,1630,456,29984,confirmed,0.689
1695,37,circle,419,498,32649,confirmed,1.0
1695,38,trapezoid,1119,354,25832,confirmed,0.556
1696,27,pentagon,1452,761,36583,confirmed,1.0
1696,32,rectangle,1631,456,29782,confirmed,0.689
1696,37,circle,427,523,32687,confirmed,1.0
1696,38,trapezoid,1121,397,27090,confirmed,0.556
1697,27,pentagon,1450,761,36551,confirmed,1.0
1697,32,rectangle,1632,456,29814,confirmed,0.689
1697,37,circle,437,547,32663,confirmed,1.0
1697,38,trapezoid,1124,439,21370,confirmed,0.556
1698,27,pentagon,1449,761,36616,confirmed,1.0
1698,32,rectangle,1633,455,29947,confirmed,0.689
1698,37,circle,450,571,32633,confirmed,1.0
1698,38,trapezoid,1127,478,21209,confirmed,0.556
1699,27,pentagon,1447,761,36501,confirmed,1.0
1699,32,rectangle,1634,454,29980,confirmed,0.689
1699,37,circle,464,595,32673,confirmed,1.0
1699,38,trapezoid,1129,516,28236,confirmed,0.556
1700,27,pentagon,1445,761,36667,confirmed,1.0
1700,32,rectangle,1635,453,29862,confirmed,0.689
1700,37,circle,481,617,32664,confirmed,1.0
1700,38,trapezoid,1141,547,26376,confirmed,0.556
1701,27,pentagon,1443,761,36476,confirmed,1.0
1701,32,rectangle,1636,454,29830,confirmed,0.689
1701,37,circle,502,639,32669,confirmed,1.0
1701,38,trapezoid,1147,583,26961,confirmed,0.556
1702,27,pentagon,1441,761,36456,confirmed,1.0
1702,32,rectangle,1637,453,30048,confirmed,0.689
1702,37,circle,530,659,32651,confirmed,1.0
1702,38,trapezoid,1153,620,28131,confirmed,0.556
1702,39,triangle,1464,594,19964,confirmed,0.0
1703,27,pentagon,1440,761,36558,confirmed,1.0
1703,32,rectangle,1638,452,30026,confirmed,0.689
1703,37,circle,566,674,32668,confirmed,1.0
1703,38,trapezoid,1156,658,27141,confirmed,0.556
1703,39,triangle,1463,594,20103,confirmed,0.0
1704,27,pentagon,1437,761,32802,confirmed,1.0
1704,32,rectangle,1639,451,29890,confirmed,0.689
1704,37,circle,607,684,32675,confirmed,1.0
1704,38,trapezoid,1160,696,26484,confirmed,0.556
1704,39,triangle,1462,593,19965,confirmed,0.0
1705,27,pentagon,1435,762,37195,confirmed,1.0
1705,32,rectangle,1640,451,29827,confirmed,0.689
1705,37,circle,650,691,32676,confirmed,1.0
1705,38,trapezoid,1164,734,26957,confirmed,0.556
1705,39,triangle,1461,592,20074,confirmed,0.0
1706,27,pentagon,1432,763,37066,confirmed,1.0
1706,32,rectangle,1641,450,29949,confirmed,0.689
1706,37,circle,693,697,32688,confirmed,1.0
1706,38,trapezoid,1170,773,20776,confirmed,0.556
1706,39,triangle,1459,592,20130,confirmed,0.0
1707,27,pentagon,1430,765,37069,confirmed,1.0
1707,32,rectangle,1642,450,29917,confirmed,0.689
1707,37,circle,736,699,32679,confirmed,1.0
1707,38,trapezoid,1177,812,27512,confirmed,0.556
1707,39,triangle,1458,591,20263,confirmed,0.0
1708,27,pentagon,1430,763,36625,confirmed,1.0
1708,32,rectangle,1642,449,29788,confirmed,0.711
1708,37,circle,780,694,32691,confirmed,1.0
1708,38,trapezoid,1188,850,26618,confirmed,0.556
1708,39,triangle,1457,590,20104,confirmed,0.0
1709,27,pentagon,1429,763,36928,confirmed,1.0
1709,32,rectangle,1643,449,29886,confirmed,0.733
1709,37,circle,823,689,32683,confirmed,1.0
1709,38,trapezoid,1200,889,21227,confirmed,0.556
1709,39,triangle,1456,590,20177,confirmed,0.0
1710,27,pentagon,1428,762,36586,confirmed,1.0
1710,32,rectangle,1644,449,29848,confirmed,0.756
1710,37,circle,866,682,32689,confirmed,1.0
1710,38,trapezoid,1212,927,19347,confirmed,0.556
1710,39,triangle,1455,589,20260,confirmed,0.0
1711,27,pentagon,1427,762,36556,confirmed,1.0
1711,32,rectangle,1645,448,30052,confirmed,0.778
1711,37,circle,909,675,32662,confirmed,1.0
1711,38,trapezoid,1226,973,38655,confirmed,0.556
1711,39,triangle,1455,589,20338,confirmed,0.0
1712,27,pentagon,1426,762,36554,confirmed,1.0
1712,32,rectangle,1646,448,29924,confirmed,0.8
1712,37,circle,950,668,32680,confirmed,1.0
1712,38,trapezoid,1238,1011,21713,confirmed,0.556
1712,39,triangle,1454,588,20181,confirmed,0.0
1713,27,pentagon,1424,762,36535,confirmed,1.0
1713,32,rectangle,1646,447,29803,confirmed,0.822
1713,37,circle,991,657,32657,confirmed,1.0
1713,38,trapezoid,1251,1042,23740,confirmed,0.556
1713,39,triangle,1453,588,20254,confirmed,0.0
1714,27,pentagon,1423,763,36548,confirmed,1.0
1714,32,rectangle,1647,448,29866,confirmed,0.844
1714,37,circle,1028,643,32676,confirmed,1.0
1714,38,trapezoid,1267,1057,24687,confirmed,0.556
1714,39,triangle,1452,588,20342,confirmed,0.0
1715,27,pentagon,1422,763,36651,confirmed,1.0
1715,32,rectangle,1648,447,29795,confirmed,0.867
1715,37,circle,1062,627,32647,confirmed,1.0
1715,38,trapezoid,1285,1044,27174,confirmed,0.556
1715,39,triangle,1452,587,20402,confirmed,0.0
1716,27,pentagon,1420,763,36554,confirmed,1.0
1716,32,rectangle,1649,446,30008,confirmed,0.889
1716,37,circle,1093,609,32670,confirmed,1.0
1716,38,trapezoid,1302,1011,26827,confirmed,0.556
1716,39,triangle,1451,587,20487,confirmed,0.0
1717,27,pentagon,1419,763,36496,confirmed,1.0
1717,32,rectangle,1649,446,29992,confirmed,0.911
1717,37,circle,1120,589,32680,confirmed,1.0
1717,38,trapezoid,1316,967,19290,confirmed,0.556
1717,39,triangle,1450,587,20585,confirmed,0.0
1718,27,pentagon,1418,763,36481,confirmed,1.0
1718,32,rectangle,1650,446,29895,confirmed,0.933
1718,37,circle,1144,568,32661,confirmed,1.0
1718,38,trapezoid,1314,913,6302,confirmed,0.556
1718,39,triangle,1449,586,20345,confirmed,0.0
1719,27,pentagon,1417,763,36498,confirmed,1.0
1719,32,rectangle,1650,446,29804,confirmed,0.956
1719,37,circle,1165,546,32683,confirmed,1.0
1719,38,trapezoid,1320,872,6302,coasting,0.556
1719,39,triangle,1449,586,20437,confirmed,0.0
1720,27,pentagon,1416,763,36672,confirmed,1.0
1720,32,rectangle,1651,446,29916,confirmed,0.978
1720,37,circle,1182,524,32669,confirmed,1.0
1720,38,trapezoid,1326,835,6302,coasting,0.556
1720,39,triangle,1449,585,20451,confirmed,1.0
1721,27,pentagon,1417,760,38968,confirmed,1.0
1721,32,rectangle,1652,446,29836,confirmed,1.0
1721,37,circle,1190,499,32638,confirmed,1.0
1721,38,trapezoid,1331,801,6302,coasting,0.556
1721,39,triangle,1448,585,20558,confirmed,1.0
1722,27,pentagon,1419,757,40110,confirmed,1.0
1722,32,rectangle,1652,445,29941,confirmed,1.0
1722,37,circle,1192,474,32661,confirmed,1.0
1722,38,trapezoid,1336,771,6302,coasting,0.556
1722,39,triangle,1448,584,19562,confirmed,1.0
1723,27,pentagon,1414,762,36670,confirmed,1.0
1723,32,rectangle,1653,445,30031,confirmed,1.0
1723,37,circle,1192,448,32683,confirmed,1.0
1723,38,trapezoid,1340,744,6302,coasting,0.556
1723,39,triangle,1448,583,19562,coasting,1.0
1724,27,pentagon,1412,764,36639,confirmed,1.0
1724,32,rectangle,1653,445,30029,confirmed,1.0
1724,37,circle,1194,424,32672,confirmed,1.0
1724,38,trapezoid,1344,720,6302,coasting,0.556
1724,39,triangle,1448,583,19562,coasting,1.0
1725,27,pentagon,1411,764,36638,confirmed,1.0
1725,32,rectangle,1654,445,29950,confirmed,1.0
1725,37,circle,1179,401,32666,confirmed,1.0
1725,38,trapezoid,1384,662,23228,confirmed,0.556
1725,39,triangle,1447,582,19562,coasting,1.0
1726,27,pentagon,1411,761,38078,confirmed,0.978
1726,32,rectangle,1654,444,29832,confirmed,1.0
1726,37,circle,1156,380,32674,confirmed,1.0
1726,38,trapezoid,1425,603,29392,confirmed,0.556
1726,39,triangle,1447,582,19562,coasting,1.0
1727,27,pentagon,1409,763,36663,confirmed,0.978
1727,32,rectangle,1655,443,29963,confirmed,1.0
1727,37,circle,1128,360,32681,confirmed,1.0
1727,38,trapezoid,1464,531,25612,confirmed,0.533
1727,39,triangle,1447,581,19562,coasting,1.0
1728,27,pentagon,1409,762,37971,confirmed,0.978
1728,32,rectangle,1656,442,29331,confirmed,0.978
1728,37,circle,1088,353,32667,confirmed,1.0
1728,38,trapezoid,1494,478,26882,confirmed,0.533
1728,39,triangle,1447,581,19562,coasting,1.0
1729,27,pentagon,1408,764,36577,confirmed,0.978
1729,32,rectangle,1657,441,29331,coasting,0.978
1729,37,circle,1048,364,32690,confirmed,1.0
1729,38,trapezoid,1543,430,54225,confirmed,0.533
1729,39,triangle,1445,591,18316,confirmed,0.667
1730,27,pentagon,1409,762,38189,confirmed,0.978
1730,32,rectangle,1657,440,29331,coasting,0.978
1730,37,circle,1019,384,32664,confirmed,1.0
1730,38,trapezoid,1582,398,54366,confirmed,0.533
1730,39,triangle,1443,587,20335,confirmed,0.5
1731,27,pentagon,1409,760,38335,confirmed,0.956
1731,32,rectangle,1659,456,16657,confirmed,0.978
1731,37,circle,1002,410,32666,confirmed,1.0
1731,38,trapezoid,1548,378,21763,confirmed,0.511
1731,39,triangle,1442,583,20515,confirmed,0.6
1731,40,trapezoid,1677,377,8301,confirmed,1.0
1732,27,pentagon,1406,764,36523,confirmed,0.956
1732,32,rectangle,1658,473,20160,confirmed,0.978
1732,37,circle,989,435,32666,confirmed,1.0
1732,38,trapezoid,1545,345,26988,confirmed,0.511
1732,39,triangle,1442,582,20563,confirmed,0.667
1732,40,trapezoid,1677,377,8301,coasting,1.0
1733,27,pentagon,1405,765,36703,confirmed,0.956
1733,32,rectangle,1659,472,27614,confirmed,0.978
1733,37,circle,990,460,32651,confirmed,1.0
1733,38,trapezoid,1546,311,21009,confirmed,0.511
1733,39,triangle,1441,582,20616,confirmed,0.714
1733,40,trapezoid,1677,377,8301,coasting,1.0
1734,27,pentagon,1404,765,36582,confirmed,0.956
1734,32,rectangle,1658,450,29930,confirmed,0.978
1734,37,circle,999,485,32670,confirmed,1.0
1734,38,trapezoid,1549,275,27268,confirmed,0.511
1734,39,triangle,1441,582,20667,confirmed,0.75
1734,40,trapezoid,1677,377,8301,coasting,1.0
1735,27,pentagon,1404,764,38512,confirmed,0.956
1735,32,rectangle,1658,442,29833,confirmed,0.978
1735,37,circle,1009,510,32661,confirmed,1.0
1735,38,trapezoid,1567,237,18525,confirmed,0.511
1735,39,triangle,1441,582,20711,confirmed,0.778
1735,40,trapezoid,1677,377,8301,coasting,1.0
1736,27,pentagon,1403,765,36528,confirmed,0.956
1736,32,rectangle,1659,440,29851,confirmed,0.978
1736,37,circle,1021,534,32685,confirmed,1.0
1736,38,trapezoid,1574,220,20376,confirmed,0.511
1736,39,triangle,1440,581,20719,confirmed,0.8
1736,40,trapezoid,1677,377,8301,coasting,1.0
1737,27,pentagon,1402,766,36785,confirmed,0.956
1737,32,rectangle,1660,445,28324,confirmed,0.978
1737,37,circle,1037,557,32666,confirmed,1.0
1737,38,trapezoid,1579,226,26757,confirmed,0.511
1737,39,triangle,1440,581,20747,confirmed,0.818
1737,40,trapezoid,1677,377,8301,coasting,1.0
1738,27,pentagon,1402,766,36708,confirmed,0.956
1738,32,rectangle,1660,451,22780,confirmed,0.978
1738,37,circle,1060,579,32667,confirmed,1.0
1738,38,trapezoid,1583,256,21703,confirmed,0.511
1738,39,triangle,1440,581,20814,confirmed,0.833
1738,40,trapezoid,1677,377,8301,coasting,1.0
1739,27,pentagon,1401,766,36651,confirmed,0.956
1739,32,rectangle,1661,465,17051,confirmed,0.978
1739,37,circle,1092,596,32665,confirmed,1.0
1739,38,trapezoid,1583,300,27437,confirmed,0.511
1739,39,triangle,1439,581,20844,confirmed,0.846
1739,40,trapezoid,1677,377,8301,coasting,1.0
1740,27,pentagon,1400,766,36615,confirmed,0.956
1740,32,rectangle,1662,474,17051,coasting,0.978
1740,37,circle,1134,603,32681,confirmed,1.0
1740,38,trapezoid,1582,353,27181,confirmed,0.511
1740,39,triangle,1439,581,20886,confirmed,0.857
1740,40,trapezoid,1677,377,8301,coasting,1.0
1741,27,pentagon,1400,766,36559,confirmed,0.956
1741,32,rectangle,1662,481,17051,coasting,0.978
1741,37,circle,1178,599,32669,confirmed,1.0
1741,38,trapezoid,1584,430,21038,confirmed,0.489
1741,39,triangle,1438,580,20573,confirmed,0.867
1741,40,trapezoid,1677,377,8301,coasting,1.0
1742,27,pentagon,1400,766,36533,confirmed,0.956
1742,32,rectangle,1663,488,17051,coasting,0.978
1742,37,circle,1222,590,32662,confirmed,1.0
1742,38,trapezoid,1588,479,26891,confirmed,0.511
1742,39,triangle,1438,580,20442,confirmed,0.867
1742,40,trapezoid,1677,377,8301,coasting,1.0
1743,27,pentagon,1399,766,36552,confirmed,0.956
1743,32,rectangle,1663,494,17051,coasting,0.978
1743,37,circle,1255,574,32695,confirmed,1.0
1743,38,trapezoid,1594,519,26924,confirmed,0.533
1743,39,triangle,1437,580,20050,confirmed,0.867
1743,40,trapezoid,1675,393,19478,confirmed,1.0
1744,27,pentagon,1399,767,36592,confirmed,0.956
1744,32,rectangle,1663,500,17051,coasting,0.978
1744,37,circle,1279,553,32654,confirmed,1.0
1744,38,trapezoid,1602,561,28154,confirmed,0.533
1744,39,triangle,1437,580,18707,confirmed,0.867
1744,40,trapezoid,1671,411,23354,confirmed,1.0
1745,27,pentagon,1398,767,36650,confirmed,0.956
1745,32,rectangle,1664,505,17051,coasting,0.978
1745,37,circle,1301,530,32668,confirmed,1.0
1745,38,trapezoid,1607,601,20896,confirmed,0.533
1745,39,triangle,1434,578,17216,confirmed,0.867
1745,40,trapezoid,1666,427,27223,confirmed,1.0
1746,27,pentagon,1398,767,36582,confirmed,0.956
1746,32,rectangle,1664,509,17051,coasting,0.978
1746,37,circle,1322,508,32631,confirmed,1.0
1746,38,trapezoid,1610,638,26118,confirmed,0.533
1746,39,triangle,1432,578,16845,confirmed,0.867
1746,40,trapezoid,1662,441,29968,confirmed,0.5
1747,27,pentagon,1398,767,36556,confirmed,0.956
1747,32,rectangle,1664,514,17051,coasting,0.978
1747,37,circle,1341,485,32684,confirmed,1.0
1747,38,trapezoid,1612,674,27713,confirmed,0.533
1747,39,triangle,1433,580,16406,confirmed,0.867
1747,40,rectangle,1661,444,29959,confirmed,0.667
1748,27,pentagon,1397,767,36509,confirmed,0.956
1748,32,rectangle,1665,517,17051,coasting,0.978
1748,37,circle,1357,461,32676,confirmed,1.0
1748,38,trapezoid,1618,706,26994,confirmed,0.556
1748,39,triangle,1434,585,17104,confirmed,0.867
1748,40,rectangle,1661,443,29957,confirmed,0.75
1749,27,pentagon,1397,767,36520,confirmed,0.956
1749,32,rectangle,1665,521,17051,coasting,0.978
1749,37,circle,1370,437,32662,confirmed,1.0
1749,38,trapezoid,1623,742,26459,confirmed,0.556
1749,39,triangle,1435,588,18207,confirmed,0.867
1749,40,rectangle,1662,442,29957,confirmed,0.8
1750,27,pentagon,1393,769,39536,confirmed,0.956
1750,32,rectangle,1665,523,17051,coasting,0.978
1750,37,circle,1379,413,32679,confirmed,1.0
1750,38,trapezoid,1627,779,21170,confirmed,0.556
1750,39,triangle,1437,588,19384,confirmed,0.812
1750,40,rectangle,1663,441,29810,confirmed,0.833
1751,27,pentagon,1395,768,36522,confirmed,0.956
1751,32,rectangle,1665,526,17051,coasting,0.978
1751,37,circle,1385,388,32659,confirmed,1.0
1751,38,trapezoid,1633,820,21413,confirmed,0.533
1751,39,triangle,1436,583,20354,confirmed,0.824
1751,40,rectangle,1663,440,29811,confirmed,0.857
1752,27,pentagon,1396,767,36513,confirmed,0.956
1752,32,rectangle,1665,529,17051,coasting,0.978
1752,37,circle,1388,363,32658,confirmed,1.0
1752,38,trapezoid,1638,858,27304,confirmed,0.533
1752,39,triangle,1436,580,20838,confirmed,0.833
1752,40,rectangle,1663,440,29822,confirmed,0.875
1753,27,pentagon,1395,767,36541,confirmed,0.956
1753,32,rectangle,1665,531,17051,coasting,0.978
1753,37,circle,1387,339,32643,confirmed,1.0
1753,38,trapezoid,1643,895,27075,confirmed,0.533
1753,39,triangle,1436,580,20861,confirmed,0.842
1753,40,rectangle,1663,440,29828,confirmed,0.889
1754,27,pentagon,1395,767,36542,confirmed,0.956
1754,32,rectangle,1666,533,17051,coasting,0.978
1754,37,circle,1384,314,32671,confirmed,1.0
1754,38,trapezoid,1652,931,25922,confirmed,0.511
1754,39,triangle,1435,580,20884,confirmed,0.85
1754,40,rectangle,1663,440,29822,confirmed,0.9
1755,27,pentagon,1395,767,36555,confirmed,0.956
1755,32,rectangle,1666,534,17051,coasting,0.978
1755,37,circle,1376,289,32653,confirmed,1.0
1755,38,trapezoid,1658,969,21270,confirmed,0.511
1755,39,triangle,1435,580,20901,confirmed,0.857
1755,40,rectangle,1663,440,29822,confirmed,0.909
1756,27,pentagon,1395,767,36542,confirmed,0.956
1756,32,rectangle,1666,536,17051,coasting,0.978
1756,37,circle,1365,265,32662,confirmed,1.0
1756,38,trapezoid,1660,1009,31382,confirmed,0.511
1756,39,triangle,1435,580,20900,confirmed,0.864
1756,40,rectangle,1664,440,29825,confirmed,0.917
1757,27,pentagon,1394,767,36573,confirmed,0.956
1757,32,rectangle,1666,537,17051,coasting,0.978
1757,37,circle,1350,242,32640,confirmed,1.0
1757,38,trapezoid,1666,1041,20232,confirmed,0.511
1757,39,triangle,1435,580,20913,confirmed,0.87
1757,40,rectangle,1664,440,29825,confirmed,0.923
1758,27,pentagon,1394,767,36603,confirmed,0.956
1758,32,rectangle,1666,539,17051,coasting,0.978
1758,37,circle,1331,220,32661,confirmed,1.0
1758,38,trapezoid,1676,1063,15895,confirmed,0.511
1758,39,triangle,1435,580,20939,confirmed,0.875
1758,40,rectangle,1664,440,29824,confirmed,0.929
1759,27,pentagon,1394,767,36586,confirmed,0.956
1759,32,rectangle,1666,540,17051,coasting,0.978
1759,37,circle,1306,199,32655,confirmed,1.0
1759,38,trapezoid,1688,1070,20420,confirmed,0.511
1759,39,triangle,1435,580,20950,confirmed,0.88
1759,40,rectangle,1664,440,29825,confirmed,0.933
1760,27,pentagon,1394,767,36620,confirmed,0.956
1760,37,circle,1273,183,32675,confirmed,1.0
1760,38,trapezoid,1701,1009,26307,confirmed,0.511
1760,39,triangle,1435,579,20962,confirmed,0.885
1760,40,rectangle,1664,439,29828,confirmed,0.938
1761,27,pentagon,1394,767,36536,confirmed,0.956
1761,37,circle,1231,182,32684,confirmed,1.0
1761,38,trapezoid,1711,962,20373,confirmed,0.511
1761,39,triangle,1434,578,20613,confirmed,0.889
1761,40,rectangle,1664,439,29824,confirmed,0.941
1762,27,pentagon,1393,767,36617,confirmed,0.956
1762,37,circle,1208,202,32650,confirmed,1.0
1762,38,trapezoid,1722,921,20356,confirmed,0.489
1762,39,triangle,1434,578,20632,confirmed,0.893
1762,40,rectangle,1664,439,29821,confirmed,0.944
1763,27,pentagon,1393,767,36513,confirmed,0.956
1763,37,circle,1195,228,32682,confirmed,1.0
1763,38,trapezoid,1731,881,20503,confirmed,0.489
1763,39,triangle,1434,578,20648,confirmed,0.897
1763,40,rectangle,1664,439,29821,confirmed,0.947
1764,27,pentagon,1393,767,36516,confirmed,0.956
1764,37,circle,1196,255,32673,confirmed,1.0
1764,38,trapezoid,1739,842,26959,confirmed,0.489
1764,39,triangle,1434,578,20659,confirmed,0.9
1764,40,rectangle,1664,439,29821,confirmed,0.95
1765,27,pentagon,1393,767,36559,confirmed,0.956
1765,37,circle,1203,282,32657,confirmed,1.0
1765,38,trapezoid,1746,800,25999,confirmed,0.489
1765,39,triangle,1434,578,20667,confirmed,0.903
1765,40,rectangle,1664,439,29821,confirmed,0.952
1766,27,pentagon,1393,767,36527,confirmed,0.956
1766,37,circle,1213,307,32661,confirmed,1.0
1766,38,trapezoid,1750,765,21318,confirmed,0.489
1766,39,triangle,1434,578,20670,confirmed,0.906
1766,40,rectangle,1665,438,29985,confirmed,0.955
1767,27,pentagon,1393,767,36573,confirmed,0.956
1767,37,circle,1229,330,32673,confirmed,1.0
1767,38,trapezoid,1755,729,20390,confirmed,0.489
1767,39,triangle,1434,578,20672,confirmed,0.909
1767,40,rectangle,1665,438,29985,confirmed,0.957
1768,27,pentagon,1393,767,36493,confirmed,0.956
1768,37,circle,1256,350,32648,confirmed,1.0
1768,38,trapezoid,1763,686,25738,confirmed,0.489
1768,39,triangle,1434,578,20681,confirmed,0.912
1768,40,rectangle,1665,438,29985,confirmed,0.958
1769,27,pentagon,1393,767,36525,confirmed,0.956
1769,37,circle,1291,366,32685,confirmed,1.0
1769,38,trapezoid,1765,651,20762,confirmed,0.467
1769,39,triangle,1434,578,20691,confirmed,0.914
1769,40,rectangle,1665,438,29985,confirmed,0.96
1770,27,pentagon,1392,767,36513,confirmed,0.956
1770,37,circle,1329,375,32683,confirmed,1.0
1770,38,trapezoid,1770,614,27037,confirmed,0.467
1770,39,triangle,1434,578,20695,confirmed,0.917
1770,40,rectangle,1665,438,29716,confirmed,0.962
1771,27,pentagon,1392,767,36510,confirmed,0.956
1771,37,circle,1358,361,32670,confirmed,1.0
1771,38,trapezoid,1774,575,26936,confirmed,0.467
1771,39,triangle,1434,578,20697,confirmed,0.919
1771,40,rectangle,1664,437,27642,confirmed,0.962
1772,27,pentagon,1392,767,36517,confirmed,0.956
1772,37,circle,1368,335,32659,confirmed,1.0
1772,38,trapezoid,1773,536,21763,confirmed,0.444
1772,39,triangle,1434,578,20695,confirmed,0.921
1772,40,rectangle,1662,434,25674,confirmed,0.962
1773,27,pentagon,1392,767,36546,confirmed,0.956
1773,37,circle,1369,309,32656,confirmed,1.0
1773,38,trapezoid,1758,484,50813,confirmed,0.444
1773,39,triangle,1434,578,20702,confirmed,0.923
1773,40,rectangle,1661,433,25674,coasting,0.962
1774,27,pentagon,1392,767,36542,confirmed,0.956
1774,37,circle,1366,282,32660,confirmed,1.0
1774,38,trapezoid,1750,443,37472,confirmed,0.444
1774,39,triangle,1434,578,20702,confirmed,0.925
1774,40,rectangle,1658,429,21273,confirmed,0.962
1775,27,pentagon,1392,767,36546,confirmed,0.978
1775,37,circle,1359,256,32653,confirmed,1.0
1775,38,trapezoid,1747,409,34275,confirmed,0.444
1775,39,triangle,1434,578,20702,confirmed,0.927
1775,40,rectangle,1657,434,21415,confirmed,0.962
1776,27,pentagon,1392,767,36528,confirmed,0.978
1776,37,circle,1350,231,32675,confirmed,1.0
1776,38,trapezoid,1779,384,26838,confirmed,0.467
1776,39,triangle,1434,578,20712,confirmed,0.929
1776,40,rectangle,1655,453,6956,confirmed,0.962
1777,27,pentagon,1392,767,36525,confirmed,0.978
1777,37,circle,1339,206,32661,confirmed,1.0
1777,38,trapezoid,1796,353,30502,confirmed,0.467
1777,39,triangle,1434,578,20695,confirmed,0.93
1777,40,rectangle,1656,457,25571,confirmed,0.962
1778,27,pentagon,1392,767,36531,confirmed,1.0
1778,37,circle,1325,183,32681,confirmed,1.0
1778,38,trapezoid,1810,320,30289,confirmed,0.467
1778,39,triangle,1434,578,20710,confirmed,0.932
1778,40,rectangle,1658,456,27587,confirmed,0.962
1779,27,pentagon,1392,767,36532,confirmed,1.0
1779,37,circle,1309,160,32651,confirmed,1.0
1779,38,trapezoid,1813,283,26663,confirmed,0.467
1779,39,triangle,1434,578,20710,confirmed,0.933
1779,40,rectangle,1664,444,29661,confirmed,0.963
1780,27,pentagon,1392,767,36527,confirmed,1.0
1780,37,circle,1285,139,32680,confirmed,1.0
1780,38,trapezoid,1806,239,20457,confirmed,0.467
1780,39,triangle,1434,578,20713,confirmed,0.933
1780,40,rectangle,1665,439,29973,confirmed,0.964
1781,27,pentagon,1392,767,36523,confirmed,1.0
1781,37,circle,1249,124,32666,confirmed,1.0
1781,38,trapezoid,1805,207,26954,confirmed,0.467
1781,39,triangle,1434,578,20716,confirmed,0.933
1781,40,rectangle,1666,438,29973,confirmed,0.966
1782,27,pentagon,1392,767,36521,confirmed,1.0
1782,37,circle,1208,114,32679,confirmed,1.0
1782,38,trapezoid,1790,243,20416,confirmed,0.467
1782,39,triangle,1434,578,20716,confirmed,0.956
1782,40,rectangle,1665,438,29973,confirmed,0.967
1783,27,pentagon,1392,767,36521,confirmed,1.0
1783,37,circle,1164,114,32649,confirmed,1.0
1783,38,trapezoid,1776,284,26772,confirmed,0.467
1783,39,triangle,1434,578,20715,confirmed,0.978
1783,40,rectangle,1665,439,28057,confirmed,0.967
1784,27,pentagon,1392,767,36520,confirmed,1.0
1784,37,circle,1124,125,32646,confirmed,1.0
1784,38,trapezoid,1764,326,26842,confirmed,0.467
1784,39,triangle,1434,578,20715,confirmed,0.978
1784,40,rectangle,1664,441,24648,confirmed,0.967
1785,27,pentagon,1392,767,36520,confirmed,1.0
1785,37,circle,1094,145,32670,confirmed,1.0
1785,38,trapezoid,1751,367,26807,confirmed,0.467
1785,39,triangle,1434,578,20710,confirmed,0.978
1785,40,rectangle,1675,480,12754,confirmed,0.968
1786,27,pentagon,1392,767,36520,confirmed,1.0
1786,37,circle,1078,169,32668,confirmed,1.0
1786,38,trapezoid,1736,405,26654,confirmed,0.489
1786,39,triangle,1434,578,20710,confirmed,0.978
1786,40,rectangle,1680,499,12754,coasting,0.968
1787,27,pentagon,1392,767,36520,confirmed,1.0
1787,37,circle,1076,195,32669,confirmed,1.0
1787,38,trapezoid,1724,428,26934,confirmed,0.489
1787,39,triangle,1434,578,20710,confirmed,0.978
1787,40,rectangle,1672,507,10306,confirmed,0.969
1788,27,pentagon,1392,767,36520,confirmed,1.0
1788,37,circle,1093,215,32639,confirmed,1.0
1788,38,trapezoid,1722,384,26003,confirmed,0.489
1788,39,triangle,1434,578,20710,confirmed,0.978
1788,40,rectangle,1669,494,14947,confirmed,0.97
1789,27,pentagon,1392,767,36520,confirmed,1.0
1789,37,circle,1100,218,32641,confirmed,1.0
1789,38,trapezoid,1723,368,26003,confirmed,0.489
1789,39,triangle,1434,578,20710,confirmed,0.978
1789,40,rectangle,1669,489,14947,confirmed,0.971
1790,27,pentagon,1392,767,36520,confirmed,1.0
1790,37,circle,1102,217,32641,confirmed,1.0
1790,38,trapezoid,1724,364,26003,confirmed,0.489
1790,39,triangle,1434,578,20710,confirmed,0.978
1790,40,rectangle,1669,488,14947,confirmed,0.971
1791,27,pentagon,1392,767,36520,confirmed,1.0
1791,37,circle,1102,216,32641,confirmed,1.0
1791,38,trapezoid,1725,364,26003,confirmed,0.511
1791,39,triangle,1434,578,20710,confirmed,0.978
1791,40,rectangle,1669,488,14947,confirmed,0.972
1792,27,pentagon,1392,767,36520,confirmed,1.0
1792,37,circle,1101,215,32641,confirmed,1.0
1792,38,trapezoid,1725,365,26003,confirmed,0.511
1792,39,triangle,1434,578,20710,confirmed,0.978
1792,40,rectangle,1669,488,14947,confirmed,0.973
1793,27,pentagon,1392,767,36520,confirmed,1.0
1793,37,circle,1101,214,32641,confirmed,1.0
1793,38,trapezoid,1725,365,26003,confirmed,0.533
1793,39,triangle,1434,578,20710,confirmed,0.978
1793,40,rectangle,1669,488,14947,confirmed,0.974
1794,27,pentagon,1392,767,36520,confirmed,1.0
1794,37,circle,1101,214,32641,confirmed,1.0
1794,38,trapezoid,1725,366,26003,confirmed,0.533
1794,39,triangle,1434,578,20710,confirmed,0.978
1794,40,rectangle,1669,488,14947,confirmed,0.974
1795,27,pentagon,1392,767,36520,confirmed,1.0
1795,37,circle,1101,214,32641,confirmed,1.0
1795,38,trapezoid,1725,366,26003,confirmed,0.533
1795,39,triangle,1434,578,20710,confirmed,1.0
1795,40,rectangle,1669,488,14947,confirmed,0.975
1796,27,pentagon,1392,767,36520,confirmed,1.0
1796,37,circle,1101,214,32641,confirmed,1.0
1796,38,trapezoid,1725,366,26003,confirmed,0.556
1796,39,triangle,1434,578,20710,confirmed,1.0
1796,40,rectangle,1669,488,14947,confirmed,0.976
1797,27,pentagon,1392,767,36520,confirmed,1.0
1797,37,circle,1101,214,32641,confirmed,1.0
1797,38,trapezoid,1725,366,26003,confirmed,0.556
1797,39,triangle,1434,578,20710,confirmed,1.0
1797,40,rectangle,1669,488,14947,confirmed,0.976
1798,27,pentagon,1392,767,36520,confirmed,1.0
1798,37,circle,1101,214,32641,confirmed,1.0
1798,38,trapezoid,1725,366,26003,confirmed,0.578
1798,39,triangle,1434,578,20710,confirmed,1.0
1798,40,rectangle,1669,488,14947,confirmed,0.977
1799,27,pentagon,1392,767,36520,confirmed,1.0
1799,37,circle,1101,214,32641,confirmed,1.0
1799,38,trapezoid,1725,366,26003,confirmed,0.578
1799,39,triangle,1434,578,20710,confirmed,1.0
1799,40,rectangle,1669,488,14947,confirmed,0.977
1800,27,pentagon,1392,767,36577,confirmed,1.0
1800,37,circle,1101,215,32644,confirmed,1.0
1800,38,trapezoid,1725,367,26188,confirmed,0.578
1800,39,triangle,1433,578,20711,confirmed,1.0
1800,40,rectangle,1669,488,14909,confirmed,0.978
1801,27,pentagon,1392,767,36579,confirmed,1.0
1801,37,circle,1101,215,32642,confirmed,1.0
1801,38,trapezoid,1725,367,26185,confirmed,0.6
1801,39,triangle,1433,578,20712,confirmed,1.0
1801,40,rectangle,1669,488,14909,confirmed,1.0
1802,27,pentagon,1392,767,36579,confirmed,1.0
1802,37,circle,1101,215,32642,confirmed,1.0
1802,38,trapezoid,1725,367,26185,confirmed,0.622
1802,39,triangle,1433,578,20712,confirmed,1.0
1802,40,rectangle,1669,488,14909,confirmed,1.0
1803,27,pentagon,1392,767,36579,confirmed,1.0
1803,37,circle,1101,215,32642,confirmed,1.0
1803,38,trapezoid,1725,367,26185,confirmed,0.644
1803,39,triangle,1433,578,20712,confirmed,1.0
1803,40,rectangle,1669,488,14909,confirmed,1.0
1804,27,pentagon,1392,767,36579,confirmed,1.0
1804,37,circle,1101,215,32642,confirmed,1.0
1804,38,trapezoid,1725,367,26185,confirmed,0.667
1804,39,triangle,1433,578,20712,confirmed,1.0
1804,40,rectangle,1669,488,14909,confirmed,1.0
1805,27,pentagon,1392,767,36579,confirmed,1.0
1805,37,circle,1101,215,32642,confirmed,1.0
1805,38,trapezoid,1725,367,26185,confirmed,0.689
1805,39,triangle,1433,578,20712,confirmed,1.0
1805,40,rectangle,1669,488,14909,confirmed,1.0
1806,27,pentagon,1392,767,36579,confirmed,1.0
1806,37,circle,1101,215,32642,confirmed,1.0
1806,38,trapezoid,1725,367,26185,confirmed,0.711
1806,39,triangle,1433,578,20712,confirmed,1.0
1806,40,rectangle,1669,488,14909,confirmed,1.0
1807,27,pentagon,1392,767,36579,confirmed,1.0
1807,37,circle,1101,215,32642,confirmed,1.0
1807,38,trapezoid,1725,367,26185,confirmed,0.711
1807,39,triangle,1433,578,20712,confirmed,1.0
1807,40,rectangle,1669,488,14909,confirmed,1.0
1808,27,pentagon,1392,767,36579,confirmed,1.0
1808,37,circle,1101,215,32642,confirmed,1.0
1808,38,trapezoid,1725,367,26185,confirmed,0.711
1808,39,triangle,1433,578,20712,confirmed,1.0
1808,40,rectangle,1669,488,14909,confirmed,1.0
1809,27,pentagon,1392,767,36579,confirmed,1.0
1809,37,circle,1101,215,32642,confirmed,1.0
1809,38,trapezoid,1725,367,26185,confirmed,0.733
1809,39,triangle,1433,578,20712,confirmed,1.0
1809,40,rectangle,1669,488,14909,confirmed,1.0
1810,27,pentagon,1392,767,36579,confirmed,1.0
1810,37,circle,1101,215,32642,confirmed,1.0
1810,38,trapezoid,1725,367,26185,confirmed,0.756
1810,39,triangle,1433,578,20712,confirmed,1.0
1810,40,rectangle,1669,488,14909,confirmed,1.0
1811,27,pentagon,1392,767,36579,confirmed,1.0
1811,37,circle,1101,215,32642,confirmed,1.0
1811,38,trapezoid,1725,367,26185,confirmed,0.778
1811,39,triangle,1433,578,20712,confirmed,1.0
1811,40,rectangle,1669,488,14909,confirmed,1.0
1812,27,pentagon,1392,767,36579,confirmed,1.0
1812,37,circle,1101,215,32642,confirmed,1.0
1812,38,trapezoid,1725,367,26185,confirmed,0.8
1812,39,triangle,1433,578,20712,confirmed,1.0
1812,40,rectangle,1669,488,14909,confirmed,1.0
1813,27,pentagon,1392,767,36579,confirmed,1.0
1813,37,circle,1101,215,32642,confirmed,1.0
1813,38,trapezoid,1725,367,26185,confirmed,0.8
1813,39,triangle,1433,578,20712,confirmed,1.0
1813,40,rectangle,1669,488,14909,confirmed,1.0
1814,27,pentagon,1392,767,36579,confirmed,1.0
1814,37,circle,1101,215,32642,confirmed,1.0
1814,38,trapezoid,1725,367,26185,confirmed,0.8
1814,39,triangle,1433,578,20712,confirmed,1.0
1814,40,rectangle,1669,488,14909,confirmed,1.0
1815,27,pentagon,1392,767,36579,confirmed,1.0
1815,37,circle,1101,215,32642,confirmed,1.0
1815,38,trapezoid,1725,367,26185,confirmed,0.8
1815,39,triangle,1433,578,20712,confirmed,1.0
1815,40,rectangle,1669,488,14909,confirmed,1.0
1816,27,pentagon,1392,767,36579,confirmed,1.0
1816,37,circle,1101,215,32642,confirmed,1.0
1816,38,trapezoid,1725,367,26185,confirmed,0.822
1816,39,triangle,1433,578,20712,confirmed,1.0
1816,40,rectangle,1669,488,14909,confirmed,1.0
1817,27,pentagon,1392,767,36579,confirmed,1.0
1817,37,circle,1101,215,32642,confirmed,1.0
1817,38,trapezoid,1725,367,26185,confirmed,0.844
1817,39,triangle,1433,578,20712,confirmed,1.0
1817,40,rectangle,1669,488,14909,confirmed,1.0
1818,27,pentagon,1392,767,36579,confirmed,1.0
1818,37,circle,1101,215,32642,confirmed,1.0
1818,38,trapezoid,1725,367,26185,confirmed,0.844
1818,39,triangle,1433,578,20712,confirmed,1.0
1818,40,rectangle,1669,488,14909,confirmed,1.0
1819,27,pentagon,1392,767,36579,confirmed,1.0
1819,37,circle,1101,215,32642,confirmed,1.0
1819,38,trapezoid,1725,367,26185,confirmed,0.867
1819,39,triangle,1433,578,20712,confirmed,1.0
1819,40,rectangle,1669,488,14909,confirmed,1.0
1820,27,pentagon,1392,767,36579,confirmed,1.0
1820,37,circle,1101,215,32642,confirmed,1.0
1820,38,trapezoid,1725,367,26185,confirmed,0.889
1820,39,triangle,1433,578,20712,confirmed,1.0
1820,40,rectangle,1669,488,14909,confirmed,1.0
1821,27,pentagon,1392,767,36579,confirmed,1.0
1821,37,circle,1101,215,32642,confirmed,1.0
1821,38,trapezoid,1725,367,26185,confirmed,0.889
1821,39,triangle,1433,578,20712,confirmed,1.0
1821,40,rectangle,1669,488,14909,confirmed,1.0
1822,27,pentagon,1392,767,36579,confirmed,1.0
1822,37,circle,1101,215,32642,confirmed,1.0
1822,38,trapezoid,1725,367,26185,confirmed,0.911
1822,39,triangle,1433,578,20712,confirmed,1.0
1822,40,rectangle,1669,488,14909,confirmed,1.0
1823,27,pentagon,1392,767,36579,confirmed,1.0
1823,37,circle,1101,215,32642,confirmed,1.0
1823,38,trapezoid,1725,367,26185,confirmed,0.911
1823,39,triangle,1433,578,20712,confirmed,1.0
1823,40,rectangle,1669,488,14909,confirmed,1.0
1824,27,pentagon,1392,767,36579,confirmed,1.0
1824,37,circle,1101,215,32642,confirmed,1.0
1824,38,trapezoid,1725,367,26185,confirmed,0.933
1824,39,triangle,1433,578,20712,confirmed,1.0
1824,40,rectangle,1669,488,14909,confirmed,1.0
1825,27,pentagon,1392,767,36579,confirmed,1.0
1825,37,circle,1101,215,32642,confirmed,1.0
1825,38,trapezoid,1725,367,26185,confirmed,0.956
1825,39,triangle,1433,578,20712,confirmed,1.0
1825,40,rectangle,1669,488,14909,confirmed,1.0
1826,27,pentagon,1392,767,36579,confirmed,1.0
1826,37,circle,1101,215,32642,confirmed,1.0
1826,38,trapezoid,1725,367,26185,confirmed,0.956
1826,39,triangle,1433,578,20712,confirmed,1.0
1826,40,rectangle,1669,488,14909,confirmed,1.0
1827,27,pentagon,1392,767,36579,confirmed,1.0
1827,37,circle,1101,215,32642,confirmed,1.0
1827,38,trapezoid,1725,367,26185,confirmed,0.978
1827,39,triangle,1433,578,20712,confirmed,1.0
1827,40,rectangle,1669,488,14909,confirmed,1.0
1828,27,pentagon,1392,767,36579,confirmed,1.0
1828,37,circle,1101,215,32642,confirmed,1.0
1828,38,trapezoid,1725,367,26185,confirmed,1.0
1828,39,triangle,1433,578,20712,confirmed,1.0
1828,40,rectangle,1669,488,14909,confirmed,1.0
1829,27,pentagon,1392,767,36579,confirmed,1.0
1829,37,circle,1101,215,32642,confirmed,1.0
1829,38,trapezoid,1725,367,26185,confirmed,1.0
1829,39,triangle,1433,578,20712,confirmed,1.0
1829,40,rectangle,1669,488,14909,confirmed,1.0
1830,27,pentagon,1392,767,36577,confirmed,1.0
1830,37,circle,1101,215,32644,confirmed,1.0
1830,38,trapezoid,1725,367,26188,confirmed,1.0
1830,39,triangle,1433,578,20711,confirmed,1.0
1830,40,rectangle,1669,488,14909,confirmed,1.0
1831,27,pentagon,1392,767,36579,confirmed,1.0
1831,37,circle,1101,215,32642,confirmed,1.0
1831,38,trapezoid,1725,367,26185,confirmed,1.0
1831,39,triangle,1433,578,20712,confirmed,1.0
1831,40,rectangle,1669,488,14909,confirmed,1.0
1832,27,pentagon,1392,767,36579,confirmed,1.0
1832,37,circle,1101,215,32642,confirmed,1.0
1832,38,trapezoid,1725,367,26185,confirmed,1.0
1832,39,triangle,1433,578,20712,confirmed,1.0
1832,40,rectangle,1669,488,14909,confirmed,1.0
1833,27,pentagon,1392,767,36579,confirmed,1.0
1833,37,circle,1101,215,32642,confirmed,1.0
1833,38,trapezoid,1725,367,26185,confirmed,1.0
1833,39,triangle,1433,578,20712,confirmed,1.0
1833,40,rectangle,1669,488,14909,confirmed,1.0
1834,27,pentagon,1392,767,36579,confirmed,1.0
1834,37,circle,1101,215,32642,confirmed,1.0
1834,38,trapezoid,1725,367,26185,confirmed,1.0
1834,39,triangle,1433,578,20712,confirmed,1.0
1834,40,rectangle,1669,488,14909,confirmed,1.0
1835,27,pentagon,1392,767,36579,confirmed,1.0
1835,37,circle,1101,215,32642,confirmed,1.0
1835,38,trapezoid,1725,367,26185,confirmed,1.0
1835,39,triangle,1433,578,20712,confirmed,1.0
1835,40,rectangle,1669,488,14909,confirmed,1.0
1836,27,pentagon,1392,767,36579,confirmed,1.0
1836,37,circle,1101,215,32642,confirmed,1.0
1836,38,trapezoid,1725,367,26185,confirmed,1.0
1836,39,triangle,1433,578,20712,confirmed,1.0
1836,40,rectangle,1669,488,14909,confirmed,1.0
1837,27,pentagon,1392,767,36579,confirmed,1.0
1837,37,circle,1101,215,32642,confirmed,1.0
1837,38,trapezoid,1725,367,26185,confirmed,1.0
1837,39,triangle,1433,578,20712,confirmed,1.0
1837,40,rectangle,1669,488,14909,confirmed,1.0
1838,27,pentagon,1392,767,36579,confirmed,1.0
1838,37,circle,1101,215,32642,confirmed,1.0
1838,38,trapezoid,1725,367,26185,confirmed,1.0
1838,39,triangle,1433,578,20712,confirmed,1.0
1838,40,rectangle,1669,488,14909,confirmed,1.0
1839,27,pentagon,1392,767,36579,confirmed,1.0
1839,37,circle,1101,215,32642,confirmed,1.0
1839,38,trapezoid,1725,367,26185,confirmed,1.0
1839,39,triangle,1433,578,20712,confirmed,1.0
1839,40,rectangle,1669,488,14909,confirmed,1.0
1840,27,pentagon,1392,767,36579,confirmed,1.0
1840,37,circle,1101,215,32642,confirmed,1.0
1840,38,trapezoid,1725,367,26185,confirmed,1.0
1840,39,triangle,1433,578,20712,confirmed,1.0
1840,40,rectangle,1669,488,14909,confirmed,1.0
