frame,track_id,shape,cx,cy,area,state,confidence
0,1,pentagon,1365,773,36542,confirmed,1.0
0,2,circle,1057,191,32722,confirmed,1.0
0,3,rectangle,369,237,29956,confirmed,1.0
0,5,triangle,608,723,20829,confirmed,1.0
1,1,pentagon,1365,773,36544,confirmed,1.0
1,2,circle,1023,186,32669,confirmed,1.0
1,3,rectangle,369,237,29956,confirmed,1.0
1,5,triangle,608,723,20829,confirmed,1.0
2,1,pentagon,1365,773,36544,confirmed,1.0
2,2,circle,977,184,32686,confirmed,1.0
2,3,rectangle,369,237,29956,confirmed,1.0
2,4,trapezoid,1749,431,27773,confirmed,0.0
2,5,triangle,608,723,20829,confirmed,1.0
3,1,pentagon,1365,773,36544,confirmed,1.0
3,2,circle,931,188,32685,confirmed,1.0
3,3,rectangle,369,237,29956,confirmed,1.0
3,4,trapezoid,1761,468,27476,confirmed,0.0
3,5,triangle,608,723,20829,confirmed,1.0
4,1,pentagon,1365,773,36544,confirmed,1.0
4,2,circle,888,198,32701,confirmed,1.0
4,3,rectangle,369,237,29956,confirmed,1.0
4,4,hexagon,1773,508,22386,confirmed,0.0
4,5,triangle,608,723,20829,confirmed,1.0
5,1,pentagon,1365,773,36544,confirmed,1.0
5,2,circle,855,215,32672,confirmed,1.0
5,3,rectangle,369,237,29956,confirmed,1.0
5,4,trapezoid,1785,556,27400,confirmed,0.0
5,5,triangle,608,723,20829,confirmed,1.0
6,1,pentagon,1365,773,36544,confirmed,1.0
6,2,circle,831,236,32677,confirmed,1.0
6,3,rectangle,369,237,29956,confirmed,1.0
6,4,trapezoid,1798,603,28704,confirmed,0.0
6,5,triangle,608,723,20829,confirmed,1.0
7,1,pentagon,1365,773,36544,confirmed,1.0
7,2,circle,810,259,32661,confirmed,1.0
7,3,rectangle,369,237,29956,confirmed,1.0
7,4,trapezoid,1813,649,27784,confirmed,0.0
7,5,triangle,608,723,20829,confirmed,1.0
8,1,pentagon,1365,773,36544,confirmed,1.0
8,2,circle,795,283,32660,confirmed,1.0
8,3,rectangle,369,237,29956,confirmed,1.0
8,4,trapezoid,1828,692,23595,confirmed,0.0
8,5,triangle,608,723,20830,confirmed,1.0
9,1,pentagon,1365,773,36546,confirmed,1.0
9,2,circle,781,307,32704,confirmed,1.0
9,3,rectangle,369,237,29956,confirmed,1.0
9,4,trapezoid,1839,733,23415,confirmed,0.0
9,5,triangle,608,722,20839,confirmed,1.0
10,1,pentagon,1365,773,36546,confirmed,1.0
10,2,circle,767,331,32678,confirmed,1.0
10,3,rectangle,369,237,29956,confirmed,1.0
10,4,trapezoid,1847,771,21853,confirmed,0.0
10,5,triangle,608,722,20839,confirmed,1.0
11,1,pentagon,1365,773,36546,confirmed,1.0
11,2,circle,755,355,32660,confirmed,1.0
11,3,rectangle,369,237,29956,confirmed,1.0
11,4,trapezoid,1853,807,20536,confirmed,0.0
11,5,triangle,608,722,20839,confirmed,1.0
12,1,pentagon,1365,773,36548,confirmed,1.0
12,2,circle,746,379,32687,confirmed,1.0
12,3,rectangle,369,237,29956,confirmed,1.0
12,4,trapezoid,1858,844,18003,confirmed,0.0
12,5,triangle,608,722,20846,confirmed,1.0
13,1,pentagon,1365,773,36549,confirmed,1.0
13,2,circle,738,404,32672,confirmed,1.0
13,3,rectangle,369,237,29956,confirmed,1.0
13,4,trapezoid,1863,880,15798,confirmed,0.0
13,5,triangle,608,722,20846,confirmed,1.0
14,1,pentagon,1365,773,36548,confirmed,1.0
14,2,circle,731,428,32706,confirmed,1.0
14,3,rectangle,369,237,29956,confirmed,1.0
14,4,trapezoid,1870,902,13264,confirmed,0.0
14,5,triangle,608,722,20851,confirmed,1.0
15,1,pentagon,1365,773,36547,confirmed,1.0
15,2,circle,728,453,32711,confirmed,1.0
15,3,rectangle,369,237,29956,confirmed,1.0
15,4,hexagon,1877,896,10057,confirmed,0.0
15,5,triangle,608,722,20853,confirmed,1.0
16,1,pentagon,1365,773,36552,confirmed,1.0
16,2,circle,725,478,32679,confirmed,1.0
16,3,rectangle,369,237,29956,confirmed,1.0
16,4,pentagon,1882,869,11245,confirmed,0.0
16,5,triangle,608,722,20854,confirmed,1.0
17,1,pentagon,1365,773,36570,confirmed,1.0
17,2,circle,723,503,32664,confirmed,1.0
17,3,rectangle,369,237,29956,confirmed,1.0
17,4,pentagon,1889,829,7227,confirmed,0.0
17,5,triangle,608,722,20857,confirmed,1.0
18,1,pentagon,1365,773,36576,confirmed,1.0
18,2,circle,723,528,32658,confirmed,1.0
18,3,rectangle,369,237,29956,confirmed,1.0
18,4,pentagon,1895,805,7227,coasting,0.0
18,5,triangle,608,722,20867,confirmed,1.0
19,1,pentagon,1365,773,36581,confirmed,1.0
19,2,circle,724,552,32647,confirmed,1.0
19,3,rectangle,369,237,29956,confirmed,1.0
19,4,pentagon,1901,783,7227,coasting,0.0
19,5,triangle,608,722,20860,confirmed,1.0
20,1,pentagon,1365,773,36597,confirmed,1.0
20,2,circle,726,577,32665,confirmed,1.0
20,3,rectangle,369,237,29956,confirmed,1.0
20,4,pentagon,1906,764,7227,coasting,0.0
20,5,triangle,608,722,20857,confirmed,1.0
21,1,pentagon,1365,773,36614,confirmed,1.0
21,2,circle,728,602,32667,confirmed,1.0
21,3,rectangle,368,237,29975,confirmed,1.0
21,4,pentagon,1911,746,7227,coasting,0.0
21,5,triangle,608,723,20767,confirmed,1.0
22,1,pentagon,1365,773,36620,confirmed,1.0
22,2,circle,729,627,32676,confirmed,1.0
22,3,rectangle,368,237,29975,confirmed,1.0
22,4,pentagon,1915,730,7227,coasting,0.0
22,5,triangle,608,723,19874,confirmed,1.0
23,1,pentagon,1365,773,36538,confirmed,1.0
23,2,circle,730,652,32664,confirmed,1.0
23,3,rectangle,368,237,29975,confirmed,1.0
23,4,pentagon,1919,716,7227,coasting,0.0
23,5,triangle,608,723,19874,coasting,1.0
24,1,pentagon,1365,773,36543,confirmed,1.0
24,2,circle,727,677,32678,confirmed,1.0
24,3,rectangle,368,237,29975,confirmed,1.0
24,4,pentagon,1923,703,7227,coasting,0.0
24,5,triangle,608,723,19874,coasting,1.0
25,1,pentagon,1365,773,36562,confirmed,1.0
25,2,circle,720,701,32671,confirmed,1.0
25,3,rectangle,368,237,29975,confirmed,1.0
25,4,pentagon,1926,692,7227,coasting,0.0
25,5,triangle,608,723,19874,coasting,1.0
26,1,pentagon,1365,772,36569,confirmed,1.0
26,2,circle,709,725,32716,confirmed,1.0
26,3,rectangle,368,237,29975,confirmed,1.0
26,4,pentagon,1928,682,7227,coasting,0.0
26,5,triangle,608,723,19874,coasting,1.0
27,1,pentagon,1365,772,36590,confirmed,1.0
27,2,circle,686,746,32675,confirmed,1.0
27,3,rectangle,368,237,29975,confirmed,1.0
27,4,pentagon,1931,672,7227,coasting,0.0
27,5,triangle,608,724,19874,coasting,1.0
28,1,pentagon,1365,772,36602,confirmed,1.0
28,2,circle,654,763,32670,confirmed,1.0
28,3,rectangle,368,237,29975,confirmed,1.0
28,4,pentagon,1933,664,7227,coasting,0.0
28,5,triangle,608,724,19874,coasting,1.0
29,1,pentagon,1365,772,36610,confirmed,1.0
29,2,circle,624,775,36303,confirmed,1.0
29,3,rectangle,368,237,29816,confirmed,1.0
29,4,pentagon,1935,656,7227,coasting,0.0
29,5,triangle,608,724,19874,coasting,1.0
30,1,pentagon,1365,772,36613,confirmed,1.0
30,2,circle,575,784,32685,confirmed,1.0
30,3,rectangle,367,237,29808,confirmed,1.0
30,4,pentagon,1937,650,7227,coasting,0.0
30,5,triangle,608,724,19874,coasting,1.0
31,1,pentagon,1365,772,36621,confirmed,1.0
31,2,circle,530,791,32661,confirmed,1.0
31,3,rectangle,367,237,29808,confirmed,1.0
31,4,pentagon,1939,644,7227,coasting,0.0
31,5,triangle,608,724,19874,coasting,1.0
32,1,pentagon,1365,772,36667,confirmed,1.0
32,2,circle,486,794,32650,confirmed,1.0
32,3,rectangle,367,237,29808,confirmed,1.0
32,4,pentagon,1940,638,7227,coasting,0.0
32,5,triangle,608,724,19874,coasting,1.0
33,1,pentagon,1365,771,36508,confirmed,1.0
33,2,circle,444,787,32645,confirmed,1.0
33,3,rectangle,367,237,29808,confirmed,1.0
33,4,pentagon,1941,633,7227,coasting,0.0
33,5,triangle,614,720,19565,confirmed,0.957
34,1,pentagon,1365,771,36546,confirmed,1.0
34,2,circle,404,777,32709,confirmed,1.0
34,3,rectangle,367,237,29808,confirmed,1.0
34,4,pentagon,1943,629,7227,coasting,0.0
34,5,triangle,610,721,20955,confirmed,0.958
35,1,pentagon,1365,771,36562,confirmed,1.0
35,2,circle,370,760,32693,confirmed,1.0
35,3,rectangle,367,237,29808,confirmed,1.0
35,4,pentagon,1944,625,7227,coasting,0.0
35,5,triangle,609,722,20979,confirmed,0.96
36,1,pentagon,1365,771,36574,confirmed,1.0
36,2,circle,344,739,32691,confirmed,1.0
36,3,rectangle,366,237,29870,confirmed,1.0
36,4,pentagon,1945,621,7227,coasting,0.0
36,5,triangle,610,722,21000,confirmed,0.962
37,1,pentagon,1365,771,36586,confirmed,1.0
37,2,circle,324,716,32683,confirmed,1.0
37,3,rectangle,366,237,29870,confirmed,1.0
37,4,pentagon,1946,618,7227,coasting,0.0
37,5,triangle,610,722,21026,confirmed,0.963
38,1,pentagon,1365,771,36622,confirmed,1.0
38,2,circle,309,692,32718,confirmed,1.0
38,3,rectangle,366,237,29870,confirmed,1.0
38,5,triangle,610,721,20783,confirmed,0.964
39,1,pentagon,1365,771,36564,confirmed,1.0
39,2,circle,299,668,32645,confirmed,1.0
39,3,rectangle,366,237,29870,confirmed,1.0
39,5,triangle,610,721,20802,confirmed,0.966
40,1,pentagon,1365,770,36593,confirmed,1.0
40,2,circle,293,643,32680,confirmed,1.0
40,3,rectangle,365,238,29787,confirmed,1.0
40,5,triangle,610,721,20836,confirmed,0.967
41,1,pentagon,1365,770,36611,confirmed,1.0
41,2,circle,288,617,32695,confirmed,1.0
41,3,rectangle,365,238,29787,confirmed,1.0
41,5,triangle,610,721,20859,confirmed,0.968
42,1,pentagon,1365,770,36657,confirmed,1.0
42,2,circle,282,593,32680,confirmed,1.0
42,3,rectangle,365,238,29787,confirmed,1.0
42,5,triangle,611,721,20872,confirmed,0.969
43,1,pentagon,1365,769,36514,confirmed,1.0
43,2,circle,278,568,32700,confirmed,1.0
43,3,rectangle,365,238,29787,confirmed,1.0
43,5,triangle,611,721,20906,confirmed,0.97
44,1,pentagon,1365,769,36541,confirmed,1.0
44,2,circle,275,543,32662,confirmed,1.0
44,3,rectangle,364,237,29843,confirmed,1.0
44,5,triangle,611,720,20841,confirmed,0.971
45,1,pentagon,1365,769,36595,confirmed,1.0
45,2,circle,272,519,32706,confirmed,1.0
45,3,rectangle,364,237,29843,confirmed,1.0
45,5,triangle,611,720,20860,confirmed,0.971
46,1,pentagon,1365,769,36609,confirmed,1.0
46,2,circle,272,494,32679,confirmed,1.0
46,3,rectangle,364,237,29843,confirmed,1.0
46,5,triangle,611,720,20870,confirmed,0.972
47,1,pentagon,1365,769,36543,confirmed,1.0
47,2,circle,272,469,32675,confirmed,1.0
47,3,rectangle,363,237,29788,confirmed,1.0
47,5,triangle,612,720,20937,confirmed,0.973
48,1,pentagon,1365,768,36593,confirmed,1.0
48,2,circle,273,444,32655,confirmed,1.0
48,3,rectangle,363,237,29789,confirmed,1.0
48,5,triangle,612,720,20978,confirmed,0.974
49,1,pentagon,1365,768,36631,confirmed,1.0
49,2,circle,272,419,32666,confirmed,1.0
49,3,rectangle,363,235,29023,confirmed,0.978
49,5,triangle,612,720,21022,confirmed,0.974
50,1,pentagon,1365,767,36513,confirmed,1.0
50,2,circle,271,394,32679,confirmed,1.0
50,3,rectangle,365,232,27549,confirmed,0.956
50,5,triangle,612,719,20795,confirmed,0.975
51,1,pentagon,1365,767,36553,confirmed,1.0
51,2,circle,268,370,32702,confirmed,1.0
51,3,rectangle,367,230,26035,confirmed,0.956
51,5,triangle,613,719,20841,confirmed,0.976
52,1,pentagon,1365,767,36591,confirmed,1.0
52,2,circle,259,345,32659,confirmed,1.0
52,3,rectangle,368,228,24983,confirmed,0.956
52,5,triangle,613,719,20875,confirmed,0.976
53,1,pentagon,1365,767,36564,confirmed,1.0
53,2,circle,245,322,32660,confirmed,1.0
53,3,rectangle,369,227,25094,confirmed,0.956
53,5,triangle,613,719,20915,confirmed,0.977
54,1,pentagon,1365,766,36608,confirmed,1.0
54,2,circle,226,299,32660,confirmed,1.0
54,3,rectangle,368,229,26357,confirmed,0.956
54,5,triangle,614,718,20820,confirmed,0.977
55,1,pentagon,1365,766,36668,confirmed,1.0
55,2,circle,204,277,32676,confirmed,1.0
55,3,rectangle,365,233,28772,confirmed,0.956
55,5,triangle,614,718,20916,confirmed,0.978
56,1,pentagon,1365,765,36570,confirmed,1.0
56,2,circle,169,269,32665,confirmed,1.0
56,3,rectangle,360,237,29926,confirmed,0.956
56,5,triangle,614,718,20948,confirmed,0.978
56,6,trapezoid,1896,913,7303,confirmed,0.0
57,1,pentagon,1364,765,36617,confirmed,1.0
57,2,circle,133,282,32676,confirmed,1.0
57,3,rectangle,359,239,29926,confirmed,0.956
57,5,triangle,615,718,21014,confirmed,0.978
57,6,pentagon,1893,873,7189,confirmed,0.0
58,1,pentagon,1364,764,36582,confirmed,1.0
58,2,circle,111,306,32659,confirmed,1.0
58,3,rectangle,358,239,29982,confirmed,0.956
58,5,triangle,615,717,20802,confirmed,0.978
58,6,trapezoid,1887,828,10910,confirmed,0.0
59,1,pentagon,1364,764,36636,confirmed,1.0
59,2,circle,89,324,32750,confirmed,1.0
59,3,rectangle,357,238,29903,confirmed,0.956
59,5,triangle,615,717,20878,confirmed,0.978
59,6,trapezoid,1879,780,11982,confirmed,0.0
60,1,pentagon,1364,763,36441,confirmed,1.0
60,2,circle,73,345,31764,confirmed,1.0
60,3,rectangle,357,238,29942,confirmed,0.956
60,5,triangle,616,716,20918,confirmed,0.978
60,6,trapezoid,1871,731,14464,confirmed,0.0
61,1,pentagon,1364,763,36520,confirmed,1.0
61,2,circle,63,370,30333,confirmed,1.0
61,3,rectangle,356,239,29817,confirmed,0.956
61,5,triangle,616,716,20840,confirmed,0.978
61,6,hexagon,1863,685,15832,confirmed,0.0
62,1,pentagon,1364,763,36563,confirmed,1.0
62,2,circle,58,398,28962,confirmed,1.0
62,3,rectangle,356,239,29819,confirmed,0.956
62,5,triangle,617,716,20918,confirmed,0.978
62,6,pentagon,1858,641,14882,confirmed,0.0
63,1,pentagon,1364,762,36626,confirmed,1.0
63,2,circle,56,425,27590,confirmed,1.0
63,3,rectangle,355,239,29777,confirmed,0.956
63,5,triangle,617,716,21009,confirmed,0.978
63,6,trapezoid,1852,600,17843,confirmed,0.0
64,1,pentagon,1364,761,36530,confirmed,1.0
64,2,circle,56,453,26096,confirmed,1.0
64,3,rectangle,354,239,29863,confirmed,0.956
64,5,triangle,617,715,20789,confirmed,0.978
64,6,trapezoid,1847,561,19846,confirmed,0.0
65,1,pentagon,1364,761,36607,confirmed,1.0
65,2,circle,56,480,24739,confirmed,1.0
65,3,rectangle,354,239,29842,confirmed,0.956
65,5,triangle,618,715,20878,confirmed,0.978
65,6,trapezoid,1841,524,20810,confirmed,0.0
66,1,pentagon,1364,760,36584,confirmed,1.0
66,2,circle,57,507,23683,confirmed,1.0
66,3,rectangle,353,239,29745,confirmed,0.956
66,5,triangle,618,715,20954,confirmed,0.978
66,6,trapezoid,1836,489,22188,confirmed,0.0
67,1,pentagon,1364,759,36453,confirmed,1.0
67,2,circle,57,532,22596,confirmed,1.0
67,3,rectangle,352,239,29846,confirmed,0.956
67,5,triangle,619,714,20908,confirmed,0.978
67,6,trapezoid,1831,453,23735,confirmed,0.0
68,1,pentagon,1364,759,36569,confirmed,1.0
68,2,circle,55,557,21522,confirmed,1.0
68,3,rectangle,351,240,29896,confirmed,0.956
68,5,triangle,619,714,20943,confirmed,0.978
68,6,trapezoid,1826,418,25870,confirmed,0.0
69,1,pentagon,1364,758,36556,confirmed,1.0
69,2,circle,54,581,20359,confirmed,1.0
69,3,rectangle,351,240,29896,confirmed,0.956
69,5,triangle,620,713,20748,confirmed,0.978
69,6,trapezoid,1821,382,26128,confirmed,0.0
70,1,pentagon,1364,758,36637,confirmed,1.0
70,2,circle,51,605,19289,confirmed,1.0
70,3,rectangle,350,240,29963,confirmed,0.956
70,5,triangle,620,713,20844,confirmed,0.978
70,6,trapezoid,1816,345,27499,confirmed,0.0
71,1,pentagon,1364,757,36545,confirmed,1.0
71,2,circle,48,630,18108,confirmed,1.0
71,3,rectangle,349,240,29919,confirmed,0.956
71,5,triangle,621,712,20946,confirmed,0.978
71,6,hexagon,1808,303,23747,confirmed,1.0
72,1,pentagon,1364,756,36568,confirmed,1.0
72,2,circle,45,654,16972,confirmed,1.0
72,3,rectangle,348,240,29973,confirmed,0.956
72,5,triangle,621,712,20902,confirmed,0.978
72,6,hexagon,1800,267,27649,confirmed,1.0
73,1,pentagon,1364,756,36639,confirmed,1.0
73,2,circle,44,678,18047,confirmed,1.0
73,3,rectangle,347,241,29921,confirmed,0.956
73,5,triangle,622,712,21029,confirmed,0.978
73,6,hexagon,1789,230,28495,confirmed,1.0
74,1,pentagon,1364,755,36565,confirmed,1.0
74,2,circle,44,703,19183,confirmed,1.0
74,3,rectangle,346,241,29861,confirmed,0.956
74,5,triangle,623,711,20846,confirmed,0.978
74,6,hexagon,1780,197,23252,confirmed,1.0
75,1,pentagon,1363,754,36600,confirmed,1.0
75,2,circle,46,727,20360,confirmed,1.0
75,3,rectangle,346,241,29862,confirmed,0.956
75,5,triangle,623,710,20940,confirmed,0.978
75,6,hexagon,1771,191,22781,confirmed,1.0
76,1,pentagon,1363,753,36505,confirmed,1.0
76,2,circle,50,752,21566,confirmed,1.0
76,3,rectangle,345,242,29789,confirmed,0.956
76,5,triangle,624,710,20911,confirmed,0.978
76,6,hexagon,1762,209,28524,confirmed,1.0
77,1,pentagon,1363,753,36537,confirmed,1.0
77,2,circle,54,776,22723,confirmed,1.0
77,3,rectangle,344,242,29827,confirmed,0.956
77,5,triangle,624,710,21028,confirmed,0.978
77,6,hexagon,1755,291,20742,confirmed,0.5
78,1,pentagon,1363,752,36645,confirmed,1.0
78,2,circle,58,801,24277,confirmed,1.0
78,3,rectangle,343,242,29928,confirmed,0.956
78,5,triangle,625,709,20810,confirmed,1.0
78,6,hexagon,1745,342,28174,confirmed,0.5
79,1,pentagon,1363,751,36544,confirmed,1.0
79,2,circle,64,825,26863,confirmed,1.0
79,3,rectangle,342,242,29969,confirmed,0.956
79,5,triangle,626,709,20916,confirmed,1.0
79,6,hexagon,1738,389,22127,confirmed,0.5
80,1,pentagon,1363,750,36595,confirmed,1.0
80,2,circle,73,849,30273,confirmed,1.0
80,3,rectangle,341,242,29923,confirmed,0.956
80,5,triangle,626,708,20917,confirmed,1.0
80,6,hexagon,1730,434,21891,confirmed,0.5
81,1,pentagon,1363,749,36525,confirmed,1.0
81,2,circle,88,870,32828,confirmed,1.0
81,3,rectangle,340,243,29833,confirmed,0.956
81,5,triangle,627,707,20779,confirmed,1.0
81,6,hexagon,1722,478,21430,confirmed,0.5
82,1,pentagon,1363,748,36556,confirmed,1.0
82,2,circle,133,880,32668,confirmed,1.0
82,3,rectangle,339,243,29786,confirmed,0.956
82,5,triangle,628,707,20904,confirmed,1.0
82,6,hexagon,1714,519,27040,confirmed,0.5
83,1,pentagon,1363,747,36508,confirmed,1.0
83,2,circle,178,882,32668,confirmed,1.0
83,3,rectangle,338,243,29839,confirmed,0.956
83,5,triangle,629,706,20858,confirmed,1.0
83,6,hexagon,1708,559,27294,confirmed,0.5
84,1,pentagon,1363,747,36521,confirmed,1.0
84,2,circle,222,873,32732,confirmed,1.0
84,3,rectangle,337,245,29900,confirmed,0.956
84,5,triangle,629,706,20984,confirmed,1.0
84,6,hexagon,1702,595,27351,confirmed,0.5
85,1,pentagon,1363,746,36529,confirmed,1.0
85,2,circle,264,861,32680,confirmed,1.0
85,3,rectangle,336,245,30017,confirmed,0.956
85,5,triangle,630,705,20877,confirmed,1.0
85,6,hexagon,1697,628,32148,confirmed,0.5
86,1,pentagon,1363,745,36523,confirmed,1.0
86,2,circle,303,847,32669,confirmed,1.0
86,3,rectangle,335,245,29908,confirmed,0.956
86,5,triangle,631,704,20840,confirmed,1.0
86,6,hexagon,1692,664,27672,confirmed,0.5
87,1,pentagon,1362,743,36477,confirmed,1.0
87,2,circle,336,830,32673,confirmed,1.0
87,3,rectangle,333,245,29798,confirmed,0.956
87,5,triangle,632,704,20972,confirmed,1.0
87,6,hexagon,1686,698,24241,confirmed,0.5
88,1,pentagon,1362,743,36523,confirmed,1.0
88,2,circle,363,810,32653,confirmed,1.0
88,3,rectangle,332,245,29858,confirmed,0.956
88,5,triangle,633,703,20864,confirmed,1.0
88,6,hexagon,1682,735,23884,confirmed,0.5
89,1,pentagon,1362,741,36492,confirmed,1.0
89,2,circle,385,788,32690,confirmed,1.0
89,3,rectangle,331,247,29894,confirmed,0.956
89,5,triangle,633,702,20849,confirmed,1.0
89,6,hexagon,1676,773,28783,confirmed,0.5
90,1,pentagon,1362,740,36546,confirmed,1.0
90,2,circle,402,764,32654,confirmed,1.0
90,3,rectangle,330,246,30000,confirmed,0.956
90,5,triangle,634,702,20996,confirmed,1.0
90,6,hexagon,1676,813,22031,confirmed,0.333
91,1,pentagon,1362,739,36527,confirmed,1.0
91,2,circle,414,741,32673,confirmed,1.0
91,3,rectangle,329,246,29903,confirmed,0.956
91,5,triangle,635,701,20862,confirmed,1.0
91,6,hexagon,1671,852,24068,confirmed,0.333
92,1,pentagon,1362,738,36580,confirmed,1.0
92,2,circle,426,716,32687,confirmed,1.0
92,3,rectangle,327,247,29794,confirmed,0.956
92,5,triangle,636,700,20886,confirmed,1.0
92,6,hexagon,1668,889,24455,confirmed,0.333
93,1,pentagon,1362,737,36573,confirmed,1.0
93,2,circle,439,692,32690,confirmed,1.0
93,3,rectangle,326,247,29839,confirmed,0.956
93,5,triangle,637,700,21041,confirmed,1.0
93,6,hexagon,1667,926,23925,confirmed,0.5
94,1,pentagon,1362,736,36617,confirmed,1.0
94,2,circle,445,668,32670,confirmed,1.0
94,3,rectangle,325,249,29906,confirmed,0.956
94,5,triangle,638,699,20920,confirmed,1.0
94,6,hexagon,1666,965,27141,confirmed,0.5
95,1,pentagon,1362,735,36590,confirmed,1.0
95,2,circle,447,643,32710,confirmed,1.0
95,3,rectangle,323,249,29932,confirmed,0.956
95,5,triangle,639,698,20943,confirmed,1.0
95,6,hexagon,1664,994,28332,confirmed,0.5
96,1,pentagon,1362,733,36525,confirmed,1.0
96,2,circle,447,618,32696,confirmed,1.0
96,3,rectangle,322,249,29821,confirmed,0.956
96,5,triangle,640,697,20829,confirmed,1.0
96,6,hexagon,1660,996,27925,confirmed,0.5
97,1,pentagon,1361,732,36590,confirmed,1.0
97,2,circle,449,593,32665,confirmed,1.0
97,3,rectangle,321,249,29751,confirmed,0.956
97,5,triangle,641,696,20850,confirmed,1.0
97,6,hexagon,1653,973,28964,confirmed,0.5
98,1,pentagon,1361,731,36577,confirmed,1.0
98,2,circle,449,568,32684,confirmed,1.0
98,3,rectangle,319,251,29924,confirmed,0.956
98,5,triangle,642,695,20794,confirmed,1.0
98,6,hexagon,1643,932,27800,confirmed,0.5
99,1,pentagon,1361,730,36641,confirmed,1.0
99,2,circle,451,544,32675,confirmed,1.0
99,3,rectangle,318,251,29988,confirmed,0.978
99,5,triangle,643,694,20966,confirmed,1.0
99,6,hexagon,1632,879,27978,confirmed,0.5
100,1,pentagon,1361,728,36579,confirmed,1.0
100,2,circle,452,519,32697,confirmed,1.0
100,3,rectangle,317,251,29756,confirmed,1.0
100,5,triangle,644,694,20984,confirmed,1.0
100,6,hexagon,1622,823,27941,confirmed,0.5
101,1,pentagon,1360,727,36532,confirmed,1.0
101,2,circle,453,494,32677,confirmed,1.0
101,3,rectangle,315,251,29775,confirmed,1.0
101,5,triangle,645,693,20904,confirmed,1.0
101,6,hexagon,1613,766,28427,confirmed,0.5
102,1,pentagon,1360,725,36456,confirmed,1.0
102,2,circle,454,469,32724,confirmed,1.0
102,3,rectangle,314,252,29988,confirmed,1.0
102,5,triangle,646,692,20939,confirmed,1.0
102,6,hexagon,1602,714,31230,confirmed,0.5
103,1,pentagon,1360,724,36591,confirmed,1.0
103,2,circle,455,444,32731,confirmed,1.0
103,3,rectangle,312,253,29795,confirmed,1.0
103,5,triangle,647,691,20893,confirmed,1.0
103,6,hexagon,1597,666,27527,confirmed,0.5
104,1,pentagon,1360,723,36606,confirmed,1.0
104,2,circle,456,419,32654,confirmed,1.0
104,3,rectangle,311,253,29750,confirmed,1.0
104,5,triangle,648,690,20921,confirmed,1.0
104,6,hexagon,1589,616,27527,coasting,0.5
105,1,pentagon,1359,721,36519,confirmed,1.0
105,2,circle,457,395,32692,confirmed,1.0
105,3,rectangle,308,253,29499,confirmed,0.978
105,5,triangle,649,689,20869,confirmed,1.0
105,6,hexagon,1587,585,29893,confirmed,0.5
106,1,pentagon,1359,720,36624,confirmed,1.0
106,2,circle,458,370,32666,confirmed,1.0
106,3,rectangle,306,252,29115,confirmed,0.956
106,5,triangle,650,688,20919,confirmed,1.0
106,6,hexagon,1584,551,27460,confirmed,0.5
107,1,pentagon,1359,718,36566,confirmed,1.0
107,2,circle,460,345,32668,confirmed,1.0
107,3,rectangle,303,253,28687,confirmed,0.933
107,5,triangle,651,687,20872,confirmed,1.0
107,6,hexagon,1581,518,27470,confirmed,0.5
108,1,pentagon,1359,717,36591,confirmed,1.0
108,2,circle,470,321,32681,confirmed,1.0
108,3,rectangle,304,255,29597,confirmed,0.933
108,5,triangle,652,686,20916,confirmed,1.0
108,6,hexagon,1578,484,27446,confirmed,0.5
109,1,pentagon,1358,715,36524,confirmed,1.0
109,2,circle,498,302,32676,confirmed,1.0
109,3,rectangle,303,257,29784,confirmed,0.933
109,5,triangle,654,685,20884,confirmed,1.0
109,6,hexagon,1575,448,27364,confirmed,0.5
110,1,pentagon,1358,714,36680,confirmed,1.0
110,2,circle,538,292,32660,confirmed,1.0
110,3,rectangle,301,257,29836,confirmed,0.933
110,5,triangle,655,684,20963,confirmed,1.0
110,6,hexagon,1570,411,27145,confirmed,0.5
111,1,pentagon,1358,712,36586,confirmed,1.0
111,2,circle,583,290,32671,confirmed,1.0
111,3,rectangle,300,258,29983,confirmed,0.933
111,5,triangle,656,683,20952,confirmed,1.0
111,6,hexagon,1563,372,24064,confirmed,0.5
112,1,pentagon,1358,710,36581,confirmed,1.0
112,2,circle,626,298,32668,confirmed,1.0
112,3,rectangle,298,259,29817,confirmed,0.933
112,5,triangle,657,682,21007,confirmed,1.0
112,6,hexagon,1554,333,24276,confirmed,0.5
113,1,pentagon,1357,709,36591,confirmed,1.0
113,2,circle,664,313,32708,confirmed,1.0
113,3,rectangle,297,261,29903,confirmed,0.933
113,5,triangle,659,680,20840,confirmed,1.0
113,6,hexagon,1543,294,28260,confirmed,0.5
114,1,pentagon,1357,707,36547,confirmed,1.0
114,2,circle,685,335,32670,confirmed,1.0
114,3,rectangle,295,261,29840,confirmed,0.933
114,5,triangle,660,679,20773,confirmed,1.0
114,6,hexagon,1529,254,22636,confirmed,0.5
115,1,pentagon,1357,705,36534,confirmed,1.0
115,2,circle,699,360,32724,confirmed,1.0
115,3,rectangle,293,263,29904,confirmed,0.933
115,5,triangle,661,678,20871,confirmed,1.0
115,6,hexagon,1512,217,23714,confirmed,0.5
116,1,pentagon,1356,703,36481,confirmed,1.0
116,2,circle,709,386,32712,confirmed,1.0
116,3,rectangle,292,263,29797,confirmed,0.933
116,5,triangle,663,677,20848,confirmed,1.0
116,6,hexagon,1494,200,27888,confirmed,0.5
117,1,pentagon,1355,702,36631,confirmed,1.0
117,2,circle,716,410,32667,confirmed,1.0
117,3,rectangle,290,265,29923,confirmed,0.933
117,5,triangle,664,676,20990,confirmed,1.0
117,6,hexagon,1476,246,22911,confirmed,0.4
118,1,pentagon,1355,700,36620,confirmed,1.0
118,2,circle,722,436,32701,confirmed,1.0
118,3,rectangle,289,265,29735,confirmed,0.933
118,5,triangle,665,675,20965,confirmed,1.0
118,6,hexagon,1464,274,22751,confirmed,0.4
119,1,pentagon,1354,698,36589,confirmed,1.0
119,2,circle,727,460,32688,confirmed,1.0
119,3,rectangle,287,266,29959,confirmed,0.933
119,5,triangle,667,673,20778,confirmed,1.0
119,6,hexagon,1453,312,22153,confirmed,0.4
120,1,pentagon,1354,696,36600,confirmed,1.0
120,2,circle,731,485,32656,confirmed,1.0
120,3,rectangle,286,267,29812,confirmed,0.933
120,5,triangle,668,674,20478,confirmed,1.0
120,6,hexagon,1445,355,24640,confirmed,0.4
121,1,pentagon,1353,694,36560,confirmed,1.0
121,2,circle,733,510,32704,confirmed,1.0
121,3,rectangle,284,268,29975,confirmed,0.933
121,5,triangle,668,677,19201,confirmed,0.978
121,6,hexagon,1446,415,23025,confirmed,0.333
122,1,pentagon,1352,692,36543,confirmed,1.0
122,2,circle,735,535,32700,confirmed,1.0
122,3,rectangle,283,269,29808,confirmed,0.933
122,5,triangle,669,679,17392,confirmed,0.978
122,6,hexagon,1439,461,24314,confirmed,0.286
123,1,pentagon,1351,690,36550,confirmed,1.0
123,2,circle,738,560,32680,confirmed,1.0
123,3,rectangle,281,271,29787,confirmed,0.933
123,5,triangle,669,681,17392,coasting,0.978
123,6,hexagon,1435,506,28757,confirmed,0.286
124,1,pentagon,1350,688,36553,confirmed,1.0
124,2,circle,741,584,32708,confirmed,1.0
124,3,rectangle,280,272,29990,confirmed,0.933
124,5,triangle,670,683,17392,coasting,0.978
124,6,hexagon,1435,546,25568,confirmed,0.286
125,1,pentagon,1350,687,36548,confirmed,1.0
125,2,circle,744,609,32674,confirmed,1.0
125,3,rectangle,278,273,29831,confirmed,0.933
125,5,triangle,670,685,17392,coasting,0.978
125,6,hexagon,1441,581,21489,confirmed,0.286
126,1,pentagon,1349,684,36540,confirmed,1.0
126,2,circle,743,634,32701,confirmed,1.0
126,3,rectangle,276,275,29915,confirmed,0.933
126,5,triangle,671,686,17392,coasting,0.978
126,6,hexagon,1450,614,16071,confirmed,0.286
127,1,pentagon,1348,682,36551,confirmed,1.0
127,2,circle,735,659,38939,confirmed,1.0
127,3,rectangle,275,277,29880,confirmed,0.933
127,5,triangle,671,687,17392,coasting,0.978
127,6,hexagon,1461,648,11728,confirmed,0.286
128,1,pentagon,1347,680,36573,confirmed,1.0
128,2,circle,731,683,32739,confirmed,1.0
128,3,rectangle,273,277,29779,confirmed,0.933
128,5,triangle,671,688,17392,coasting,0.978
128,6,hexagon,1473,687,10351,confirmed,0.286
129,1,pentagon,1346,678,36569,confirmed,1.0
129,2,circle,727,708,32672,confirmed,1.0
129,3,rectangle,271,278,29951,confirmed,0.933
129,5,triangle,672,689,17392,coasting,0.978
129,6,hexagon,1483,728,11594,confirmed,0.286
130,1,pentagon,1345,676,36579,confirmed,1.0
130,2,circle,721,733,32675,confirmed,1.0
130,3,rectangle,270,281,30004,confirmed,0.933
130,5,triangle,672,690,17392,coasting,0.978
130,6,hexagon,1469,771,18032,confirmed,0.286
131,1,pentagon,1343,674,36498,confirmed,1.0
131,2,circle,717,758,32683,confirmed,1.0
131,3,rectangle,268,281,29834,confirmed,0.933
131,5,triangle,672,691,17392,coasting,0.978
131,6,hexagon,1459,812,7540,confirmed,0.286
132,1,pentagon,1342,672,36510,confirmed,1.0
132,2,circle,713,782,32688,confirmed,1.0
132,3,rectangle,267,283,29900,confirmed,0.933
132,5,triangle,673,692,17392,coasting,0.978
132,6,hexagon,1434,846,20709,confirmed,0.286
133,1,pentagon,1341,669,36506,confirmed,1.0
133,2,circle,709,807,32676,confirmed,1.0
133,3,rectangle,265,285,29956,confirmed,0.933
133,5,triangle,677,678,19792,confirmed,0.978
133,6,hexagon,1403,882,38396,confirmed,0.286
134,1,pentagon,1340,667,36511,confirmed,1.0
134,2,circle,705,832,32681,confirmed,1.0
134,3,rectangle,263,285,29743,confirmed,0.933
134,5,triangle,685,654,20834,confirmed,0.978
134,6,hexagon,1379,917,24034,confirmed,0.286
135,1,pentagon,1339,665,36527,confirmed,1.0
135,2,circle,701,857,32691,confirmed,1.0
135,3,rectangle,262,287,29851,confirmed,0.933
135,5,triangle,688,647,20932,confirmed,0.978
135,6,hexagon,1358,949,21651,confirmed,0.286
136,1,pentagon,1337,662,36533,confirmed,1.0
136,2,circle,700,881,32657,confirmed,1.0
136,3,rectangle,260,288,29940,confirmed,0.933
136,5,triangle,690,645,20794,confirmed,0.978
136,6,hexagon,1338,966,20701,confirmed,0.286
137,1,pentagon,1336,660,36588,confirmed,1.0
137,2,circle,708,905,32680,confirmed,1.0
137,3,rectangle,258,290,29929,confirmed,0.933
137,5,triangle,691,644,20808,confirmed,0.978
137,6,hexagon,1322,962,27923,confirmed,0.286
138,1,pentagon,1335,658,36626,confirmed,1.0
138,2,circle,728,927,32651,confirmed,1.0
138,3,rectangle,257,292,29894,confirmed,0.933
138,5,triangle,692,642,20778,confirmed,0.978
138,6,hexagon,1306,934,23042,confirmed,0.286
139,1,pentagon,1334,655,36540,confirmed,1.0
139,2,circle,763,942,32675,confirmed,1.0
139,3,rectangle,255,293,29781,confirmed,0.933
139,5,triangle,694,642,21019,confirmed,0.978
139,6,hexagon,1292,892,27493,confirmed,0.286
140,1,pentagon,1332,653,36630,confirmed,1.0
140,2,circle,806,949,32677,confirmed,1.0
140,3,rectangle,254,295,29807,confirmed,0.933
140,5,triangle,696,640,20951,confirmed,0.978
140,6,hexagon,1277,846,15661,confirmed,0.286
141,1,pentagon,1331,650,36551,confirmed,1.0
141,2,circle,852,948,32670,confirmed,1.0
141,3,rectangle,252,297,29868,confirmed,0.933
141,5,triangle,697,638,20956,confirmed,0.978
141,6,hexagon,1258,794,20219,confirmed,0.286
142,1,pentagon,1330,648,36610,confirmed,1.0
142,2,circle,897,945,32671,confirmed,1.0
142,3,rectangle,250,299,29941,confirmed,0.933
142,5,triangle,699,636,20956,confirmed,0.978
142,6,hexagon,1236,743,16899,confirmed,0.286
143,1,pentagon,1328,645,36523,confirmed,1.0
143,2,circle,942,939,32680,confirmed,1.0
143,3,rectangle,249,301,29926,confirmed,0.933
143,5,triangle,700,634,20902,confirmed,0.978
143,6,hexagon,1203,695,8788,confirmed,0.286
144,1,pentagon,1327,642,36540,confirmed,1.0
144,2,circle,983,929,32680,confirmed,1.0
144,3,rectangle,247,303,29894,confirmed,0.933
144,5,triangle,702,632,20899,confirmed,0.978
144,6,hexagon,1175,646,15677,confirmed,0.286
145,1,pentagon,1325,640,36622,confirmed,1.0
145,2,circle,1022,917,32654,confirmed,1.0
145,3,rectangle,246,304,30021,confirmed,0.933
145,5,triangle,704,630,20896,confirmed,0.978
145,6,hexagon,1148,598,15677,coasting,0.286
146,1,pentagon,1324,637,36483,confirmed,1.0
146,2,circle,1060,903,32684,confirmed,1.0
146,3,rectangle,244,306,29951,confirmed,0.933
146,5,triangle,706,628,20896,confirmed,0.978
146,6,hexagon,1140,558,21853,confirmed,0.286
147,1,pentagon,1323,635,36528,confirmed,1.0
147,2,circle,1096,889,32682,confirmed,1.0
147,3,rectangle,243,308,29907,confirmed,0.933
147,5,triangle,707,626,20880,confirmed,0.978
147,6,hexagon,1138,520,24847,confirmed,0.286
148,1,pentagon,1321,632,36636,confirmed,1.0
148,2,circle,1131,874,32689,confirmed,1.0
148,3,rectangle,242,311,30004,confirmed,0.933
148,5,triangle,709,624,20918,confirmed,0.978
148,6,hexagon,1140,485,26867,confirmed,0.286
149,1,pentagon,1319,629,36536,confirmed,1.0
149,2,circle,1165,858,32688,confirmed,1.0
149,3,rectangle,240,312,29949,confirmed,0.933
149,5,triangle,711,622,20928,confirmed,0.978
149,6,hexagon,1141,451,24136,confirmed,0.286
150,1,pentagon,1318,626,36583,confirmed,1.0
150,2,circle,1198,840,32683,confirmed,1.0
150,3,rectangle,239,314,29894,confirmed,0.956
150,5,triangle,713,620,20934,confirmed,0.978
150,6,hexagon,1139,417,23743,confirmed,0.375
151,1,pentagon,1316,623,36505,confirmed,1.0
151,2,circle,1229,823,32579,confirmed,1.0
151,3,rectangle,238,316,29980,confirmed,0.978
151,5,triangle,715,618,20959,confirmed,0.978
151,6,hexagon,1135,380,24027,confirmed,0.375
152,1,pentagon,1314,620,36539,confirmed,1.0
152,2,circle,1259,809,31183,confirmed,1.0
152,3,rectangle,237,319,29884,confirmed,1.0
152,5,triangle,716,616,21003,confirmed,0.978
152,6,hexagon,1129,346,28388,confirmed,0.375
153,1,pentagon,1313,617,36423,confirmed,1.0
153,2,circle,1288,793,28743,confirmed,1.0
153,3,rectangle,236,321,29963,confirmed,1.0
153,5,triangle,718,613,20763,confirmed,0.978
153,6,hexagon,1120,310,23546,confirmed,0.375
154,1,pentagon,1311,614,36375,confirmed,1.0
154,2,circle,1317,779,25747,confirmed,1.0
154,3,rectangle,235,322,29915,confirmed,1.0
154,5,triangle,720,611,20836,confirmed,0.978
154,6,hexagon,1109,272,23226,confirmed,0.375
155,1,pentagon,1309,611,36518,confirmed,1.0
155,2,circle,1345,763,23634,confirmed,1.0
155,3,rectangle,234,326,29847,confirmed,1.0
155,5,triangle,722,608,20855,confirmed,0.978
155,6,hexagon,1097,236,29029,confirmed,0.375
156,1,pentagon,1308,608,36564,confirmed,1.0
156,2,circle,1371,744,22380,confirmed,1.0
156,3,rectangle,233,327,29767,confirmed,1.0
156,5,triangle,724,606,20899,confirmed,0.978
156,6,hexagon,1085,197,23784,confirmed,0.375
157,1,pentagon,1306,605,36505,confirmed,1.0
157,2,circle,1396,723,21965,confirmed,1.0
157,3,rectangle,232,329,29884,confirmed,1.0
157,5,triangle,726,604,20845,confirmed,0.978
157,6,hexagon,1071,159,27253,confirmed,0.375
158,1,pentagon,1304,602,36504,confirmed,1.0
158,2,circle,1419,699,22359,confirmed,1.0
158,3,rectangle,231,333,29931,confirmed,1.0
158,5,triangle,728,602,20918,confirmed,0.978
158,6,hexagon,1059,146,27227,confirmed,0.375
159,1,pentagon,1302,599,36506,confirmed,1.0
159,2,circle,1441,674,23564,confirmed,1.0
159,3,rectangle,230,334,30036,confirmed,1.0
159,5,triangle,730,600,21015,confirmed,0.978
159,6,hexagon,1050,159,29398,confirmed,0.375
160,1,pentagon,1300,596,36594,confirmed,1.0
160,2,circle,1459,646,24643,confirmed,1.0
160,3,rectangle,230,336,30038,confirmed,1.0
160,5,triangle,732,597,20780,confirmed,0.978
160,6,hexagon,1043,192,23138,confirmed,0.375
161,1,pentagon,1299,593,36573,confirmed,1.0
161,2,circle,1471,617,25764,confirmed,1.0
161,3,rectangle,229,339,29757,confirmed,1.0
161,5,triangle,734,595,20863,confirmed,0.978
161,6,hexagon,1041,240,24812,confirmed,0.375
162,1,pentagon,1297,589,36456,confirmed,1.0
162,2,circle,1477,588,27385,confirmed,1.0
162,3,rectangle,228,341,29888,confirmed,1.0
162,5,triangle,736,592,20819,confirmed,0.978
162,6,hexagon,1042,294,21488,confirmed,0.375
163,1,pentagon,1295,586,36599,confirmed,1.0
163,2,circle,1479,560,28780,confirmed,1.0
163,3,rectangle,227,344,29933,confirmed,1.0
163,5,triangle,739,590,20926,confirmed,0.978
163,6,hexagon,1044,352,28189,confirmed,0.375
164,1,pentagon,1293,583,36555,confirmed,1.0
164,2,circle,1479,533,30046,confirmed,1.0
164,3,rectangle,226,347,29970,confirmed,1.0
164,5,triangle,741,587,20757,confirmed,0.978
164,6,hexagon,1049,406,22110,confirmed,0.375
165,1,pentagon,1291,579,36478,confirmed,1.0
165,2,circle,1476,507,30776,confirmed,1.0
165,3,rectangle,226,350,29860,confirmed,1.0
165,5,triangle,743,584,20852,confirmed,0.978
165,6,hexagon,1053,458,27849,confirmed,0.375
166,1,pentagon,1289,576,36609,confirmed,1.0
166,2,circle,1469,483,31268,confirmed,1.0
166,3,rectangle,225,353,29913,confirmed,1.0
166,5,triangle,745,582,20863,confirmed,0.978
166,6,hexagon,1057,504,22378,confirmed,0.375
167,1,pentagon,1287,572,36517,confirmed,1.0
167,2,circle,1455,459,31791,confirmed,1.0
167,3,rectangle,225,355,29918,confirmed,1.0
167,5,triangle,747,580,20978,confirmed,0.978
167,6,hexagon,1057,546,27382,confirmed,0.375
168,1,pentagon,1285,569,36560,confirmed,1.0
168,2,circle,1442,437,32390,confirmed,1.0
168,3,rectangle,224,358,29881,confirmed,1.0
168,5,triangle,750,577,20800,confirmed,0.978
168,6,hexagon,1058,585,28458,confirmed,0.375
169,1,pentagon,1283,565,36503,confirmed,1.0
169,2,circle,1429,414,32670,confirmed,1.0
169,3,rectangle,224,361,30018,confirmed,1.0
169,5,triangle,752,574,20853,confirmed,0.978
169,6,hexagon,1057,624,30492,confirmed,0.375
170,1,pentagon,1281,562,36632,confirmed,1.0
170,2,circle,1416,390,32687,confirmed,1.0
170,3,rectangle,223,364,29798,confirmed,1.0
170,5,triangle,754,572,20999,confirmed,0.978
170,6,hexagon,1056,659,27895,confirmed,0.375
171,1,pentagon,1279,558,36595,confirmed,1.0
171,2,circle,1402,367,32657,confirmed,1.0
171,3,rectangle,223,365,29791,confirmed,1.0
171,5,triangle,757,569,20821,confirmed,0.978
171,6,hexagon,1061,694,32774,confirmed,0.375
172,1,pentagon,1277,555,36534,confirmed,1.0
172,2,circle,1386,344,32682,confirmed,1.0
172,3,rectangle,222,369,30017,confirmed,1.0
172,5,triangle,759,566,20883,confirmed,0.978
172,6,hexagon,1058,727,21913,confirmed,0.375
173,1,pentagon,1275,551,36579,confirmed,1.0
173,2,circle,1368,321,32693,confirmed,1.0
173,3,rectangle,222,372,29852,confirmed,1.0
173,5,triangle,761,563,20707,confirmed,0.978
173,6,hexagon,1054,760,29198,confirmed,0.375
174,1,pentagon,1273,547,36557,confirmed,1.0
174,2,circle,1347,299,32695,confirmed,1.0
174,3,rectangle,221,375,29886,confirmed,1.0
174,5,triangle,764,560,20894,confirmed,0.978
174,6,hexagon,1049,795,22507,confirmed,0.375
175,1,pentagon,1270,543,36525,confirmed,1.0
175,2,circle,1326,277,32675,confirmed,1.0
175,3,rectangle,221,378,29779,confirmed,1.0
175,5,triangle,766,558,20985,confirmed,0.978
175,6,hexagon,1043,831,28841,confirmed,0.375
176,1,pentagon,1268,539,36472,confirmed,1.0
176,2,circle,1303,256,32682,confirmed,1.0
176,3,rectangle,220,380,29964,confirmed,1.0
176,5,triangle,769,554,20860,confirmed,0.978
176,6,hexagon,1036,869,27894,confirmed,0.375
177,1,pentagon,1266,535,36482,confirmed,1.0
177,2,circle,1278,235,32660,confirmed,1.0
177,3,rectangle,220,383,29814,confirmed,1.0
177,5,triangle,771,552,20921,confirmed,0.978
177,6,hexagon,1028,896,21864,confirmed,0.375
178,1,pentagon,1264,531,36472,confirmed,1.0
178,2,circle,1251,215,32689,confirmed,1.0
178,3,rectangle,219,387,29908,confirmed,1.0
178,5,triangle,774,549,20791,confirmed,1.0
178,6,hexagon,1015,900,30948,confirmed,0.375
179,1,pentagon,1261,527,36464,confirmed,1.0
179,2,circle,1223,197,32658,confirmed,1.0
179,3,rectangle,218,390,29808,confirmed,1.0
179,5,triangle,776,546,20888,confirmed,1.0
179,6,hexagon,1005,881,28096,confirmed,0.375
180,1,pentagon,1259,523,36423,confirmed,1.0
180,2,circle,1192,178,32650,confirmed,1.0
180,3,rectangle,218,392,29924,confirmed,1.0
180,5,triangle,779,543,20813,confirmed,1.0
180,6,hexagon,994,844,27780,confirmed,0.375
181,1,pentagon,1257,519,36514,confirmed,1.0
181,2,circle,1156,164,32693,confirmed,1.0
181,3,rectangle,217,395,29815,confirmed,1.0
181,5,triangle,782,540,20893,confirmed,1.0
181,6,hexagon,984,795,27876,confirmed,0.375
182,1,pentagon,1254,515,36464,confirmed,1.0
182,2,circle,1113,157,32663,confirmed,1.0
182,3,rectangle,217,398,29922,confirmed,1.0
182,5,triangle,784,536,20828,confirmed,1.0
182,6,hexagon,973,739,23258,confirmed,0.375
183,1,pentagon,1251,511,36487,confirmed,1.0
183,2,circle,1070,151,32693,confirmed,1.0
183,3,rectangle,216,403,29984,confirmed,1.0
183,5,triangle,786,533,20807,confirmed,1.0
183,6,hexagon,964,684,27636,confirmed,0.375
184,1,pentagon,1248,507,36468,confirmed,1.0
184,2,circle,1032,156,32667,confirmed,1.0
184,3,rectangle,215,406,29773,confirmed,1.0
184,5,triangle,786,528,19873,confirmed,0.978
184,6,hexagon,951,632,28132,confirmed,0.375
185,1,pentagon,1245,503,36475,confirmed,1.0
185,2,circle,1009,176,32652,confirmed,1.0
185,3,rectangle,215,408,29911,confirmed,1.0
185,5,triangle,784,522,18493,confirmed,0.956
185,6,hexagon,941,584,22040,confirmed,0.375
186,1,pentagon,1242,499,36502,confirmed,1.0
186,2,circle,993,201,32675,confirmed,1.0
186,3,rectangle,214,411,29884,confirmed,1.0
186,5,triangle,780,516,16278,confirmed,0.933
186,6,hexagon,930,541,27019,confirmed,0.375
187,1,pentagon,1239,495,36555,confirmed,1.0
187,2,circle,981,226,32714,confirmed,1.0
187,3,rectangle,214,416,29825,confirmed,1.0
187,5,triangle,778,511,16278,coasting,0.933
187,6,hexagon,919,500,27807,confirmed,0.375
188,1,pentagon,1236,491,36588,confirmed,1.0
188,2,circle,972,252,32705,confirmed,1.0
188,3,rectangle,213,419,29893,confirmed,1.0
188,5,triangle,776,506,16278,coasting,0.933
188,6,hexagon,907,463,22039,confirmed,0.375
189,1,pentagon,1232,486,36562,confirmed,1.0
189,2,circle,965,276,32142,confirmed,1.0
189,3,rectangle,212,422,29829,confirmed,1.0
189,5,triangle,774,501,16278,coasting,0.933
189,6,hexagon,892,428,20936,confirmed,0.375
190,1,pentagon,1229,482,36584,confirmed,1.0
190,2,circle,959,298,27109,confirmed,1.0
190,3,rectangle,212,425,29903,confirmed,1.0
190,5,triangle,800,522,16594,confirmed,0.911
190,6,hexagon,875,395,27016,confirmed,0.375
191,1,pentagon,1226,478,36638,confirmed,1.0
191,2,circle,959,319,21319,confirmed,1.0
191,3,rectangle,211,429,29949,confirmed,1.0
191,5,triangle,810,518,19378,confirmed,0.889
191,6,hexagon,858,361,20526,confirmed,0.375
192,1,pentagon,1223,473,36517,confirmed,1.0
192,2,circle,955,341,21319,coasting,1.0
192,3,rectangle,210,433,30031,confirmed,1.0
192,5,triangle,814,508,20653,confirmed,0.889
192,6,hexagon,841,327,27018,confirmed,0.375
193,1,pentagon,1219,469,36553,confirmed,1.0
193,2,circle,952,367,27828,confirmed,1.0
193,3,rectangle,210,436,29902,confirmed,1.0
193,5,triangle,816,502,20827,confirmed,0.889
193,6,hexagon,826,292,27112,confirmed,0.375
194,1,pentagon,1216,464,36561,confirmed,1.0
194,2,circle,948,400,32127,confirmed,1.0
194,3,rectangle,209,440,29766,confirmed,1.0
194,5,triangle,819,498,20763,confirmed,0.889
194,6,hexagon,810,257,27880,confirmed,0.375
195,1,pentagon,1212,460,36595,confirmed,1.0
195,2,circle,945,426,32664,confirmed,1.0
195,3,rectangle,208,443,29837,confirmed,1.0
195,5,triangle,822,493,20763,coasting,0.889
195,6,hexagon,797,222,27938,confirmed,0.375
196,1,pentagon,1208,455,36490,confirmed,1.0
196,2,circle,952,451,32682,confirmed,1.0
196,3,rectangle,208,446,29953,confirmed,1.0
196,5,triangle,826,489,20763,coasting,0.889
196,6,hexagon,782,184,27563,confirmed,0.375
197,1,pentagon,1204,451,36523,confirmed,1.0
197,2,circle,960,474,32669,confirmed,1.0
197,3,rectangle,207,450,29916,confirmed,1.0
197,5,triangle,829,485,20763,coasting,0.889
197,6,hexagon,767,152,27693,confirmed,0.375
198,1,pentagon,1200,447,36514,confirmed,1.0
198,2,circle,969,499,32687,confirmed,1.0
198,3,rectangle,206,454,29945,confirmed,1.0
198,5,triangle,827,480,16975,confirmed,0.889
198,6,hexagon,755,149,27796,confirmed,0.375
199,1,pentagon,1195,442,36601,confirmed,1.0
199,2,circle,979,523,32669,confirmed,1.0
199,3,rectangle,205,458,29816,confirmed,1.0
199,5,triangle,826,475,18019,confirmed,0.889
199,6,hexagon,745,169,27756,confirmed,0.375
200,1,pentagon,1191,437,36425,confirmed,1.0
200,2,circle,989,547,32658,confirmed,1.0
200,3,rectangle,205,461,29784,confirmed,1.0
200,5,triangle,828,471,19023,confirmed,0.867
200,6,hexagon,740,206,23538,confirmed,0.375
201,1,pentagon,1186,433,36513,confirmed,1.0
201,2,circle,1001,571,32671,confirmed,1.0
201,3,rectangle,204,466,29851,confirmed,1.0
201,5,triangle,835,472,19214,confirmed,0.844
201,6,hexagon,739,256,27627,confirmed,0.375
202,1,pentagon,1181,429,36518,confirmed,1.0
202,2,circle,1018,594,32718,confirmed,1.0
202,3,rectangle,204,469,29870,confirmed,1.0
202,5,triangle,842,481,17292,confirmed,0.822
202,6,hexagon,740,312,27278,confirmed,0.375
203,1,pentagon,1177,424,36618,confirmed,1.0
203,2,circle,1037,616,32701,confirmed,1.0
203,3,rectangle,203,473,29751,confirmed,1.0
203,5,triangle,848,484,17292,coasting,0.822
203,6,hexagon,741,369,27745,confirmed,0.375
204,1,pentagon,1172,419,36506,confirmed,1.0
204,2,circle,1060,638,32645,confirmed,1.0
204,3,rectangle,203,478,29776,confirmed,1.0
204,5,triangle,853,487,17292,coasting,0.822
204,6,hexagon,747,428,26847,confirmed,0.333
205,1,pentagon,1166,415,36578,confirmed,1.0
205,2,circle,1085,659,32713,confirmed,1.0
205,3,rectangle,202,481,29858,confirmed,1.0
205,5,triangle,857,490,17292,coasting,0.822
205,6,hexagon,748,479,27212,confirmed,0.333
206,1,pentagon,1161,410,36577,confirmed,1.0
206,2,circle,1113,678,32699,confirmed,1.0
206,3,rectangle,202,485,29835,confirmed,1.0
206,5,triangle,861,492,17292,coasting,0.822
206,6,hexagon,748,523,27121,confirmed,0.333
207,1,pentagon,1155,406,36627,confirmed,1.0
207,2,circle,1143,696,32683,confirmed,1.0
207,3,rectangle,201,490,29798,confirmed,1.0
207,5,triangle,866,476,17776,confirmed,0.822
207,6,hexagon,749,563,27787,confirmed,0.333
208,1,pentagon,1149,401,36511,confirmed,1.0
208,2,circle,1176,713,32701,confirmed,1.0
208,3,rectangle,201,494,29786,confirmed,1.0
208,5,triangle,865,449,20731,confirmed,0.822
208,6,hexagon,748,598,21646,confirmed,0.333
209,1,pentagon,1144,397,36521,confirmed,1.0
209,2,circle,1211,729,32680,confirmed,1.0
209,3,rectangle,200,497,29870,confirmed,1.0
209,5,triangle,867,438,20779,confirmed,0.822
209,6,hexagon,748,631,28002,confirmed,0.333
210,1,pentagon,1138,392,36616,confirmed,1.0
210,2,circle,1247,743,32666,confirmed,1.0
210,3,rectangle,200,502,29833,confirmed,1.0
210,5,triangle,871,435,20784,confirmed,0.822
210,6,hexagon,746,657,23281,confirmed,0.3
211,1,pentagon,1132,387,36508,confirmed,1.0
211,2,circle,1285,755,32710,confirmed,1.0
211,3,rectangle,199,506,29923,confirmed,1.0
211,5,triangle,874,431,20792,confirmed,0.822
211,6,hexagon,746,689,21923,confirmed,0.3
212,1,pentagon,1125,383,36593,confirmed,1.0
212,2,circle,1325,766,32674,confirmed,1.0
212,3,rectangle,199,510,29934,confirmed,1.0
212,5,triangle,877,427,20898,confirmed,0.822
212,6,hexagon,745,725,27027,confirmed,0.3
213,1,pentagon,1119,378,36553,confirmed,1.0
213,2,circle,1365,776,32698,confirmed,1.0
213,3,rectangle,199,514,29935,confirmed,1.0
213,5,triangle,880,424,20834,confirmed,0.822
213,6,hexagon,745,763,27198,confirmed,0.3
214,1,pentagon,1112,374,36626,confirmed,1.0
214,2,circle,1407,786,32672,confirmed,1.0
214,3,rectangle,198,519,30000,confirmed,1.0
214,5,triangle,883,420,20950,confirmed,0.822
214,6,hexagon,744,803,27601,confirmed,0.3
215,1,pentagon,1105,369,36506,confirmed,1.0
215,2,circle,1449,794,32687,confirmed,1.0
215,3,rectangle,198,524,29861,confirmed,1.0
215,5,triangle,886,416,20983,confirmed,0.822
215,6,hexagon,741,842,27175,confirmed,0.3
216,1,pentagon,1098,365,36587,confirmed,1.0
216,2,circle,1492,799,32687,confirmed,1.0
216,3,rectangle,198,527,29834,confirmed,1.0
216,5,triangle,889,411,20805,confirmed,0.822
216,6,hexagon,736,855,27428,confirmed,0.3
217,1,pentagon,1091,360,36592,confirmed,1.0
217,2,circle,1536,802,32681,confirmed,1.0
217,3,rectangle,198,532,30005,confirmed,1.0
217,5,triangle,892,406,20877,confirmed,0.822
217,6,hexagon,728,840,28259,confirmed,0.3
218,1,pentagon,1084,356,36650,confirmed,1.0
218,2,circle,1580,805,32667,confirmed,1.0
218,3,rectangle,198,536,30005,confirmed,1.0
218,5,triangle,895,402,20900,confirmed,0.822
218,6,hexagon,721,805,27562,confirmed,0.3
219,1,pentagon,1077,351,36543,confirmed,1.0
219,2,circle,1616,795,32667,confirmed,1.0
219,3,rectangle,198,541,29835,confirmed,1.0
219,5,triangle,898,398,21011,confirmed,0.822
219,6,hexagon,709,757,27349,confirmed,0.3
220,1,pentagon,1069,347,36529,confirmed,1.0
220,2,circle,1650,778,32695,confirmed,1.0
220,3,rectangle,198,545,29880,confirmed,1.0
220,5,triangle,900,392,20700,confirmed,0.822
220,6,hexagon,698,700,27899,confirmed,0.3
221,1,pentagon,1061,342,36588,confirmed,1.0
221,2,circle,1682,761,32681,confirmed,1.0
221,3,rectangle,198,550,30004,confirmed,1.0
221,5,triangle,901,386,19989,confirmed,0.822
221,6,hexagon,683,643,27157,confirmed,0.3
222,1,pentagon,1053,338,36476,confirmed,1.0
222,2,circle,1711,741,32723,confirmed,1.0
222,3,rectangle,197,555,29766,confirmed,1.0
222,5,triangle,900,381,18883,confirmed,0.822
222,6,hexagon,668,588,27144,confirmed,0.3
223,1,pentagon,1045,333,36524,confirmed,1.0
223,2,circle,1736,720,32666,confirmed,1.0
223,3,rectangle,197,559,29769,confirmed,1.0
223,5,triangle,900,376,18883,coasting,0.822
223,6,hexagon,650,539,27358,confirmed,0.3
224,1,pentagon,1037,329,36578,confirmed,1.0
224,2,circle,1758,699,32688,confirmed,1.0
224,3,rectangle,197,565,29911,confirmed,1.0
224,5,triangle,900,371,18883,coasting,0.822
224,6,hexagon,633,495,27034,confirmed,0.3
225,1,pentagon,1029,324,36557,confirmed,1.0
225,2,circle,1778,676,32663,confirmed,1.0
225,3,rectangle,197,569,29798,confirmed,1.0
225,5,triangle,900,366,18883,coasting,0.822
225,6,hexagon,615,457,27595,confirmed,0.3
226,1,pentagon,1020,320,36611,confirmed,1.0
226,2,circle,1797,653,32661,confirmed,1.0
226,3,rectangle,197,575,29921,confirmed,1.0
226,5,triangle,901,362,18883,coasting,0.822
226,6,hexagon,597,421,27491,confirmed,0.3
227,1,pentagon,1011,315,36432,confirmed,1.0
227,2,circle,1812,630,32673,confirmed,1.0
227,3,rectangle,197,579,29920,confirmed,1.0
227,5,triangle,901,359,18883,coasting,0.822
227,6,hexagon,576,387,28593,confirmed,0.3
228,1,pentagon,1002,311,36513,confirmed,1.0
228,2,circle,1828,607,32440,confirmed,1.0
228,3,rectangle,197,583,29793,confirmed,1.0
228,5,triangle,901,356,18883,coasting,0.822
228,6,hexagon,560,353,27507,confirmed,0.3
229,1,pentagon,993,307,36560,confirmed,1.0
229,2,circle,1841,584,31297,confirmed,1.0
229,3,rectangle,197,589,29929,confirmed,1.0
229,5,triangle,901,353,18883,coasting,0.822
229,6,hexagon,546,320,27619,confirmed,0.3
230,1,pentagon,984,303,36618,confirmed,1.0
230,2,circle,1850,560,30080,confirmed,1.0
230,3,rectangle,197,594,29830,confirmed,1.0
230,5,triangle,901,350,18883,coasting,0.822
230,6,hexagon,530,285,28572,confirmed,0.3
231,1,pentagon,974,299,36560,confirmed,1.0
231,2,circle,1855,536,28637,confirmed,1.0
231,3,rectangle,197,599,29930,confirmed,1.0
231,5,triangle,901,348,18883,coasting,0.822
231,6,hexagon,515,250,27636,confirmed,0.3
232,1,pentagon,964,294,36578,confirmed,1.0
232,2,circle,1859,511,27093,confirmed,1.0
232,3,rectangle,197,604,29807,confirmed,1.0
232,5,triangle,901,346,18883,coasting,0.822
232,6,hexagon,499,214,28224,confirmed,0.3
233,1,pentagon,955,291,36787,confirmed,1.0
233,2,circle,1861,486,25449,confirmed,1.0
233,3,rectangle,198,608,29926,confirmed,1.0
233,5,triangle,901,344,18883,coasting,0.822
233,6,hexagon,481,177,23235,confirmed,0.3
234,1,pentagon,944,286,36545,confirmed,1.0
234,2,circle,1863,461,23724,confirmed,1.0
234,3,rectangle,198,614,29909,confirmed,1.0
234,5,triangle,902,342,18883,coasting,0.822
234,6,hexagon,461,141,23688,confirmed,0.3
235,1,pentagon,933,283,36958,confirmed,1.0
235,2,circle,1865,437,21940,confirmed,1.0
235,3,rectangle,199,620,29837,confirmed,1.0
235,5,triangle,902,341,18883,coasting,0.822
235,6,hexagon,439,105,27547,confirmed,0.3
236,1,pentagon,923,279,36653,confirmed,1.0
236,2,circle,1868,412,20354,confirmed,1.0
236,3,rectangle,199,624,29998,confirmed,1.0
236,5,triangle,902,339,18883,coasting,0.822
236,6,hexagon,418,69,26552,confirmed,0.3
237,1,pentagon,912,275,36546,confirmed,1.0
237,2,circle,1868,388,21461,confirmed,1.0
237,3,rectangle,200,629,29738,confirmed,1.0
237,5,triangle,902,338,18883,coasting,0.822
237,6,hexagon,399,38,29288,confirmed,0.3
238,1,pentagon,902,271,36540,confirmed,1.0
238,2,circle,1867,363,22569,confirmed,1.0
238,3,rectangle,201,635,29977,confirmed,1.0
238,5,triangle,902,337,18883,coasting,0.822
238,6,hexagon,380,16,16115,confirmed,0.3
239,1,pentagon,897,269,40753,confirmed,1.0
239,2,circle,1864,338,23637,confirmed,1.0
239,3,rectangle,203,640,29954,confirmed,1.0
239,5,triangle,902,336,18883,coasting,0.822
239,6,hexagon,366,13,23841,confirmed,0.3
240,1,pentagon,882,264,36519,confirmed,1.0
240,2,circle,1861,314,24778,confirmed,1.0
240,3,rectangle,205,646,29736,confirmed,1.0
240,5,triangle,902,335,18883,coasting,0.822
240,6,hexagon,359,30,27214,confirmed,0.3
241,1,pentagon,868,260,36660,confirmed,1.0
241,2,circle,1856,289,26061,confirmed,1.0
241,3,rectangle,206,650,29901,confirmed,1.0
241,5,triangle,902,334,18883,coasting,0.822
241,6,hexagon,358,64,27656,confirmed,0.3
242,1,pentagon,857,256,36594,confirmed,1.0
242,2,circle,1850,265,27766,confirmed,1.0
242,3,rectangle,208,656,29918,confirmed,1.0
242,5,triangle,902,334,18883,coasting,0.822
242,6,hexagon,360,110,28094,confirmed,0.3
243,1,pentagon,845,253,36522,confirmed,1.0
243,2,circle,1844,240,29934,confirmed,1.0
243,3,rectangle,209,662,29858,confirmed,1.0
243,6,hexagon,364,163,27375,confirmed,0.3
244,1,pentagon,833,249,36537,confirmed,1.0
244,2,circle,1834,217,32230,confirmed,1.0
244,3,rectangle,212,668,29778,confirmed,1.0
244,6,hexagon,370,218,26944,confirmed,0.3
245,1,pentagon,821,246,36613,confirmed,1.0
245,2,circle,1806,198,32681,confirmed,1.0
245,3,rectangle,214,673,29981,confirmed,1.0
245,6,hexagon,375,272,27884,confirmed,0.3
246,1,pentagon,808,243,36564,confirmed,1.0
246,2,circle,1772,182,32708,confirmed,1.0
246,3,rectangle,217,679,29963,confirmed,1.0
246,6,hexagon,378,320,28330,confirmed,0.3
247,1,pentagon,795,240,36584,confirmed,1.0
247,2,circle,1734,168,32672,confirmed,1.0
247,3,rectangle,219,683,29843,confirmed,1.0
247,6,hexagon,379,365,27316,confirmed,0.3
248,1,pentagon,782,238,36657,confirmed,1.0
248,2,circle,1692,160,32662,confirmed,1.0
248,3,rectangle,222,689,29836,confirmed,1.0
248,6,hexagon,378,406,27414,confirmed,0.3
249,1,pentagon,769,235,36458,confirmed,1.0
249,2,circle,1649,164,32708,confirmed,1.0
249,3,rectangle,224,694,29939,confirmed,1.0
249,6,hexagon,377,443,27599,confirmed,0.3
250,1,pentagon,755,233,36439,confirmed,1.0
250,2,circle,1606,174,32656,confirmed,1.0
250,3,rectangle,228,701,29926,confirmed,1.0
250,6,hexagon,377,478,29799,confirmed,0.3
251,1,pentagon,741,232,36585,confirmed,1.0
251,2,circle,1571,187,32680,confirmed,1.0
251,3,rectangle,231,705,29788,confirmed,1.0
251,6,hexagon,373,512,27240,confirmed,0.3
252,1,pentagon,727,231,36533,confirmed,1.0
252,2,circle,1551,210,32679,confirmed,1.0
252,3,rectangle,234,712,29694,confirmed,1.0
252,6,hexagon,370,546,27495,confirmed,0.3
253,1,pentagon,713,231,36572,confirmed,1.0
253,2,circle,1533,233,32683,confirmed,1.0
253,3,rectangle,237,719,27713,confirmed,1.0
253,6,hexagon,361,582,26821,confirmed,0.273
253,7,triangle,890,222,18641,confirmed,0.0
254,1,pentagon,698,230,36563,confirmed,1.0
254,2,circle,1516,257,32649,confirmed,1.0
254,3,rectangle,239,727,25561,confirmed,1.0
254,6,hexagon,356,620,27361,confirmed,0.273
254,7,triangle,876,214,19297,confirmed,1.0
255,1,pentagon,684,230,36599,confirmed,1.0
255,2,circle,1500,280,32707,confirmed,1.0
255,3,rectangle,241,734,23304,confirmed,1.0
255,6,hexagon,353,657,26937,confirmed,0.273
255,7,triangle,865,209,19710,confirmed,1.0
256,1,pentagon,669,230,36614,confirmed,1.0
256,2,circle,1486,304,32694,confirmed,1.0
256,3,rectangle,243,742,23304,coasting,1.0
256,6,hexagon,351,694,27166,confirmed,0.273
256,7,triangle,855,205,20366,confirmed,1.0
257,1,pentagon,654,230,36657,confirmed,1.0
257,2,circle,1476,328,32689,confirmed,1.0
257,3,rectangle,246,749,23304,coasting,1.0
257,6,hexagon,350,733,27065,confirmed,0.273
257,7,triangle,846,200,20610,confirmed,1.0
258,1,pentagon,640,230,36549,confirmed,1.0
258,2,circle,1468,353,32713,confirmed,1.0
258,3,rectangle,247,755,23304,coasting,1.0
258,6,hexagon,350,771,27381,confirmed,0.273
258,7,triangle,837,196,20943,confirmed,1.0
259,1,pentagon,625,232,36648,confirmed,1.0
259,2,circle,1463,377,32660,confirmed,1.0
259,3,rectangle,249,760,23304,coasting,1.0
259,6,hexagon,349,800,27980,confirmed,0.273
259,7,triangle,830,191,20950,confirmed,1.0
260,1,pentagon,610,233,36405,confirmed,1.0
260,2,circle,1457,402,32692,confirmed,1.0
260,3,rectangle,251,765,23304,coasting,1.0
260,6,hexagon,348,804,27648,confirmed,0.273
260,7,triangle,821,186,20978,confirmed,1.0
261,1,pentagon,595,235,36499,confirmed,1.0
261,2,circle,1453,427,32675,confirmed,1.0
261,3,rectangle,252,770,23304,coasting,1.0
261,6,hexagon,345,785,27649,confirmed,0.273
261,7,triangle,813,181,20844,confirmed,1.0
262,1,pentagon,580,237,36566,confirmed,1.0
262,2,circle,1450,452,32684,confirmed,1.0
262,3,rectangle,277,799,18763,confirmed,1.0
262,6,hexagon,341,747,27442,confirmed,0.273
262,7,triangle,803,176,20819,confirmed,1.0
263,1,pentagon,565,239,36576,confirmed,1.0
263,2,circle,1447,476,32698,confirmed,1.0
263,3,rectangle,289,793,25031,confirmed,1.0
263,6,hexagon,337,696,27321,confirmed,0.273
263,7,triangle,794,172,20865,confirmed,1.0
264,1,pentagon,550,241,36562,confirmed,1.0
264,2,circle,1446,501,32676,confirmed,1.0
264,3,rectangle,297,781,29910,confirmed,1.0
264,6,hexagon,331,640,27402,confirmed,0.273
264,7,triangle,783,168,20822,confirmed,1.0
265,1,pentagon,535,243,36549,confirmed,1.0
265,2,circle,1446,526,32695,confirmed,1.0
265,3,rectangle,305,780,29785,confirmed,1.0
265,6,hexagon,323,582,27020,confirmed,0.273
265,7,triangle,773,165,20887,confirmed,1.0
266,1,pentagon,520,246,36579,confirmed,1.0
266,2,circle,1448,551,32712,confirmed,1.0
266,3,rectangle,312,784,29888,confirmed,1.0
266,6,hexagon,314,527,27396,confirmed,0.273
266,7,triangle,762,162,20961,confirmed,1.0
267,1,pentagon,506,250,36571,confirmed,1.0
267,2,circle,1450,576,32708,confirmed,1.0
267,3,rectangle,319,790,29764,confirmed,1.0
267,6,hexagon,304,478,27275,confirmed,0.273
267,7,triangle,750,158,20782,confirmed,1.0
268,1,pentagon,492,255,36607,confirmed,1.0
268,2,circle,1454,600,32716,confirmed,1.0
268,3,rectangle,328,796,29921,confirmed,1.0
268,6,trapezoid,291,443,26995,confirmed,0.333
268,7,triangle,738,156,20878,confirmed,1.0
269,1,pentagon,479,260,36614,confirmed,1.0
269,2,circle,1460,625,32675,confirmed,1.0
269,3,rectangle,337,801,29947,confirmed,1.0
269,6,trapezoid,281,407,26850,confirmed,0.385
269,7,triangle,726,154,20831,confirmed,1.0
270,1,pentagon,465,265,36515,confirmed,1.0
270,2,circle,1466,650,32678,confirmed,1.0
270,3,rectangle,345,806,29874,confirmed,1.0
270,6,trapezoid,271,368,26964,confirmed,0.385
270,7,triangle,714,152,20872,confirmed,1.0
271,1,pentagon,453,271,36599,confirmed,1.0
271,2,circle,1475,674,32698,confirmed,1.0
271,3,rectangle,354,809,29860,confirmed,1.0
271,6,trapezoid,261,332,27861,confirmed,0.385
271,7,triangle,701,150,20889,confirmed,1.0
272,1,pentagon,440,277,36513,confirmed,1.0
272,2,circle,1485,698,32705,confirmed,1.0
272,3,rectangle,364,814,29915,confirmed,1.0
272,6,trapezoid,251,295,25137,confirmed,0.385
272,7,triangle,689,148,20953,confirmed,1.0
273,1,pentagon,427,283,36522,confirmed,1.0
273,2,circle,1498,722,32687,confirmed,1.0
273,3,rectangle,373,818,29970,confirmed,1.0
273,6,trapezoid,240,258,24177,confirmed,0.385
273,7,triangle,676,146,20979,confirmed,1.0
274,1,pentagon,415,289,36543,confirmed,1.0
274,2,circle,1511,746,32681,confirmed,1.0
274,3,rectangle,383,822,29892,confirmed,1.0
274,6,trapezoid,230,219,25235,confirmed,0.385
274,7,triangle,664,144,21037,confirmed,1.0
275,1,pentagon,403,295,36468,confirmed,1.0
275,2,circle,1526,769,32688,confirmed,1.0
275,3,rectangle,393,826,29967,confirmed,1.0
275,6,trapezoid,224,182,26259,confirmed,0.357
275,7,triangle,651,141,20771,confirmed,1.0
276,1,pentagon,392,303,36610,confirmed,1.0
276,2,circle,1543,792,32690,confirmed,1.0
276,3,rectangle,403,830,29949,confirmed,1.0
276,6,trapezoid,218,145,26902,confirmed,0.4
276,7,triangle,638,140,20900,confirmed,1.0
277,1,pentagon,381,310,36607,confirmed,1.0
277,2,circle,1563,814,32676,confirmed,1.0
277,3,rectangle,413,834,29924,confirmed,1.0
277,6,trapezoid,211,108,26878,confirmed,0.438
277,7,triangle,626,141,20676,confirmed,1.0
278,1,pentagon,370,317,36472,confirmed,1.0
278,2,circle,1585,836,32697,confirmed,1.0
278,3,rectangle,424,838,29931,confirmed,1.0
278,6,trapezoid,204,74,28678,confirmed,0.438
278,7,triangle,614,145,20895,confirmed,1.0
279,1,pentagon,360,325,36506,confirmed,1.0
279,2,circle,1613,856,32701,confirmed,1.0
279,3,rectangle,434,843,29919,confirmed,1.0
279,6,trapezoid,198,104,26925,confirmed,0.471
279,7,triangle,601,148,20895,confirmed,1.0
280,1,pentagon,350,333,36520,confirmed,1.0
280,2,circle,1646,872,32720,confirmed,1.0
280,3,rectangle,445,846,29947,confirmed,1.0
280,6,trapezoid,193,122,26973,confirmed,0.471
280,7,triangle,588,151,20771,confirmed,1.0
281,1,pentagon,340,341,36480,confirmed,1.0
281,2,circle,1682,886,32717,confirmed,1.0
281,3,rectangle,456,850,29923,confirmed,1.0
281,6,trapezoid,187,153,26784,confirmed,0.471
281,7,triangle,575,154,20876,confirmed,1.0
282,1,pentagon,331,350,36630,confirmed,1.0
282,2,circle,1720,900,32673,confirmed,1.0
282,3,rectangle,467,855,29922,confirmed,1.0
282,6,trapezoid,180,193,25899,confirmed,0.471
282,7,triangle,563,158,20951,confirmed,1.0
283,1,pentagon,322,358,36547,confirmed,1.0
283,2,circle,1757,914,32658,confirmed,1.0
283,3,rectangle,479,857,29799,confirmed,1.0
283,6,trapezoid,170,238,23438,confirmed,0.471
283,7,triangle,552,163,20857,confirmed,1.0
284,1,pentagon,313,367,36533,confirmed,1.0
284,2,circle,1795,913,32669,confirmed,1.0
284,3,rectangle,490,862,29772,confirmed,1.0
284,6,trapezoid,159,285,21552,confirmed,0.471
284,7,triangle,542,168,20841,confirmed,1.0
285,1,pentagon,305,376,36604,confirmed,1.0
285,2,circle,1833,913,31166,confirmed,1.0
285,3,rectangle,502,864,29982,confirmed,1.0
285,6,trapezoid,148,333,20250,confirmed,0.471
285,7,triangle,533,174,20791,confirmed,1.0
286,1,pentagon,297,385,36501,confirmed,1.0
286,2,circle,1866,907,24507,confirmed,1.0
286,3,rectangle,514,868,29777,confirmed,1.0
286,6,trapezoid,137,378,20250,coasting,0.471
286,7,triangle,526,181,20989,confirmed,1.0
287,1,pentagon,289,394,36550,confirmed,1.0
287,2,circle,1892,897,16824,confirmed,1.0
287,3,rectangle,526,871,29960,confirmed,1.0
287,6,trapezoid,122,424,19610,confirmed,0.5
287,7,triangle,519,189,20830,confirmed,1.0
288,1,pentagon,282,404,36593,confirmed,1.0
288,2,circle,1911,881,10065,confirmed,1.0
288,3,rectangle,539,872,29936,confirmed,1.0
288,6,trapezoid,111,464,20679,confirmed,0.5
288,7,triangle,514,196,20818,confirmed,1.0
289,1,pentagon,275,413,36445,confirmed,1.0
289,2,circle,1936,870,10065,coasting,1.0
289,3,rectangle,552,875,29781,confirmed,1.0
289,6,trapezoid,110,505,23305,confirmed,0.5
289,7,triangle,508,204,20920,confirmed,1.0
290,1,pentagon,269,423,36524,confirmed,1.0
290,2,circle,1958,860,10065,coasting,1.0
290,3,rectangle,565,877,29837,confirmed,1.0
290,6,trapezoid,110,543,24903,confirmed,0.5
290,7,triangle,504,212,20967,confirmed,1.0
291,1,pentagon,263,433,36525,confirmed,1.0
291,2,circle,1979,851,10065,coasting,1.0
291,3,rectangle,578,880,29772,confirmed,1.0
291,6,trapezoid,120,578,25890,confirmed,0.526
291,7,triangle,500,220,20964,confirmed,1.0
292,1,pentagon,257,443,36532,confirmed,1.0
292,3,rectangle,591,882,29905,confirmed,1.0
292,6,trapezoid,122,616,27039,confirmed,0.526
292,7,triangle,496,228,20965,confirmed,1.0
293,1,pentagon,251,453,36553,confirmed,1.0
293,3,rectangle,605,885,29962,confirmed,1.0
293,6,trapezoid,121,653,27769,confirmed,0.526
293,7,triangle,493,236,20935,confirmed,1.0
294,1,pentagon,245,463,36499,confirmed,1.0
294,3,rectangle,618,886,29919,confirmed,1.0
294,6,trapezoid,119,690,28423,confirmed,0.526
294,7,triangle,490,244,20826,confirmed,1.0
295,1,pentagon,241,474,36642,confirmed,1.0
295,3,rectangle,632,888,29915,confirmed,1.0
295,6,trapezoid,115,727,27145,confirmed,0.526
295,7,triangle,489,252,20841,confirmed,1.0
296,1,pentagon,239,485,36540,confirmed,1.0
296,3,rectangle,646,888,29799,confirmed,1.0
296,6,trapezoid,120,756,27237,confirmed,0.526
296,7,triangle,487,261,20791,confirmed,1.0
297,1,pentagon,237,495,36517,confirmed,1.0
297,3,rectangle,660,887,29966,confirmed,1.0
297,6,trapezoid,126,760,27125,confirmed,0.526
297,7,triangle,486,270,20944,confirmed,1.0
298,1,pentagon,235,506,36523,confirmed,1.0
298,3,rectangle,674,886,29962,confirmed,1.0
298,6,trapezoid,134,739,26081,confirmed,0.526
298,7,triangle,484,278,20905,confirmed,1.0
299,1,pentagon,233,517,36481,confirmed,1.0
299,3,rectangle,688,886,29795,confirmed,1.0
299,6,trapezoid,144,703,21131,confirmed,0.526
299,7,triangle,484,286,20726,confirmed,1.0
300,1,pentagon,231,528,36472,confirmed,1.0
300,3,rectangle,703,885,29995,confirmed,1.0
300,6,trapezoid,152,685,21131,coasting,0.526
300,7,triangle,484,296,20924,confirmed,1.0
301,1,pentagon,229,539,36501,confirmed,1.0
301,3,rectangle,717,884,29785,confirmed,1.0
301,6,trapezoid,159,668,21131,coasting,0.526
301,7,triangle,484,304,20852,confirmed,1.0
302,1,pentagon,227,550,36557,confirmed,1.0
302,3,rectangle,732,884,29793,confirmed,1.0
302,6,trapezoid,165,653,21131,coasting,0.526
302,7,triangle,485,314,20983,confirmed,1.0
303,1,pentagon,226,561,36472,confirmed,1.0
303,3,rectangle,747,884,29835,confirmed,1.0
303,6,trapezoid,171,640,21131,coasting,0.526
303,7,triangle,487,322,20924,confirmed,1.0
304,1,pentagon,225,573,36576,confirmed,1.0
304,3,rectangle,762,882,29937,confirmed,1.0
304,6,trapezoid,192,563,22709,confirmed,0.526
304,7,triangle,488,332,21038,confirmed,1.0
305,1,pentagon,225,584,36550,confirmed,1.0
305,3,rectangle,777,883,29952,confirmed,1.0
305,6,trapezoid,217,480,20315,confirmed,0.526
305,7,triangle,490,340,20829,confirmed,1.0
306,1,pentagon,226,596,36614,confirmed,1.0
306,3,rectangle,792,882,29931,confirmed,1.0
306,6,trapezoid,240,399,27555,confirmed,0.526
306,7,triangle,493,349,20762,confirmed,1.0
307,1,pentagon,227,607,36505,confirmed,1.0
307,3,rectangle,807,882,29930,confirmed,1.0
307,6,trapezoid,260,329,26958,confirmed,0.55
307,7,triangle,496,358,20850,confirmed,1.0
308,1,pentagon,229,619,36550,confirmed,1.0
308,3,rectangle,822,882,29847,confirmed,1.0
308,6,trapezoid,275,269,27642,confirmed,0.55
308,7,triangle,499,366,20696,confirmed,1.0
309,1,pentagon,232,630,36572,confirmed,1.0
309,3,rectangle,837,880,29984,confirmed,1.0
309,6,trapezoid,288,220,27908,confirmed,0.55
309,7,triangle,504,376,20890,confirmed,1.0
310,1,pentagon,236,642,36624,confirmed,1.0
310,3,rectangle,852,879,29885,confirmed,1.0
310,6,trapezoid,299,182,27426,confirmed,0.55
310,7,triangle,509,385,20764,confirmed,1.0
311,1,pentagon,242,653,36506,confirmed,1.0
311,3,rectangle,867,876,29752,confirmed,1.0
311,6,trapezoid,312,151,27126,confirmed,0.55
311,7,triangle,514,394,20900,confirmed,1.0
312,1,pentagon,249,664,36579,confirmed,1.0
312,3,rectangle,881,873,29831,confirmed,1.0
312,6,trapezoid,324,123,27697,confirmed,0.55
312,7,triangle,521,402,20876,confirmed,1.0
313,1,pentagon,257,675,36540,confirmed,1.0
313,3,rectangle,894,868,29825,confirmed,1.0
313,6,trapezoid,336,95,26946,confirmed,0.55
313,7,triangle,527,411,20732,confirmed,1.0
314,1,pentagon,267,686,36625,confirmed,1.0
314,3,rectangle,906,862,29801,confirmed,1.0
314,6,trapezoid,349,66,26335,confirmed,0.55
314,7,triangle,534,420,20902,confirmed,1.0
315,1,pentagon,279,696,36592,confirmed,1.0
315,3,rectangle,918,856,29790,confirmed,1.0
315,6,trapezoid,364,41,20312,confirmed,0.55
315,7,triangle,542,428,20870,confirmed,1.0
316,1,pentagon,291,706,36618,confirmed,1.0
316,3,rectangle,930,850,29849,confirmed,1.0
316,6,trapezoid,377,19,14557,confirmed,0.55
316,7,triangle,549,437,20767,confirmed,1.0
317,1,pentagon,306,715,36526,confirmed,1.0
317,3,rectangle,941,844,29814,confirmed,1.0
317,6,trapezoid,394,3,8685,confirmed,0.55
317,7,triangle,557,446,20944,confirmed,1.0
318,1,pentagon,321,723,36463,confirmed,1.0
318,3,rectangle,952,836,29910,confirmed,1.0
318,6,trapezoid,407,3,16401,confirmed,0.55
318,7,triangle,566,454,20842,confirmed,1.0
319,1,pentagon,338,731,36482,confirmed,1.0
319,3,rectangle,964,831,29915,confirmed,1.0
319,6,trapezoid,414,16,23487,confirmed,0.55
319,7,triangle,574,462,20822,confirmed,1.0
320,1,pentagon,356,739,36599,confirmed,1.0
320,3,rectangle,975,823,29757,confirmed,1.0
320,6,trapezoid,417,42,28819,confirmed,0.55
320,7,triangle,584,471,20764,confirmed,1.0
320,8,pentagon,1890,350,12903,confirmed,0.0
321,1,pentagon,375,745,36472,confirmed,1.0
321,3,rectangle,986,816,29940,confirmed,1.0
321,6,trapezoid,417,80,27305,confirmed,0.55
321,7,triangle,593,480,21030,confirmed,1.0
321,8,pentagon,1884,373,15272,confirmed,0.0
322,1,pentagon,395,751,36543,confirmed,1.0
322,3,rectangle,997,810,29952,confirmed,1.0
322,6,trapezoid,413,126,27697,confirmed,0.55
322,7,triangle,604,488,21035,confirmed,1.0
322,8,pentagon,1878,401,16985,confirmed,0.0
323,1,pentagon,416,756,36620,confirmed,1.0
323,3,rectangle,1008,803,29926,confirmed,1.0
323,6,trapezoid,410,174,23029,confirmed,0.55
323,7,triangle,614,496,21023,confirmed,1.0
323,8,pentagon,1873,431,18680,confirmed,0.0
324,1,pentagon,438,760,36585,confirmed,1.0
324,3,rectangle,1019,796,29825,confirmed,1.0
324,6,trapezoid,407,225,27677,confirmed,0.55
324,7,triangle,625,504,20984,confirmed,1.0
324,8,pentagon,1867,462,20364,confirmed,0.0
325,1,pentagon,460,764,36589,confirmed,1.0
325,3,rectangle,1030,788,29991,confirmed,1.0
325,6,trapezoid,404,275,27339,confirmed,0.55
325,7,triangle,636,512,20972,confirmed,1.0
325,8,trapezoid,1862,491,22013,confirmed,0.0
326,1,pentagon,482,767,36546,confirmed,1.0
326,3,rectangle,1040,781,29805,confirmed,1.0
326,6,trapezoid,401,320,28828,confirmed,0.55
326,7,triangle,647,520,21014,confirmed,1.0
326,8,7-gon,1858,520,23684,confirmed,0.0
327,1,pentagon,504,765,36654,confirmed,1.0
327,3,rectangle,1050,773,29793,confirmed,1.0
327,6,trapezoid,397,364,27224,confirmed,0.55
327,7,triangle,659,527,20705,confirmed,1.0
327,8,circle,1854,547,25259,confirmed,0.0
328,1,pentagon,527,762,36510,confirmed,1.0
328,3,rectangle,1059,765,29816,confirmed,1.0
328,6,trapezoid,393,404,27643,confirmed,0.55
328,7,triangle,671,535,20832,confirmed,1.0
328,8,circle,1850,572,26059,confirmed,0.0
329,1,pentagon,549,759,36590,confirmed,1.0
329,3,rectangle,1067,757,29985,confirmed,1.0
329,6,trapezoid,391,440,28187,confirmed,0.55
329,7,triangle,683,542,20817,confirmed,1.0
329,8,circle,1850,597,25326,confirmed,0.0
330,1,pentagon,572,755,36462,confirmed,1.0
330,3,rectangle,1075,748,29950,confirmed,1.0
330,6,trapezoid,390,476,27295,confirmed,0.55
330,7,triangle,696,550,20853,confirmed,1.0
330,8,circle,1851,620,24562,confirmed,0.0
331,1,pentagon,595,752,36560,confirmed,1.0
331,3,rectangle,1082,740,29826,confirmed,1.0
331,6,trapezoid,389,508,30012,confirmed,0.55
331,7,triangle,710,558,20986,confirmed,1.0
331,8,pentagon,1853,644,23814,confirmed,0.0
332,1,pentagon,618,749,36552,confirmed,1.0
332,3,rectangle,1089,731,29979,confirmed,1.0
332,6,trapezoid,387,544,27355,confirmed,0.55
332,7,triangle,723,564,20854,confirmed,1.0
332,8,pentagon,1857,668,22930,confirmed,0.0
333,1,pentagon,641,745,36489,confirmed,1.0
333,3,rectangle,1096,721,29811,confirmed,1.0
333,6,trapezoid,385,580,27215,confirmed,0.55
333,7,triangle,738,571,20494,confirmed,1.0
333,8,hexagon,1860,691,21957,confirmed,0.0
334,1,pentagon,663,741,36559,confirmed,1.0
334,3,rectangle,1102,712,29977,confirmed,1.0
334,6,trapezoid,386,618,23661,confirmed,0.524
334,7,triangle,754,577,19958,confirmed,0.978
334,8,pentagon,1864,715,20808,confirmed,0.0
335,1,pentagon,685,736,36596,confirmed,1.0
335,3,rectangle,1108,703,29913,confirmed,1.0
335,6,trapezoid,386,656,27005,confirmed,0.524
335,7,triangle,770,582,18849,confirmed,0.956
335,8,pentagon,1869,740,18596,confirmed,0.0
336,1,pentagon,707,730,36540,confirmed,1.0
336,3,rectangle,1114,694,29826,confirmed,1.0
336,6,trapezoid,386,695,27213,confirmed,0.524
336,7,triangle,788,585,17507,confirmed,0.933
336,8,pentagon,1875,763,15014,confirmed,0.0
337,1,pentagon,729,725,36578,confirmed,1.0
337,3,rectangle,1121,684,29981,confirmed,1.0
337,6,trapezoid,388,736,28701,confirmed,0.524
337,7,triangle,805,590,17507,coasting,0.933
337,8,trapezoid,1884,786,9712,confirmed,0.0
338,1,pentagon,751,719,36553,confirmed,1.0
338,3,rectangle,1127,675,29938,confirmed,1.0
338,6,trapezoid,390,774,27595,confirmed,0.524
338,7,triangle,821,594,17507,coasting,0.933
338,8,trapezoid,1891,809,9712,coasting,0.0
339,1,pentagon,773,713,36560,confirmed,1.0
339,3,rectangle,1133,666,29808,confirmed,1.0
339,6,trapezoid,393,812,27563,confirmed,0.524
339,7,triangle,834,598,17507,coasting,0.933
339,8,trapezoid,1897,830,9712,coasting,0.0
340,1,pentagon,795,706,36598,confirmed,1.0
340,3,rectangle,1139,656,29763,confirmed,1.0
340,6,trapezoid,395,849,28679,confirmed,0.524
340,7,triangle,847,601,17507,coasting,0.933
340,8,trapezoid,1903,849,9712,coasting,0.0
341,1,pentagon,815,698,36573,confirmed,1.0
341,3,rectangle,1145,646,29857,confirmed,1.0
341,6,trapezoid,399,861,23483,confirmed,0.524
341,7,triangle,858,604,17507,coasting,0.933
341,8,trapezoid,1908,866,9712,coasting,0.0
342,1,pentagon,838,691,37181,confirmed,1.0
342,3,rectangle,1151,636,29934,confirmed,1.0
342,6,trapezoid,406,849,27190,confirmed,0.524
342,7,triangle,868,607,17507,coasting,0.933
342,8,trapezoid,1913,881,9712,coasting,0.0
343,1,pentagon,860,683,37331,confirmed,1.0
343,3,rectangle,1157,627,29964,confirmed,1.0
343,6,trapezoid,416,817,20289,confirmed,0.524
343,7,triangle,877,610,17507,coasting,0.933
343,8,trapezoid,1917,894,9712,coasting,0.0
344,1,pentagon,880,675,37402,confirmed,1.0
344,3,rectangle,1164,616,29940,confirmed,1.0
344,6,trapezoid,428,770,27830,confirmed,0.524
344,7,triangle,885,612,17507,coasting,0.933
344,8,trapezoid,1921,907,9712,coasting,0.0
345,1,pentagon,899,665,37416,confirmed,1.0
345,3,rectangle,1170,607,29963,confirmed,1.0
345,6,trapezoid,442,716,27657,confirmed,0.524
345,7,triangle,892,614,17507,coasting,0.933
345,8,trapezoid,1924,918,9712,coasting,0.0
346,1,pentagon,909,652,36703,confirmed,1.0
346,3,rectangle,1176,596,29902,confirmed,1.0
346,6,trapezoid,456,659,27533,confirmed,0.524
346,7,triangle,899,616,17507,coasting,0.933
346,8,trapezoid,1927,928,9712,coasting,0.0
347,1,pentagon,923,642,36787,confirmed,1.0
347,3,rectangle,1183,586,29956,confirmed,1.0
347,6,trapezoid,472,604,27052,confirmed,0.524
347,7,triangle,905,617,17507,coasting,0.933
347,8,trapezoid,1930,937,9712,coasting,0.0
348,1,pentagon,940,629,36581,confirmed,1.0
348,3,rectangle,1189,576,29944,confirmed,1.0
348,6,trapezoid,486,552,27165,confirmed,0.524
348,7,triangle,910,619,17507,coasting,0.933
348,8,trapezoid,1932,945,9712,coasting,0.0
349,1,pentagon,955,616,36466,confirmed,1.0
349,3,rectangle,1197,568,29743,confirmed,1.0
349,6,trapezoid,501,507,27133,confirmed,0.524
349,7,triangle,915,620,17507,coasting,0.933
349,8,trapezoid,1934,952,9712,coasting,0.0
350,1,pentagon,969,604,36472,confirmed,1.0
350,3,rectangle,1205,557,29804,confirmed,1.0
350,6,trapezoid,516,466,27061,confirmed,0.524
350,7,triangle,919,621,17507,coasting,0.933
350,8,trapezoid,1936,959,9712,coasting,0.0
351,1,pentagon,983,592,36539,confirmed,1.0
351,3,rectangle,1212,548,29808,confirmed,1.0
351,6,trapezoid,531,430,23591,confirmed,0.524
351,7,triangle,923,622,17507,coasting,0.933
351,8,trapezoid,1938,965,9712,coasting,0.0
352,1,pentagon,996,579,36473,confirmed,1.0
352,3,rectangle,1221,537,29851,confirmed,1.0
352,6,trapezoid,548,395,21757,confirmed,0.524
352,7,triangle,988,717,16383,confirmed,0.911
352,8,trapezoid,1940,970,9712,coasting,0.0
353,1,pentagon,1008,566,36520,confirmed,1.0
353,3,rectangle,1229,527,29792,confirmed,1.0
353,6,trapezoid,565,362,26919,confirmed,0.524
353,7,triangle,1018,747,18169,confirmed,0.889
353,8,trapezoid,1941,975,9712,coasting,0.0
354,1,pentagon,1020,553,36526,confirmed,1.0
354,3,rectangle,1238,519,29949,confirmed,1.0
354,6,trapezoid,582,329,27062,confirmed,0.524
354,7,triangle,1035,753,19549,confirmed,0.867
354,8,trapezoid,1942,979,9712,coasting,0.0
355,1,pentagon,1032,539,36426,confirmed,1.0
355,3,rectangle,1247,509,29923,confirmed,1.0
355,6,trapezoid,601,296,27330,confirmed,0.524
355,7,triangle,1048,754,20371,confirmed,0.867
355,8,trapezoid,1944,983,9712,coasting,0.0
356,1,pentagon,1045,526,36572,confirmed,1.0
356,3,rectangle,1255,498,29925,confirmed,1.0
356,6,trapezoid,618,261,27221,confirmed,0.524
356,7,triangle,1057,760,20962,confirmed,0.867
356,8,trapezoid,1945,986,9712,coasting,0.0
357,1,pentagon,1057,513,36566,confirmed,1.0
357,3,rectangle,1264,489,29940,confirmed,1.0
357,6,trapezoid,634,225,26968,confirmed,0.545
357,7,triangle,1065,769,20830,confirmed,0.867
357,8,trapezoid,1946,989,9712,coasting,0.0
358,1,pentagon,1069,499,36487,confirmed,1.0
358,3,rectangle,1273,478,29982,confirmed,1.0
358,6,trapezoid,651,187,22743,confirmed,0.545
358,7,triangle,1071,780,20873,confirmed,0.867
359,1,pentagon,1083,486,36574,confirmed,1.0
359,3,rectangle,1282,468,29939,confirmed,1.0
359,6,trapezoid,664,148,22622,confirmed,0.522
359,7,triangle,1078,791,20735,confirmed,0.867
360,1,pentagon,1097,473,36497,confirmed,1.0
360,3,rectangle,1291,459,29943,confirmed,1.0
360,6,trapezoid,681,117,29143,confirmed,0.522
360,7,triangle,1085,802,20852,confirmed,0.867
361,1,pentagon,1112,460,36564,confirmed,1.0
361,3,rectangle,1300,449,29965,confirmed,1.0
361,6,trapezoid,691,112,28364,confirmed,0.522
361,7,triangle,1092,814,20824,confirmed,0.867
362,1,pentagon,1126,447,36511,confirmed,1.0
362,3,rectangle,1310,438,29900,confirmed,1.0
362,6,trapezoid,699,132,27732,confirmed,0.522
362,7,triangle,1097,826,20875,confirmed,0.867
363,1,pentagon,1141,434,36607,confirmed,1.0
363,3,rectangle,1320,429,29698,confirmed,1.0
363,6,trapezoid,704,170,21180,confirmed,0.522
363,7,triangle,1100,838,20926,confirmed,0.867
364,1,pentagon,1156,421,36583,confirmed,1.0
364,3,rectangle,1331,419,29481,confirmed,1.0
364,6,trapezoid,707,223,27137,confirmed,0.522
364,7,triangle,1102,850,20908,confirmed,0.867
365,1,pentagon,1171,407,36476,confirmed,1.0
365,3,rectangle,1343,409,29284,confirmed,1.0
365,6,trapezoid,708,279,21934,confirmed,0.522
365,7,triangle,1108,862,20866,confirmed,0.867
366,1,pentagon,1187,395,36576,confirmed,1.0
366,3,rectangle,1353,399,28921,confirmed,1.0
366,6,trapezoid,708,336,27216,confirmed,0.522
366,7,triangle,1122,872,20754,confirmed,0.867
366,9,pentagon,1873,239,23574,confirmed,0.0
367,1,pentagon,1203,382,36599,confirmed,1.0
367,3,rectangle,1365,389,28362,confirmed,1.0
367,6,trapezoid,709,392,27134,confirmed,0.522
367,7,triangle,1142,876,21013,confirmed,0.867
367,9,circle,1857,224,29974,confirmed,0.0
368,1,pentagon,1220,369,36509,confirmed,1.0
368,3,rectangle,1377,379,28019,confirmed,1.0
368,6,trapezoid,708,442,27696,confirmed,0.522
368,7,triangle,1165,873,20730,confirmed,0.867
368,9,circle,1815,200,32663,confirmed,1.0
369,1,pentagon,1238,357,36611,confirmed,1.0
369,3,rectangle,1389,370,27424,confirmed,1.0
369,6,trapezoid,709,486,27827,confirmed,0.522
369,7,triangle,1188,870,20956,confirmed,0.867
369,9,circle,1772,185,32668,confirmed,1.0
370,1,pentagon,1256,345,36538,confirmed,1.0
370,3,rectangle,1402,361,26410,confirmed,1.0
370,6,trapezoid,709,527,26884,confirmed,0.522
370,7,triangle,1211,866,20728,confirmed,0.867
370,9,circle,1735,191,32723,confirmed,1.0
371,1,pentagon,1275,333,36568,confirmed,1.0
371,3,rectangle,1416,352,25385,confirmed,1.0
371,6,trapezoid,710,562,28393,confirmed,0.522
371,7,triangle,1226,858,21027,confirmed,0.867
371,9,circle,1702,208,32684,confirmed,1.0
372,1,pentagon,1296,322,36636,confirmed,1.0
372,3,rectangle,1431,344,23909,confirmed,1.0
372,6,trapezoid,705,597,30553,confirmed,0.522
372,7,triangle,1241,847,21007,confirmed,0.867
372,9,circle,1669,228,32678,confirmed,1.0
373,1,pentagon,1318,311,36519,confirmed,1.0
373,3,rectangle,1447,336,22442,confirmed,1.0
373,6,trapezoid,705,632,27480,confirmed,0.522
373,7,triangle,1255,837,20998,confirmed,0.867
373,9,circle,1638,247,32664,confirmed,1.0
374,1,pentagon,1342,302,36589,confirmed,1.0
374,3,rectangle,1462,328,22442,coasting,1.0
374,6,trapezoid,705,664,22450,confirmed,0.522
374,7,triangle,1269,826,21001,confirmed,0.867
374,9,circle,1611,267,32699,confirmed,1.0
375,1,pentagon,1369,294,36494,confirmed,1.0
375,3,rectangle,1476,321,22442,coasting,1.0
375,6,trapezoid,711,700,29560,confirmed,0.522
375,7,triangle,1283,816,21022,confirmed,0.867
375,9,circle,1587,288,32685,confirmed,1.0
376,1,pentagon,1396,286,37254,confirmed,1.0
376,3,rectangle,1488,315,22442,coasting,1.0
376,6,trapezoid,714,738,27542,confirmed,0.522
376,7,triangle,1298,805,20747,confirmed,0.867
376,9,circle,1565,309,29849,confirmed,1.0
377,1,pentagon,1426,287,36570,confirmed,1.0
377,3,rectangle,1499,309,22442,coasting,1.0
377,6,trapezoid,716,775,21506,confirmed,0.522
377,7,triangle,1312,795,20811,confirmed,0.867
377,9,circle,1550,333,23388,confirmed,1.0
378,1,pentagon,1456,286,36502,confirmed,1.0
378,3,rectangle,1509,304,22442,coasting,1.0
378,6,trapezoid,716,815,27380,confirmed,0.522
378,7,triangle,1327,785,20871,confirmed,0.867
378,9,circle,1530,355,23388,coasting,1.0
379,1,pentagon,1486,285,36466,confirmed,1.0
379,3,rectangle,1518,299,22442,coasting,1.0
379,6,trapezoid,716,856,28610,confirmed,0.522
379,7,triangle,1341,774,20836,confirmed,0.867
379,9,circle,1512,375,23388,coasting,1.0
380,1,pentagon,1523,284,45146,confirmed,1.0
380,3,rectangle,1526,295,22442,coasting,1.0
380,6,trapezoid,720,894,27376,confirmed,0.522
380,7,triangle,1355,764,21015,confirmed,0.867
380,9,circle,1499,405,20517,confirmed,1.0
381,1,pentagon,1559,283,44136,confirmed,1.0
381,3,rectangle,1533,291,22442,coasting,1.0
381,6,trapezoid,728,907,27021,confirmed,0.522
381,7,triangle,1368,752,20917,confirmed,0.867
381,9,circle,1487,431,26491,confirmed,1.0
382,1,pentagon,1589,283,42213,confirmed,1.0
382,3,rectangle,1539,287,22442,coasting,1.0
382,6,trapezoid,737,893,22441,confirmed,0.522
382,7,triangle,1382,741,20782,confirmed,0.867
382,9,circle,1476,456,31132,confirmed,1.0
383,1,pentagon,1620,281,40688,confirmed,1.0
383,3,rectangle,1545,284,22442,coasting,1.0
383,6,trapezoid,747,857,28058,confirmed,0.522
383,7,triangle,1395,730,20892,confirmed,0.867
383,9,circle,1469,477,32706,confirmed,1.0
384,1,pentagon,1647,282,37730,confirmed,1.0
384,3,rectangle,1551,281,22442,coasting,1.0
384,6,trapezoid,760,808,27155,confirmed,0.522
384,7,triangle,1407,718,20814,confirmed,0.867
384,9,circle,1461,501,32662,confirmed,1.0
385,1,pentagon,1673,283,37401,confirmed,1.0
385,3,rectangle,1555,279,22442,coasting,1.0
385,6,trapezoid,773,751,27301,confirmed,0.522
385,7,triangle,1419,711,19644,confirmed,0.844
385,9,circle,1455,525,32667,confirmed,1.0
386,1,pentagon,1698,288,36588,confirmed,1.0
386,3,rectangle,1560,277,22442,coasting,1.0
386,6,trapezoid,784,694,27489,confirmed,0.522
386,7,triangle,1431,705,16771,confirmed,0.844
386,9,circle,1449,550,32693,confirmed,1.0
387,1,pentagon,1726,289,38174,confirmed,1.0
387,3,rectangle,1563,275,22442,coasting,1.0
387,6,trapezoid,794,638,27869,confirmed,0.522
387,7,triangle,1444,697,16771,coasting,0.844
387,9,circle,1443,574,32649,confirmed,1.0
388,1,pentagon,1756,290,37915,confirmed,1.0
388,3,rectangle,1567,273,22442,coasting,1.0
388,6,trapezoid,805,589,27324,confirmed,0.522
388,7,triangle,1455,690,16771,coasting,0.844
388,9,circle,1438,599,32715,confirmed,1.0
389,1,pentagon,1786,294,37818,confirmed,1.0
389,3,rectangle,1570,271,22442,coasting,1.0
389,6,trapezoid,816,545,27643,confirmed,0.522
389,7,triangle,1465,683,16771,coasting,0.844
389,9,circle,1433,624,32702,confirmed,1.0
390,1,pentagon,1813,302,36541,confirmed,1.0
390,3,rectangle,1573,270,22442,coasting,1.0
390,6,trapezoid,824,506,28685,confirmed,0.522
390,7,triangle,1474,677,16771,coasting,0.844
390,9,circle,1428,648,32696,confirmed,1.0
391,1,pentagon,1836,309,40171,confirmed,1.0
391,3,rectangle,1575,268,22442,coasting,1.0
391,6,trapezoid,833,468,27465,confirmed,0.522
391,7,triangle,1482,672,16771,coasting,0.844
391,9,circle,1422,673,32693,confirmed,1.0
392,1,pentagon,1854,316,38021,confirmed,1.0
392,3,rectangle,1578,267,22442,coasting,1.0
392,6,trapezoid,843,432,27411,confirmed,0.522
392,7,triangle,1489,668,16771,coasting,0.844
392,9,circle,1441,695,32651,confirmed,1.0
393,1,pentagon,1866,325,35851,confirmed,1.0
393,3,rectangle,1580,266,22442,coasting,1.0
393,6,trapezoid,853,396,27614,confirmed,0.522
393,7,triangle,1495,663,16771,coasting,0.844
393,9,circle,1466,715,32678,confirmed,1.0
394,1,pentagon,1873,336,32878,confirmed,1.0
394,6,trapezoid,864,361,27710,confirmed,0.522
394,7,triangle,1501,660,16771,coasting,0.844
394,9,circle,1496,734,32687,confirmed,1.0
395,1,pentagon,1878,359,23526,confirmed,1.0
395,6,trapezoid,875,328,22967,confirmed,0.522
395,7,triangle,1506,656,16771,coasting,0.844
395,9,circle,1538,741,32676,confirmed,1.0
396,1,pentagon,1880,385,21203,confirmed,1.0
396,6,trapezoid,887,292,28070,confirmed,0.522
396,7,triangle,1533,586,20750,confirmed,0.844
396,9,circle,1584,741,32701,confirmed,1.0
397,1,pentagon,1880,411,18984,confirmed,1.0
397,6,trapezoid,897,255,23953,confirmed,0.522
397,7,triangle,1547,555,20994,confirmed,0.844
397,9,circle,1629,737,32689,confirmed,1.0
398,1,pentagon,1881,436,16818,confirmed,1.0
398,6,trapezoid,908,217,24129,confirmed,0.522
398,7,triangle,1556,538,20903,confirmed,0.844
398,9,circle,1671,728,32661,confirmed,1.0
399,1,pentagon,1882,459,14621,confirmed,1.0
399,6,trapezoid,920,179,27876,confirmed,0.522
399,7,triangle,1563,525,20846,confirmed,0.844
399,9,circle,1710,714,32668,confirmed,1.0
400,1,pentagon,1884,481,12902,confirmed,1.0
400,6,trapezoid,933,142,27109,confirmed,0.522
400,7,triangle,1571,512,20932,confirmed,0.844
400,9,circle,1744,697,32664,confirmed,1.0
401,1,pentagon,1886,500,11261,confirmed,1.0
401,6,trapezoid,946,104,23397,confirmed,0.522
401,7,triangle,1578,499,20906,confirmed,0.844
401,9,circle,1775,678,32720,confirmed,1.0
402,1,pentagon,1889,519,9632,confirmed,1.0
402,6,trapezoid,957,89,28224,confirmed,0.522
402,7,triangle,1586,486,20846,confirmed,0.844
402,9,circle,1803,660,32619,confirmed,1.0
403,1,pentagon,1892,538,9632,coasting,1.0
403,6,trapezoid,965,98,20953,confirmed,0.522
403,7,triangle,1595,473,20838,confirmed,0.844
403,9,circle,1830,643,29635,confirmed,1.0
404,1,pentagon,1894,556,9632,coasting,1.0
404,6,trapezoid,969,132,24208,confirmed,0.522
404,7,triangle,1603,458,20830,confirmed,0.867
404,9,circle,1851,626,23870,confirmed,1.0
405,1,pentagon,1896,572,9632,coasting,1.0
405,6,trapezoid,965,228,22402,confirmed,0.5
405,7,triangle,1611,445,20886,confirmed,0.889
405,9,circle,1876,610,23870,coasting,1.0
406,1,pentagon,1898,586,9632,coasting,1.0
406,6,trapezoid,965,283,23692,confirmed,0.5
406,7,triangle,1619,430,20839,confirmed,0.911
406,9,circle,1899,595,23870,coasting,1.0
407,1,pentagon,1899,599,9632,coasting,1.0
407,6,trapezoid,966,333,23450,confirmed,0.5
407,7,triangle,1627,416,20908,confirmed,0.933
407,9,circle,1919,581,23870,coasting,1.0
408,1,pentagon,1901,611,9632,coasting,1.0
408,6,trapezoid,964,377,28682,confirmed,0.5
408,7,triangle,1630,402,20979,confirmed,0.956
408,9,circle,1918,552,10219,confirmed,1.0
409,1,pentagon,1902,621,9632,coasting,1.0
409,6,trapezoid,964,413,22363,confirmed,0.5
409,7,triangle,1631,386,20880,confirmed,0.978
409,9,circle,1912,522,10601,confirmed,1.0
410,1,pentagon,1903,631,9632,coasting,1.0
410,6,trapezoid,965,449,27683,confirmed,0.5
410,7,triangle,1632,372,20982,confirmed,0.978
410,9,circle,1906,493,9871,confirmed,1.0
411,1,pentagon,1905,639,9632,coasting,1.0
411,6,trapezoid,968,482,28196,confirmed,0.5
411,7,triangle,1630,356,20898,confirmed,0.978
411,9,circle,1900,464,8736,confirmed,1.0
412,1,pentagon,1905,647,9632,coasting,1.0
412,6,trapezoid,972,517,28411,confirmed,0.5
412,7,triangle,1620,342,20894,confirmed,0.978
412,9,circle,1895,436,7713,confirmed,1.0
413,1,pentagon,1906,653,9632,coasting,1.0
413,6,trapezoid,975,552,27088,confirmed,0.5
413,7,triangle,1605,329,20881,confirmed,0.978
413,9,circle,1891,408,7713,coasting,1.0
414,1,pentagon,1907,660,9632,coasting,1.0
414,6,trapezoid,980,588,27208,confirmed,0.5
414,7,triangle,1585,319,20963,confirmed,0.978
414,9,circle,1887,383,7713,coasting,1.0
415,1,pentagon,1908,665,9632,coasting,1.0
415,6,trapezoid,985,626,27462,confirmed,0.5
415,7,triangle,1563,309,20870,confirmed,0.978
415,9,circle,1883,360,7713,coasting,1.0
416,1,pentagon,1908,670,9632,coasting,1.0
416,6,trapezoid,989,663,28038,confirmed,0.5
416,7,triangle,1539,301,20955,confirmed,0.978
416,9,circle,1885,339,7640,confirmed,1.0
417,1,pentagon,1909,675,9632,coasting,1.0
417,6,trapezoid,993,700,23440,confirmed,0.5
417,7,triangle,1515,294,20873,confirmed,0.978
417,9,circle,1887,316,9065,confirmed,1.0
418,1,pentagon,1901,722,12548,confirmed,1.0
418,6,trapezoid,997,740,28659,confirmed,0.5
418,7,triangle,1490,287,20720,confirmed,0.978
418,9,circle,1888,292,11106,confirmed,1.0
419,1,pentagon,1889,770,18671,confirmed,1.0
419,6,trapezoid,1000,779,23336,confirmed,0.5
419,7,triangle,1464,281,20765,confirmed,0.978
419,9,circle,1886,267,14286,confirmed,1.0
420,1,pentagon,1873,812,24999,confirmed,1.0
420,6,trapezoid,1002,815,23539,confirmed,0.48
420,7,triangle,1437,276,20997,confirmed,0.978
420,9,circle,1881,244,18221,confirmed,1.0
421,1,pentagon,1855,845,30644,confirmed,1.0
421,6,trapezoid,1006,853,28536,confirmed,0.48
421,7,triangle,1411,270,20911,confirmed,0.978
421,9,circle,1872,220,22749,confirmed,1.0
422,1,pentagon,1835,868,35443,confirmed,1.0
422,6,trapezoid,1011,868,27492,confirmed,0.48
422,7,triangle,1384,266,20971,confirmed,0.978
422,9,circle,1860,198,27484,confirmed,1.0
423,1,pentagon,1801,862,36512,confirmed,1.0
423,6,trapezoid,1025,806,23706,confirmed,0.462
423,7,triangle,1357,261,20762,confirmed,0.978
423,9,circle,1844,177,31508,confirmed,1.0
424,1,pentagon,1765,863,36664,confirmed,1.0
424,6,trapezoid,1034,773,24469,confirmed,0.462
424,7,triangle,1330,257,20772,confirmed,0.978
424,9,circle,1811,162,32701,confirmed,1.0
425,1,pentagon,1729,866,36528,confirmed,1.0
425,6,trapezoid,1046,721,22398,confirmed,0.444
425,7,triangle,1302,252,20866,confirmed,0.978
425,9,circle,1779,144,32661,confirmed,1.0
426,1,pentagon,1694,868,36562,confirmed,1.0
426,6,trapezoid,1055,680,27338,confirmed,0.444
426,7,triangle,1275,249,20840,confirmed,0.978
426,9,circle,1749,125,32688,confirmed,1.0
427,1,pentagon,1657,871,36443,confirmed,1.0
427,6,trapezoid,1066,638,22746,confirmed,0.444
427,7,triangle,1247,245,20819,confirmed,0.978
427,9,circle,1720,106,32793,confirmed,1.0
428,1,pentagon,1621,875,36549,confirmed,1.0
428,6,trapezoid,1077,599,27839,confirmed,0.444
428,7,triangle,1219,242,20972,confirmed,0.978
428,9,circle,1690,89,31564,confirmed,1.0
429,1,pentagon,1585,878,36574,confirmed,1.0
429,6,trapezoid,1090,561,27774,confirmed,0.444
429,7,triangle,1191,244,20827,confirmed,0.978
429,9,circle,1659,75,29412,confirmed,1.0
430,1,pentagon,1550,878,36482,confirmed,1.0
430,6,trapezoid,1103,523,27320,confirmed,0.444
430,7,triangle,1163,250,20799,confirmed,0.978
430,9,circle,1626,64,27177,confirmed,1.0
431,1,pentagon,1515,873,36672,confirmed,1.0
431,6,trapezoid,1115,485,20997,confirmed,0.444
431,7,triangle,1135,254,20696,confirmed,0.978
431,9,circle,1589,56,25177,confirmed,1.0
432,1,pentagon,1479,867,36632,confirmed,1.0
432,6,trapezoid,1128,445,23219,confirmed,0.444
432,7,triangle,1107,260,20939,confirmed,0.978
432,9,circle,1550,51,23341,confirmed,1.0
432,10,rectangle,1887,801,15674,confirmed,0.0
433,1,pentagon,1444,861,36647,confirmed,1.0
433,6,trapezoid,1141,407,28618,confirmed,0.444
433,7,triangle,1079,266,20973,confirmed,0.978
433,9,circle,1508,48,21526,confirmed,1.0
433,10,rectangle,1881,813,18660,confirmed,0.0
434,1,pentagon,1409,853,36515,confirmed,1.0
434,6,trapezoid,1153,371,27144,confirmed,0.444
434,7,triangle,1049,269,17886,confirmed,0.978
434,9,circle,1465,46,20341,confirmed,1.0
434,10,rectangle,1873,829,21897,confirmed,0.0
435,1,pentagon,1376,843,36580,confirmed,1.0
435,6,trapezoid,1164,334,24306,confirmed,0.444
435,7,triangle,1015,273,17611,confirmed,0.956
435,9,circle,1421,48,21580,confirmed,1.0
435,10,rectangle,1863,844,25729,confirmed,0.0
436,1,pentagon,1348,829,36551,confirmed,1.0
436,6,trapezoid,1176,300,23146,confirmed,0.429
436,7,triangle,994,283,19350,confirmed,0.933
436,9,circle,1378,52,23690,confirmed,1.0
436,10,rectangle,1852,859,29773,confirmed,0.0
437,1,pentagon,1323,813,36587,confirmed,1.0
437,6,trapezoid,1187,264,22359,confirmed,0.429
437,7,triangle,977,298,20937,confirmed,0.933
437,9,circle,1338,60,26710,confirmed,1.0
437,10,rectangle,1829,872,30023,confirmed,1.0
438,1,pentagon,1302,795,36540,confirmed,1.0
438,6,trapezoid,1199,226,23557,confirmed,0.429
438,7,triangle,958,311,20854,confirmed,0.933
438,9,circle,1302,70,29114,confirmed,1.0
438,10,rectangle,1802,879,29788,confirmed,1.0
439,1,pentagon,1284,777,36588,confirmed,1.0
439,6,trapezoid,1208,190,28042,confirmed,0.429
439,7,triangle,941,326,20914,confirmed,0.933
439,9,circle,1274,77,24565,confirmed,1.0
439,10,rectangle,1777,886,29805,confirmed,1.0
440,1,pentagon,1266,758,36522,confirmed,1.0
440,6,trapezoid,1218,154,19054,confirmed,0.429
440,7,triangle,926,341,20844,confirmed,0.933
440,9,circle,1241,84,24565,coasting,1.0
440,10,rectangle,1749,887,29973,confirmed,1.0
441,1,pentagon,1249,738,36578,confirmed,1.0
441,6,trapezoid,1230,142,20802,confirmed,0.429
441,7,triangle,915,357,20905,confirmed,0.956
441,9,circle,1211,90,24565,coasting,1.0
441,10,rectangle,1721,886,29784,confirmed,1.0
442,1,pentagon,1233,719,36582,confirmed,1.0
442,6,trapezoid,1240,154,21989,confirmed,0.429
442,7,triangle,907,373,20822,confirmed,0.956
442,9,circle,1184,96,24565,coasting,1.0
442,10,rectangle,1696,877,29872,confirmed,1.0
443,1,pentagon,1218,699,36555,confirmed,1.0
443,6,trapezoid,1247,186,23165,confirmed,0.429
443,7,triangle,902,390,20925,confirmed,0.956
443,9,circle,1170,121,20078,confirmed,1.0
443,10,rectangle,1675,865,29741,confirmed,1.0
444,1,pentagon,1207,678,36600,confirmed,1.0
444,6,trapezoid,1253,232,22963,confirmed,0.429
444,7,triangle,897,406,20837,confirmed,0.956
444,9,circle,1160,155,24102,confirmed,1.0
444,10,rectangle,1657,852,29836,confirmed,1.0
445,1,pentagon,1197,657,36532,confirmed,1.0
445,6,trapezoid,1256,286,23209,confirmed,0.429
445,7,triangle,893,424,20924,confirmed,0.956
445,9,circle,1151,193,27505,confirmed,1.0
445,10,rectangle,1641,839,29953,confirmed,1.0
446,1,pentagon,1188,636,36617,confirmed,1.0
446,6,trapezoid,1259,344,29207,confirmed,0.429
446,7,triangle,890,441,20783,confirmed,0.956
446,9,circle,1141,231,30269,confirmed,1.0
446,10,rectangle,1626,825,29959,confirmed,1.0
447,1,pentagon,1179,615,36512,confirmed,1.0
447,6,trapezoid,1262,398,23604,confirmed,0.429
447,7,triangle,887,458,20814,confirmed,0.956
447,9,circle,1136,268,31710,confirmed,1.0
447,10,rectangle,1612,811,29984,confirmed,1.0
448,1,pentagon,1170,593,36513,confirmed,1.0
448,6,trapezoid,1266,447,22182,confirmed,0.429
448,7,triangle,884,476,21002,confirmed,0.956
448,9,circle,1137,296,32377,confirmed,1.0
448,10,rectangle,1600,795,29853,confirmed,1.0
449,1,pentagon,1158,572,36577,confirmed,1.0
449,6,trapezoid,1280,493,13575,confirmed,0.429
449,7,triangle,880,493,20796,confirmed,0.956
449,9,circle,1139,322,32693,confirmed,1.0
449,10,rectangle,1588,782,29839,confirmed,1.0
450,1,pentagon,1146,551,36523,confirmed,1.0
450,6,trapezoid,1289,541,13575,coasting,0.429
450,7,triangle,877,510,20786,confirmed,0.956
450,9,circle,1146,344,31906,confirmed,1.0
450,10,rectangle,1576,767,29964,confirmed,1.0
451,1,pentagon,1134,530,36604,confirmed,1.0
451,6,trapezoid,1304,577,23194,confirmed,0.429
451,7,triangle,873,528,20925,confirmed,0.956
451,9,circle,1156,366,28417,confirmed,1.0
451,10,rectangle,1564,751,29833,confirmed,1.0
452,1,pentagon,1122,509,36565,confirmed,1.0
452,6,trapezoid,1304,611,25555,confirmed,0.429
452,7,triangle,869,545,20742,confirmed,0.956
452,9,circle,1177,384,24999,confirmed,1.0
452,10,rectangle,1551,737,29919,confirmed,1.0
453,1,pentagon,1108,488,36606,confirmed,1.0
453,6,trapezoid,1298,644,24191,confirmed,0.429
453,7,triangle,865,562,20849,confirmed,0.956
453,9,circle,1209,400,27408,confirmed,1.0
453,10,rectangle,1541,722,29871,confirmed,1.0
454,1,pentagon,1093,467,36556,confirmed,1.0
454,6,trapezoid,1291,676,23699,confirmed,0.429
454,7,triangle,861,580,20882,confirmed,0.956
454,9,circle,1271,402,31764,confirmed,1.0
454,10,rectangle,1535,705,29819,confirmed,1.0
455,1,pentagon,1079,446,36617,confirmed,1.0
455,6,trapezoid,1286,710,28219,confirmed,0.429
455,7,triangle,857,598,20861,confirmed,0.956
455,9,circle,1320,397,32657,confirmed,1.0
455,10,rectangle,1531,688,29908,confirmed,1.0
456,1,pentagon,1062,426,36633,confirmed,1.0
456,6,trapezoid,1282,745,23470,confirmed,0.429
456,7,triangle,854,616,20915,confirmed,0.956
456,9,circle,1363,389,32663,confirmed,1.0
456,10,rectangle,1526,673,29906,confirmed,1.0
457,1,pentagon,1044,405,36505,confirmed,1.0
457,6,trapezoid,1278,782,23725,confirmed,0.429
457,7,triangle,848,634,20962,confirmed,0.956
457,9,circle,1398,374,32658,confirmed,1.0
457,10,rectangle,1523,656,29805,confirmed,1.0
458,1,pentagon,1025,385,36450,confirmed,1.0
458,6,trapezoid,1277,819,23246,confirmed,0.429
458,7,triangle,843,652,21016,confirmed,0.956
458,9,circle,1425,354,32678,confirmed,1.0
458,10,rectangle,1518,639,29830,confirmed,1.0
459,1,pentagon,1003,366,36550,confirmed,1.0
459,6,trapezoid,1277,857,24552,confirmed,0.429
459,7,triangle,837,669,20785,confirmed,0.956
459,9,circle,1448,332,32689,confirmed,1.0
459,10,rectangle,1515,622,29985,confirmed,1.0
460,1,pentagon,978,348,36589,confirmed,1.0
460,6,trapezoid,1279,888,27572,confirmed,0.429
460,7,triangle,831,686,20755,confirmed,0.956
460,9,circle,1462,308,32658,confirmed,1.0
460,10,rectangle,1513,605,29794,confirmed,1.0
461,1,pentagon,951,331,36513,confirmed,1.0
461,6,trapezoid,1294,854,21953,confirmed,0.414
461,7,triangle,823,704,20903,confirmed,0.956
461,9,circle,1465,282,32704,confirmed,1.0
461,10,rectangle,1511,588,29906,confirmed,1.0
462,1,pentagon,921,315,36596,confirmed,1.0
462,6,trapezoid,1305,834,24548,confirmed,0.414
462,7,triangle,815,722,20855,confirmed,0.956
462,9,circle,1462,257,32675,confirmed,1.0
462,10,rectangle,1509,572,29777,confirmed,1.0
463,1,pentagon,886,302,36492,confirmed,1.0
463,6,trapezoid,1317,801,24083,confirmed,0.414
463,7,triangle,805,740,20976,confirmed,0.956
463,9,circle,1452,232,32674,confirmed,1.0
463,10,rectangle,1505,554,29977,confirmed,1.0
464,1,pentagon,848,293,36545,confirmed,1.0
464,6,trapezoid,1329,760,23273,confirmed,0.414
464,7,triangle,794,757,20828,confirmed,0.956
464,9,circle,1440,208,32685,confirmed,1.0
464,10,rectangle,1499,538,29978,confirmed,1.0
465,1,pentagon,807,289,36607,confirmed,1.0
465,6,trapezoid,1342,712,23018,confirmed,0.414
465,7,triangle,780,774,21025,confirmed,0.956
465,9,circle,1423,185,32689,confirmed,1.0
465,10,rectangle,1491,521,29705,confirmed,1.0
466,1,pentagon,765,287,36586,confirmed,1.0
466,6,trapezoid,1356,664,20104,confirmed,0.414
466,7,triangle,762,789,20858,confirmed,0.956
466,9,circle,1405,162,32726,confirmed,1.0
466,10,rectangle,1483,502,28702,confirmed,0.967
467,1,pentagon,723,287,36642,confirmed,1.0
467,6,trapezoid,1369,620,20860,confirmed,0.414
467,7,triangle,742,804,20725,confirmed,0.956
467,9,circle,1385,140,32679,confirmed,1.0
467,10,rectangle,1475,484,26643,confirmed,0.967
468,1,pentagon,682,290,36543,confirmed,1.0
468,6,trapezoid,1380,576,27263,confirmed,0.414
468,7,triangle,715,814,20832,confirmed,0.956
468,9,circle,1364,118,32717,confirmed,1.0
468,10,rectangle,1467,465,23668,confirmed,0.967
469,1,pentagon,641,295,36643,confirmed,1.0
469,6,trapezoid,1385,536,20506,confirmed,0.4
469,7,triangle,690,810,21018,confirmed,0.956
469,9,circle,1342,97,32475,confirmed,1.0
469,10,rectangle,1459,446,23668,coasting,0.967
470,1,pentagon,602,304,36611,confirmed,1.0
470,6,trapezoid,1394,497,27198,confirmed,0.4
470,7,triangle,678,793,20959,confirmed,0.956
470,9,circle,1316,79,30626,confirmed,1.0
470,10,rectangle,1452,429,23668,coasting,0.967
471,1,pentagon,568,318,36610,confirmed,1.0
471,6,trapezoid,1403,459,28575,confirmed,0.4
471,7,triangle,680,773,20781,confirmed,0.956
471,9,circle,1285,65,28531,confirmed,1.0
471,10,rectangle,1445,414,23668,coasting,0.967
472,1,pentagon,534,333,36641,confirmed,1.0
472,6,trapezoid,1415,422,27362,confirmed,0.4
472,7,triangle,686,752,20833,confirmed,0.956
472,9,circle,1249,56,26381,confirmed,1.0
472,10,rectangle,1439,400,23668,coasting,0.967
473,1,pentagon,501,348,36536,confirmed,1.0
473,6,trapezoid,1428,386,26424,confirmed,0.4
473,7,triangle,693,733,20966,confirmed,0.956
473,9,circle,1209,50,24081,confirmed,1.0
473,10,rectangle,1434,388,23668,coasting,0.967
474,1,pentagon,469,364,36598,confirmed,1.0
474,6,trapezoid,1440,349,27100,confirmed,0.4
474,7,triangle,701,713,20763,confirmed,0.956
474,9,circle,1168,47,22143,confirmed,1.0
474,10,rectangle,1429,377,23668,coasting,0.967
475,1,pentagon,436,380,36630,confirmed,1.0
475,6,trapezoid,1453,313,28093,confirmed,0.4
475,7,triangle,711,694,20795,confirmed,0.956
475,9,circle,1123,47,22561,confirmed,1.0
475,10,rectangle,1425,367,23668,coasting,0.967
476,1,pentagon,404,396,36645,confirmed,1.0
476,6,trapezoid,1463,275,23103,confirmed,0.4
476,7,triangle,722,677,20819,confirmed,0.956
476,9,circle,1077,50,23129,confirmed,1.0
476,10,rectangle,1387,358,25403,confirmed,0.967
477,1,pentagon,372,412,36636,confirmed,1.0
477,6,hexagon,1467,233,24268,confirmed,0.387
477,7,triangle,737,660,21002,confirmed,0.956
477,9,circle,1031,55,24972,confirmed,1.0
477,10,rectangle,1345,347,28089,confirmed,0.967
478,1,pentagon,345,430,36534,confirmed,1.0
478,6,hexagon,1472,196,21982,confirmed,0.387
478,7,triangle,754,643,20802,confirmed,0.956
478,9,circle,989,64,27600,confirmed,1.0
478,10,rectangle,1291,330,29738,confirmed,0.968
479,1,pentagon,322,451,36645,confirmed,1.0
479,6,hexagon,1478,160,27141,confirmed,0.387
479,7,triangle,774,628,20944,confirmed,0.956
479,9,circle,951,74,30229,confirmed,1.0
479,10,rectangle,1258,315,29784,confirmed,0.969
480,1,pentagon,306,474,36535,confirmed,1.0
480,6,hexagon,1482,151,30642,confirmed,0.387
480,7,triangle,798,613,20999,confirmed,0.978
480,9,circle,918,88,32242,confirmed,1.0
480,10,rectangle,1234,303,29794,confirmed,0.97
481,1,pentagon,297,497,36549,confirmed,1.0
481,6,hexagon,1484,169,28316,confirmed,0.387
481,7,triangle,824,600,20813,confirmed,1.0
481,9,circle,899,112,32664,confirmed,1.0
481,10,rectangle,1209,293,29849,confirmed,0.971
482,1,pentagon,291,522,36549,confirmed,1.0
482,6,hexagon,1480,256,23465,confirmed,0.375
482,7,triangle,851,587,20842,confirmed,1.0
482,9,circle,876,134,32679,confirmed,1.0
482,10,rectangle,1184,283,29814,confirmed,0.971
483,1,pentagon,287,547,36514,confirmed,1.0
483,6,hexagon,1481,303,24269,confirmed,0.375
483,7,triangle,879,576,20861,confirmed,1.0
483,9,circle,852,155,32702,confirmed,1.0
483,10,rectangle,1155,274,29967,confirmed,0.972
484,1,pentagon,286,572,36601,confirmed,1.0
484,6,hexagon,1483,349,29991,confirmed,0.375
484,7,triangle,908,565,20740,confirmed,1.0
484,9,circle,828,176,32697,confirmed,1.0
484,10,rectangle,1126,267,29843,confirmed,0.973
485,1,pentagon,284,597,36591,confirmed,1.0
485,6,hexagon,1486,390,24134,confirmed,0.394
485,7,triangle,937,554,20871,confirmed,1.0
485,9,circle,804,197,32687,confirmed,1.0
485,10,rectangle,1096,260,29724,confirmed,0.974
486,1,pentagon,286,622,36666,confirmed,1.0
486,6,hexagon,1489,428,23847,confirmed,0.412
486,7,triangle,967,544,20826,confirmed,1.0
486,9,circle,780,218,32679,confirmed,1.0
486,10,rectangle,1064,256,29756,confirmed,0.974
487,1,pentagon,287,647,36519,confirmed,1.0
487,6,hexagon,1488,467,23731,confirmed,0.4
487,7,triangle,997,534,20857,confirmed,1.0
487,9,circle,756,238,32680,confirmed,1.0
487,10,rectangle,1031,254,29721,confirmed,0.975
488,1,pentagon,291,671,36493,confirmed,1.0
488,6,hexagon,1490,507,27365,confirmed,0.4
488,7,triangle,1028,524,20953,confirmed,1.0
488,9,circle,732,259,32678,confirmed,1.0
488,10,rectangle,998,253,29835,confirmed,0.976
489,1,pentagon,297,696,36551,confirmed,1.0
489,6,hexagon,1494,548,27502,confirmed,0.4
489,7,triangle,1058,514,21012,confirmed,1.0
489,9,circle,712,281,32668,confirmed,1.0
489,10,rectangle,965,252,29972,confirmed,0.976
490,1,pentagon,305,721,36504,confirmed,1.0
490,6,hexagon,1500,588,27986,confirmed,0.4
490,7,triangle,1088,503,20742,confirmed,1.0
490,9,circle,701,305,32668,confirmed,1.0
490,10,rectangle,934,254,29967,confirmed,0.977
491,1,pentagon,315,746,36622,confirmed,1.0
491,6,hexagon,1506,626,27929,confirmed,0.4
491,7,triangle,1118,493,20871,confirmed,1.0
491,9,circle,691,330,32665,confirmed,1.0
491,10,rectangle,907,264,29943,confirmed,0.977
492,1,pentagon,329,770,36600,confirmed,1.0
492,6,hexagon,1513,663,24607,confirmed,0.4
492,7,triangle,1149,482,20849,confirmed,1.0
492,9,circle,684,354,32682,confirmed,1.0
492,10,rectangle,880,276,29841,confirmed,0.978
493,1,pentagon,345,793,36448,confirmed,1.0
493,6,hexagon,1520,700,27354,confirmed,0.4
493,7,triangle,1180,472,20934,confirmed,1.0
493,9,circle,681,379,32669,confirmed,1.0
493,10,rectangle,854,287,29881,confirmed,0.978
494,1,pentagon,366,816,36618,confirmed,1.0
494,6,hexagon,1526,735,24067,confirmed,0.4
494,7,triangle,1210,461,20727,confirmed,1.0
494,9,circle,687,404,32642,confirmed,1.0
494,10,rectangle,834,297,28054,confirmed,0.956
495,1,pentagon,392,838,36568,confirmed,1.0
495,6,hexagon,1533,770,23754,confirmed,0.4
495,7,triangle,1243,452,20842,confirmed,1.0
495,9,circle,701,427,32653,confirmed,1.0
495,10,rectangle,812,307,25453,confirmed,0.956
496,1,pentagon,423,856,36560,confirmed,1.0
496,6,hexagon,1539,806,23799,confirmed,0.4
496,7,triangle,1275,443,20739,confirmed,1.0
496,9,circle,725,448,32687,confirmed,1.0
496,10,rectangle,793,317,21663,confirmed,0.956
497,1,pentagon,464,866,36523,confirmed,1.0
497,6,hexagon,1544,842,23939,confirmed,0.4
497,7,triangle,1307,434,20808,confirmed,1.0
497,9,circle,759,464,32733,confirmed,1.0
497,10,rectangle,772,321,17220,confirmed,0.956
498,1,pentagon,511,865,36581,confirmed,1.0
498,6,hexagon,1551,879,23325,confirmed,0.4
498,7,triangle,1340,425,20748,confirmed,1.0
498,9,circle,802,473,32680,confirmed,1.0
498,10,rectangle,752,331,18105,confirmed,0.956
499,1,pentagon,555,856,36588,confirmed,1.0
499,6,hexagon,1557,908,23699,confirmed,0.4
499,7,triangle,1373,417,20834,confirmed,1.0
499,9,circle,847,476,32673,confirmed,1.0
499,10,rectangle,733,350,24070,confirmed,0.956
500,1,pentagon,598,844,36514,confirmed,1.0
500,6,hexagon,1565,910,20670,confirmed,0.4
500,7,triangle,1407,409,20749,confirmed,1.0
500,9,circle,893,475,32674,confirmed,1.0
500,10,rectangle,727,392,29273,confirmed,0.956
501,1,pentagon,639,831,36502,confirmed,1.0
501,6,hexagon,1574,890,23240,confirmed,0.4
501,7,triangle,1441,402,21011,confirmed,1.0
501,9,circle,934,471,32688,confirmed,1.0
501,10,rectangle,718,418,29920,confirmed,0.956
502,1,pentagon,679,816,36535,confirmed,1.0
502,6,hexagon,1590,802,23780,confirmed,0.417
502,7,triangle,1475,394,20941,confirmed,1.0
502,9,circle,970,457,32687,confirmed,1.0
502,10,rectangle,708,439,29948,confirmed,0.956
503,1,pentagon,713,798,36531,confirmed,1.0
503,6,hexagon,1602,754,23532,confirmed,0.417
503,7,triangle,1509,386,20903,confirmed,1.0
503,9,circle,1003,439,32676,confirmed,1.0
503,10,rectangle,698,456,29939,confirmed,0.956
504,1,pentagon,745,778,36468,confirmed,1.0
504,6,hexagon,1614,707,21697,confirmed,0.417
504,7,triangle,1544,379,20690,confirmed,1.0
504,9,circle,1033,421,32661,confirmed,1.0
504,10,rectangle,688,475,29773,confirmed,0.956
505,1,pentagon,773,758,36574,confirmed,1.0
505,6,hexagon,1625,665,27595,confirmed,0.417
505,7,triangle,1579,372,20809,confirmed,1.0
505,9,circle,1053,398,32699,confirmed,1.0
505,10,rectangle,679,492,29921,confirmed,0.956
506,1,pentagon,802,737,36565,confirmed,1.0
506,6,hexagon,1638,625,27511,confirmed,0.417
506,7,triangle,1614,366,20992,confirmed,1.0
506,9,circle,1065,373,32685,confirmed,1.0
506,10,rectangle,670,510,29989,confirmed,0.956
507,1,pentagon,830,715,36509,confirmed,1.0
507,6,hexagon,1649,585,23275,confirmed,0.417
507,7,triangle,1650,358,20858,confirmed,1.0
507,9,circle,1070,349,32672,confirmed,1.0
507,10,rectangle,661,529,29840,confirmed,0.956
508,1,pentagon,858,694,36617,confirmed,1.0
508,6,hexagon,1661,548,21772,confirmed,0.417
508,7,triangle,1685,352,20988,confirmed,1.0
508,9,circle,1070,323,32681,confirmed,1.0
508,10,rectangle,651,549,29956,confirmed,0.956
509,1,pentagon,885,672,36613,confirmed,1.0
509,6,hexagon,1673,510,21772,coasting,0.417
509,7,triangle,1720,344,20983,confirmed,1.0
509,9,circle,1067,298,32677,confirmed,1.0
509,10,rectangle,641,568,29841,confirmed,0.956
510,1,pentagon,913,651,36542,confirmed,1.0
510,6,hexagon,1684,477,27477,confirmed,0.417
510,7,triangle,1754,335,20838,confirmed,1.0
510,9,circle,1062,273,32671,confirmed,1.0
510,10,rectangle,631,586,29961,confirmed,0.956
511,1,pentagon,941,629,36554,confirmed,1.0
511,6,hexagon,1694,444,26815,confirmed,0.417
511,7,triangle,1790,326,19147,confirmed,1.0
511,9,circle,1053,249,32716,confirmed,1.0
511,10,rectangle,621,606,29840,confirmed,0.956
512,1,pentagon,969,607,36543,confirmed,1.0
512,6,hexagon,1705,411,27273,confirmed,0.417
512,7,triangle,1828,315,17832,confirmed,1.0
512,9,circle,1041,225,32665,confirmed,1.0
512,10,rectangle,611,625,29937,confirmed,0.956
513,1,pentagon,997,585,36521,confirmed,1.0
513,6,hexagon,1713,376,28140,confirmed,0.417
513,7,triangle,1863,302,16580,confirmed,1.0
513,9,circle,1027,201,32669,confirmed,1.0
513,10,rectangle,601,644,29842,confirmed,0.956
514,1,pentagon,1024,563,36539,confirmed,1.0
514,6,hexagon,1722,340,28158,confirmed,0.417
514,7,triangle,1889,287,14780,confirmed,1.0
514,9,circle,1010,178,32703,confirmed,1.0
514,10,rectangle,590,662,29958,confirmed,0.956
515,1,pentagon,1051,541,36541,confirmed,1.0
515,6,hexagon,1730,301,27264,confirmed,0.417
515,7,triangle,1907,270,11876,confirmed,1.0
515,9,circle,990,156,32738,confirmed,1.0
515,10,rectangle,579,681,29841,confirmed,0.956
516,1,pentagon,1079,518,36566,confirmed,1.0
516,6,hexagon,1739,262,28036,confirmed,0.417
516,7,triangle,1917,254,8958,confirmed,1.0
516,9,circle,966,135,32688,confirmed,1.0
516,10,rectangle,568,700,29906,confirmed,0.956
517,1,pentagon,1106,496,36654,confirmed,1.0
517,6,hexagon,1749,223,24189,confirmed,0.417
517,7,triangle,1920,236,7088,confirmed,1.0
517,9,circle,937,116,32673,confirmed,1.0
517,10,rectangle,555,718,29967,confirmed,0.956
518,1,pentagon,1134,473,36489,confirmed,1.0
518,6,hexagon,1753,244,23461,confirmed,0.405
518,7,triangle,1916,218,7668,confirmed,1.0
518,9,circle,908,98,32674,confirmed,1.0
518,10,rectangle,540,736,29967,confirmed,0.956
519,1,pentagon,1161,451,36602,confirmed,1.0
519,6,hexagon,1757,258,27533,confirmed,0.405
519,7,triangle,1909,198,8620,confirmed,1.0
519,9,circle,873,85,32020,confirmed,1.0
519,10,rectangle,522,754,29974,confirmed,0.956
520,1,pentagon,1189,428,36593,confirmed,1.0
520,6,hexagon,1759,287,23681,confirmed,0.405
520,7,triangle,1898,176,9920,confirmed,1.0
520,9,circle,833,77,31803,confirmed,1.0
520,10,rectangle,503,772,29828,confirmed,0.956
521,1,pentagon,1218,406,36609,confirmed,1.0
521,6,hexagon,1761,328,27846,confirmed,0.405
521,7,triangle,1888,152,11643,confirmed,1.0
521,9,circle,788,75,31793,confirmed,1.0
521,10,rectangle,483,789,29946,confirmed,0.956
522,1,pentagon,1248,384,36584,confirmed,1.0
522,6,hexagon,1761,377,23262,confirmed,0.405
522,7,triangle,1879,126,13658,confirmed,1.0
522,9,circle,741,77,32078,confirmed,1.0
522,10,rectangle,462,806,29849,confirmed,0.956
523,1,pentagon,1279,363,36526,confirmed,1.0
523,6,hexagon,1761,428,28482,confirmed,0.405
523,7,triangle,1870,101,15386,confirmed,1.0
523,9,circle,696,86,32781,confirmed,1.0
523,10,rectangle,440,821,29805,confirmed,0.956
524,1,pentagon,1311,341,36471,confirmed,1.0
524,6,hexagon,1764,480,31102,confirmed,0.405
524,7,triangle,1861,80,16774,confirmed,1.0
524,9,circle,654,115,32656,confirmed,1.0
524,10,rectangle,418,839,29929,confirmed,0.956
525,1,pentagon,1346,322,36521,confirmed,1.0
525,6,hexagon,1765,528,27480,confirmed,0.405
525,7,triangle,1850,62,19154,confirmed,1.0
525,9,circle,618,135,32664,confirmed,1.0
525,10,rectangle,395,854,29841,confirmed,0.956
526,1,pentagon,1389,308,36671,confirmed,1.0
526,6,hexagon,1764,574,27229,confirmed,0.405
526,7,triangle,1840,42,19154,coasting,1.0
526,9,circle,583,151,32694,confirmed,1.0
526,10,rectangle,369,868,29858,confirmed,0.956
527,1,pentagon,1437,301,36544,confirmed,1.0
527,6,hexagon,1763,616,27187,confirmed,0.405
527,7,triangle,1813,39,17381,confirmed,1.0
527,9,circle,550,168,32676,confirmed,1.0
527,10,rectangle,340,881,29928,confirmed,0.978
528,1,pentagon,1486,303,36658,confirmed,1.0
528,6,hexagon,1770,654,32702,confirmed,0.405
528,7,triangle,1777,42,17910,confirmed,1.0
528,9,circle,520,186,32688,confirmed,1.0
528,10,rectangle,309,892,29799,confirmed,0.978
529,1,pentagon,1532,314,36598,confirmed,1.0
529,6,hexagon,1770,690,23956,confirmed,0.405
529,7,triangle,1738,54,19098,confirmed,1.0
529,9,circle,492,205,32701,confirmed,1.0
529,10,rectangle,277,903,29825,confirmed,0.978
530,1,pentagon,1577,327,36562,confirmed,1.0
530,6,hexagon,1771,726,27502,confirmed,0.405
530,7,triangle,1703,71,20154,confirmed,1.0
530,9,circle,467,225,32669,confirmed,1.0
530,10,rectangle,243,911,29844,confirmed,0.978
531,1,pentagon,1622,342,36598,confirmed,1.0
531,6,hexagon,1770,761,28030,confirmed,0.405
531,7,triangle,1671,92,20512,confirmed,1.0
531,9,circle,445,246,32685,confirmed,1.0
531,10,rectangle,208,918,29931,confirmed,0.978
532,1,pentagon,1665,356,36535,confirmed,1.0
532,6,hexagon,1768,796,23491,confirmed,0.405
532,7,triangle,1655,126,20782,confirmed,1.0
532,9,circle,427,269,32682,confirmed,1.0
532,10,rectangle,171,920,29766,confirmed,0.978
533,1,pentagon,1709,371,36478,confirmed,1.0
533,6,hexagon,1767,832,27408,confirmed,0.405
533,7,triangle,1640,152,20940,confirmed,1.0
533,9,circle,416,293,32693,confirmed,1.0
533,10,rectangle,136,917,29805,confirmed,0.978
534,1,pentagon,1750,388,36613,confirmed,1.0
534,6,hexagon,1764,871,28111,confirmed,0.405
534,7,triangle,1630,175,21020,confirmed,1.0
534,9,circle,408,318,32691,confirmed,1.0
534,10,rectangle,120,900,29807,confirmed,0.978
535,1,pentagon,1786,408,36562,confirmed,1.0
535,6,hexagon,1764,896,27675,confirmed,0.405
535,7,triangle,1621,197,20976,confirmed,1.0
535,9,circle,401,343,32681,confirmed,1.0
535,10,rectangle,118,878,29943,confirmed,0.978
536,1,pentagon,1820,429,36612,confirmed,1.0
536,6,hexagon,1766,894,22488,confirmed,0.405
536,7,triangle,1622,218,20871,confirmed,1.0
536,9,circle,395,367,32691,confirmed,1.0
536,10,rectangle,121,856,29879,confirmed,0.978
537,1,pentagon,1847,452,35097,confirmed,1.0
537,6,hexagon,1773,869,27877,confirmed,0.405
537,7,triangle,1627,240,20883,confirmed,1.0
537,9,circle,404,391,32664,confirmed,1.0
537,10,rectangle,124,833,29925,confirmed,0.978
538,1,pentagon,1862,479,34158,confirmed,1.0
538,6,hexagon,1781,826,28617,confirmed,0.405
538,7,triangle,1638,262,20904,confirmed,1.0
538,9,circle,416,415,32678,confirmed,1.0
538,10,rectangle,126,810,30004,confirmed,0.978
539,1,pentagon,1868,508,33515,confirmed,1.0
539,6,hexagon,1794,775,28189,confirmed,0.405
539,7,triangle,1650,284,20835,confirmed,1.0
539,9,circle,433,438,32673,confirmed,1.0
539,10,rectangle,128,790,29789,confirmed,0.978
540,1,pentagon,1867,539,32692,confirmed,1.0
540,6,hexagon,1805,725,16416,confirmed,0.405
540,7,triangle,1664,306,20923,confirmed,1.0
540,9,circle,464,456,32657,confirmed,1.0
540,10,rectangle,129,768,29945,confirmed,0.978
541,1,pentagon,1861,570,32180,confirmed,1.0
541,6,hexagon,1815,681,16416,coasting,0.405
541,7,triangle,1679,328,21009,confirmed,1.0
541,9,circle,504,468,32670,confirmed,1.0
541,10,rectangle,130,747,29923,confirmed,0.978
542,1,pentagon,1855,601,31426,confirmed,1.0
542,6,hexagon,1824,641,16416,coasting,0.405
542,7,triangle,1698,348,20860,confirmed,1.0
542,9,circle,549,469,32718,confirmed,1.0
542,10,rectangle,132,725,29802,confirmed,0.978
543,1,pentagon,1849,632,30757,confirmed,1.0
543,6,hexagon,1832,606,16416,coasting,0.405
543,7,triangle,1718,368,20861,confirmed,1.0
543,9,circle,588,456,32685,confirmed,1.0
543,10,rectangle,133,704,29949,confirmed,0.978
544,1,pentagon,1844,662,30394,confirmed,1.0
544,6,hexagon,1833,553,19861,confirmed,0.405
544,7,triangle,1741,388,21031,confirmed,1.0
544,9,circle,621,437,32659,confirmed,1.0
544,10,rectangle,134,682,29925,confirmed,1.0
545,1,pentagon,1842,691,30045,confirmed,1.0
545,6,hexagon,1837,506,21890,confirmed,0.405
545,7,triangle,1761,408,21031,coasting,1.0
545,9,circle,649,417,32712,confirmed,1.0
545,10,rectangle,135,661,29974,confirmed,1.0
546,1,pentagon,1841,721,30577,confirmed,1.0
546,6,hexagon,1842,460,20637,confirmed,0.405
546,7,triangle,1780,427,21031,coasting,1.0
546,9,circle,675,396,32703,confirmed,1.0
546,10,rectangle,136,639,29736,confirmed,1.0
547,1,pentagon,1839,750,31479,confirmed,1.0
547,6,hexagon,1842,422,26490,confirmed,0.405
547,7,triangle,1796,443,21031,coasting,1.0
547,9,circle,702,376,32670,confirmed,1.0
547,10,rectangle,138,617,29761,confirmed,1.0
548,1,pentagon,1836,779,33274,confirmed,1.0
548,6,hexagon,1847,381,18032,confirmed,0.405
548,7,triangle,1811,458,21031,coasting,1.0
548,9,circle,712,351,32699,confirmed,1.0
548,10,rectangle,139,596,29823,confirmed,1.0
549,1,pentagon,1831,808,35192,confirmed,1.0
549,6,hexagon,1853,342,17039,confirmed,0.405
549,7,triangle,1835,477,16491,confirmed,1.0
549,9,circle,716,327,32680,confirmed,1.0
549,10,rectangle,139,575,29977,confirmed,1.0
550,1,pentagon,1822,837,36470,confirmed,1.0
550,6,hexagon,1859,304,15816,confirmed,0.405
550,7,triangle,1859,493,15535,confirmed,1.0
550,9,circle,721,301,32675,confirmed,1.0
550,10,rectangle,138,552,29963,confirmed,1.0
551,1,pentagon,1789,860,36474,confirmed,1.0
551,6,hexagon,1864,267,14972,confirmed,0.405
551,7,triangle,1881,512,11490,confirmed,1.0
551,9,circle,724,276,32646,confirmed,1.0
551,10,rectangle,138,531,29951,confirmed,1.0
552,1,pentagon,1742,873,36548,confirmed,1.0
552,6,hexagon,1870,232,12873,confirmed,0.405
552,7,triangle,1902,530,11490,coasting,1.0
552,9,circle,726,252,32666,confirmed,1.0
552,10,rectangle,138,509,29947,confirmed,1.0
553,1,pentagon,1689,872,36538,confirmed,1.0
553,6,hexagon,1877,196,10971,confirmed,0.405
553,7,triangle,1921,546,11490,coasting,1.0
553,9,circle,724,227,32703,confirmed,1.0
553,10,rectangle,137,486,29901,confirmed,1.0
554,1,pentagon,1636,862,36462,confirmed,1.0
554,6,hexagon,1884,160,8531,confirmed,0.405
554,7,triangle,1939,560,11490,coasting,1.0
554,9,circle,715,203,32654,confirmed,1.0
554,10,rectangle,137,464,29919,confirmed,1.0
555,1,pentagon,1586,848,36488,confirmed,1.0
555,6,hexagon,1892,138,6658,confirmed,0.405
555,7,triangle,1954,573,11490,coasting,1.0
555,9,circle,705,178,32720,confirmed,1.0
555,10,rectangle,136,443,29999,confirmed,1.0
556,1,pentagon,1540,831,36538,confirmed,1.0
556,6,hexagon,1899,143,5354,confirmed,0.405
556,7,triangle,1968,585,11490,coasting,1.0
556,9,circle,694,154,32680,confirmed,1.0
556,10,rectangle,136,420,29832,confirmed,1.0
557,1,pentagon,1498,811,36458,confirmed,1.0
557,6,hexagon,1904,171,4060,confirmed,0.405
557,9,circle,679,131,32706,confirmed,1.0
557,10,rectangle,134,398,29856,confirmed,1.0
558,1,pentagon,1459,790,36567,confirmed,1.0
558,6,hexagon,1911,179,4060,coasting,0.405
558,9,circle,665,107,32752,confirmed,1.0
558,10,rectangle,133,376,29723,confirmed,1.0
559,1,pentagon,1422,768,36562,confirmed,1.0
559,6,hexagon,1916,186,4060,coasting,0.405
559,9,circle,646,86,31478,confirmed,1.0
559,10,rectangle,131,354,29843,confirmed,1.0
560,1,pentagon,1387,745,36640,confirmed,1.0
560,6,hexagon,1922,192,4060,coasting,0.405
560,9,circle,622,69,29020,confirmed,1.0
560,10,rectangle,130,330,29975,confirmed,1.0
561,1,pentagon,1355,720,36531,confirmed,1.0
561,6,hexagon,1926,198,4060,coasting,0.405
561,9,circle,592,57,26525,confirmed,1.0
561,10,rectangle,131,309,29966,confirmed,1.0
562,1,pentagon,1324,694,36576,confirmed,1.0
562,6,hexagon,1930,203,4060,coasting,0.405
562,9,circle,556,49,23993,confirmed,1.0
562,10,rectangle,133,286,29851,confirmed,1.0
563,1,pentagon,1293,669,36562,confirmed,1.0
563,6,hexagon,1934,208,4060,coasting,0.405
563,9,circle,516,43,21395,confirmed,1.0
563,10,rectangle,140,263,29702,confirmed,1.0
564,1,pentagon,1266,642,36561,confirmed,1.0
564,6,hexagon,1938,212,4060,coasting,0.405
564,9,circle,473,42,20989,confirmed,1.0
564,10,rectangle,152,242,29940,confirmed,1.0
565,1,pentagon,1239,615,36506,confirmed,1.0
565,6,hexagon,1941,216,4060,coasting,0.405
565,9,circle,427,44,21926,confirmed,1.0
565,10,rectangle,170,223,29940,confirmed,1.0
566,1,pentagon,1214,588,36574,confirmed,1.0
566,6,hexagon,1943,219,4060,coasting,0.405
566,9,circle,381,49,23711,confirmed,1.0
566,10,rectangle,195,204,29943,confirmed,1.0
567,1,pentagon,1192,560,36596,confirmed,1.0
567,6,hexagon,1946,222,4060,coasting,0.405
567,9,circle,339,59,26863,confirmed,1.0
567,10,rectangle,222,194,27570,confirmed,0.978
568,1,pentagon,1173,531,36565,confirmed,1.0
568,6,hexagon,1948,225,4060,coasting,0.405
568,9,circle,302,71,29803,confirmed,1.0
568,10,rectangle,247,190,21791,confirmed,0.978
569,1,pentagon,1156,501,36494,confirmed,1.0
569,6,hexagon,1950,228,4060,coasting,0.405
569,9,circle,272,85,32202,confirmed,1.0
569,10,rectangle,275,204,18046,confirmed,0.978
570,1,pentagon,1140,472,36655,confirmed,1.0
570,6,hexagon,1952,230,4060,coasting,0.405
570,9,circle,261,112,32684,confirmed,1.0
570,10,rectangle,306,225,19243,confirmed,0.978
570,11,trapezoid,1863,895,19327,confirmed,0.0
571,1,pentagon,1125,442,36607,confirmed,1.0
571,6,hexagon,1954,232,4060,coasting,0.405
571,9,circle,247,138,32692,confirmed,1.0
571,10,rectangle,337,245,23379,confirmed,0.978
571,11,triangle,1845,916,20849,confirmed,0.0
572,1,pentagon,1110,412,36652,confirmed,1.0
572,6,hexagon,1955,234,4060,coasting,0.405
572,9,circle,234,162,32710,confirmed,1.0
572,10,rectangle,365,266,26568,confirmed,0.978
572,11,triangle,1803,950,20747,confirmed,1.0
573,1,pentagon,1097,381,36490,confirmed,1.0
573,6,hexagon,1956,235,4060,coasting,0.405
573,9,circle,223,186,32689,confirmed,1.0
573,10,rectangle,380,291,28670,confirmed,0.956
573,11,triangle,1767,973,20801,confirmed,1.0
574,1,pentagon,1083,351,36573,confirmed,1.0
574,6,hexagon,1957,237,4060,coasting,0.405
574,9,circle,214,211,32670,confirmed,1.0
574,10,rectangle,388,312,29736,confirmed,0.956
574,11,triangle,1731,990,20878,confirmed,1.0
575,1,pentagon,1069,321,36510,confirmed,1.0
575,6,hexagon,1959,238,4060,coasting,0.405
575,9,circle,207,235,32662,confirmed,1.0
575,10,rectangle,397,334,29802,confirmed,0.956
575,11,triangle,1694,1004,21012,confirmed,1.0
576,1,pentagon,1055,290,36607,confirmed,1.0
576,6,hexagon,1959,239,4060,coasting,0.405
576,9,circle,200,260,32670,confirmed,1.0
576,10,rectangle,400,357,29955,confirmed,0.956
576,11,triangle,1657,1018,21515,confirmed,1.0
577,1,pentagon,1039,260,36598,confirmed,1.0
577,6,hexagon,1960,240,4060,coasting,0.405
577,9,circle,194,284,32685,confirmed,1.0
577,10,rectangle,399,380,29767,confirmed,0.956
577,11,triangle,1616,1007,20982,confirmed,1.0
578,1,pentagon,1020,230,36585,confirmed,1.0
578,9,circle,188,309,32685,confirmed,1.0
578,10,rectangle,396,404,29768,confirmed,0.956
578,11,triangle,1584,987,20879,confirmed,1.0
579,1,pentagon,998,201,36541,confirmed,1.0
579,9,circle,181,333,32695,confirmed,1.0
579,10,rectangle,395,426,29968,confirmed,0.956
579,11,triangle,1560,963,20784,confirmed,1.0
580,1,pentagon,971,173,36466,confirmed,1.0
580,9,circle,180,358,32663,confirmed,1.0
580,10,rectangle,393,449,29812,confirmed,0.956
580,11,triangle,1545,938,20992,confirmed,1.0
581,1,pentagon,934,149,36560,confirmed,1.0
581,9,circle,185,383,32647,confirmed,1.0
581,10,rectangle,391,473,29785,confirmed,0.956
581,11,triangle,1535,912,20789,confirmed,1.0
582,1,pentagon,881,140,36459,confirmed,1.0
582,9,circle,191,407,32659,confirmed,1.0
582,10,rectangle,389,497,29948,confirmed,0.956
582,11,triangle,1529,887,20915,confirmed,1.0
583,1,pentagon,823,145,36511,confirmed,1.0
583,9,circle,198,432,32669,confirmed,1.0
583,10,rectangle,387,520,29957,confirmed,0.956
583,11,triangle,1523,861,20857,confirmed,1.0
584,1,pentagon,766,154,36626,confirmed,1.0
584,9,circle,205,456,32673,confirmed,1.0
584,10,rectangle,384,544,29914,confirmed,0.956
584,11,triangle,1526,836,20914,confirmed,1.0
585,1,pentagon,709,163,36579,confirmed,1.0
585,9,circle,211,481,32660,confirmed,1.0
585,10,rectangle,382,568,29725,confirmed,0.956
585,11,triangle,1535,811,20792,confirmed,1.0
586,1,pentagon,652,172,36566,confirmed,1.0
586,9,circle,217,506,32688,confirmed,1.0
586,10,rectangle,381,590,29347,confirmed,0.956
586,11,triangle,1548,786,20898,confirmed,1.0
587,1,pentagon,598,184,36523,confirmed,1.0
587,9,circle,224,530,32666,confirmed,1.0
587,10,rectangle,381,615,28599,confirmed,0.933
587,11,triangle,1568,763,20917,confirmed,1.0
588,1,pentagon,549,199,36519,confirmed,1.0
588,9,circle,232,555,32681,confirmed,1.0
588,10,rectangle,380,639,27668,confirmed,0.933
588,11,triangle,1594,742,20888,confirmed,1.0
589,1,pentagon,502,218,36578,confirmed,1.0
589,9,circle,242,579,32675,confirmed,1.0
589,10,rectangle,380,663,26645,confirmed,0.933
589,11,triangle,1623,721,20913,confirmed,1.0
590,1,pentagon,458,240,36488,confirmed,1.0
590,9,circle,254,603,32688,confirmed,1.0
590,10,rectangle,381,689,25527,confirmed,0.933
590,11,triangle,1653,702,20785,confirmed,1.0
591,1,pentagon,418,264,36522,confirmed,1.0
591,9,circle,268,626,32681,confirmed,1.0
591,10,rectangle,385,714,24249,confirmed,0.933
591,11,triangle,1685,684,20847,confirmed,1.0
592,1,pentagon,380,288,36489,confirmed,1.0
592,9,circle,285,649,32680,confirmed,1.0
592,10,rectangle,390,740,23164,confirmed,0.933
592,11,triangle,1717,666,21029,confirmed,1.0
593,1,pentagon,342,313,36648,confirmed,1.0
593,9,circle,306,671,32703,confirmed,1.0
593,10,rectangle,400,766,22193,confirmed,0.933
593,11,triangle,1749,646,20943,confirmed,1.0
594,1,pentagon,304,338,36568,confirmed,1.0
594,9,circle,334,691,32655,confirmed,1.0
594,10,rectangle,415,792,20898,confirmed,0.933
594,11,triangle,1778,626,20802,confirmed,1.0
595,1,pentagon,272,365,36649,confirmed,1.0
595,9,circle,370,706,32658,confirmed,1.0
595,10,rectangle,425,817,20898,coasting,0.933
595,11,triangle,1807,606,20864,confirmed,1.0
596,1,pentagon,247,395,36647,confirmed,1.0
596,9,circle,411,714,32682,confirmed,1.0
596,10,rectangle,443,844,18226,confirmed,0.933
596,11,triangle,1836,586,20535,confirmed,1.0
597,1,pentagon,225,425,36595,confirmed,1.0
597,9,circle,455,719,32657,confirmed,1.0
597,10,rectangle,467,869,18884,confirmed,0.933
597,11,triangle,1861,563,18677,confirmed,1.0
598,1,pentagon,204,456,36548,confirmed,1.0
598,9,circle,497,722,32675,confirmed,1.0
598,10,rectangle,500,887,19617,confirmed,0.933
598,11,triangle,1881,540,15950,confirmed,1.0
599,1,pentagon,186,487,36605,confirmed,1.0
599,9,circle,536,713,32692,confirmed,1.0
599,10,rectangle,541,895,22081,confirmed,0.933
599,11,triangle,1895,516,12333,confirmed,1.0
600,1,pentagon,172,520,36570,confirmed,1.0
600,9,circle,575,699,32664,confirmed,1.0
600,10,rectangle,587,891,23563,confirmed,0.933
600,11,triangle,1905,496,8556,confirmed,1.0
601,1,pentagon,164,553,36482,confirmed,1.0
601,9,circle,605,680,32715,confirmed,1.0
601,10,rectangle,633,878,24483,confirmed,0.933
601,11,triangle,1919,474,8556,coasting,1.0
602,1,pentagon,161,586,36544,confirmed,1.0
602,9,circle,625,656,32675,confirmed,1.0
602,10,rectangle,676,856,25629,confirmed,0.933
602,11,triangle,1931,455,8556,coasting,1.0
603,1,pentagon,165,619,36432,confirmed,1.0
603,9,circle,635,632,32657,confirmed,1.0
603,10,rectangle,711,828,26331,confirmed,0.933
603,11,triangle,1943,437,8556,coasting,1.0
604,1,pentagon,177,652,36572,confirmed,1.0
604,9,circle,639,607,32680,confirmed,1.0
604,10,rectangle,736,796,27129,confirmed,0.933
604,11,triangle,1953,422,8556,coasting,1.0
605,1,pentagon,195,684,36588,confirmed,1.0
605,9,circle,637,582,32691,confirmed,1.0
605,10,rectangle,734,755,27846,confirmed,0.911
605,11,triangle,1962,407,8556,coasting,1.0
606,1,pentagon,217,715,36506,confirmed,1.0
606,9,circle,632,556,32661,confirmed,1.0
606,10,rectangle,738,724,28607,confirmed,0.889
606,11,triangle,1940,377,11215,confirmed,1.0
607,1,pentagon,247,745,36602,confirmed,1.0
607,9,circle,623,532,32660,confirmed,1.0
607,10,rectangle,744,698,29238,confirmed,0.867
607,11,triangle,1910,342,15598,confirmed,1.0
608,1,pentagon,291,767,36546,confirmed,1.0
608,9,circle,612,508,32666,confirmed,1.0
608,10,rectangle,750,672,29749,confirmed,0.867
608,11,triangle,1878,308,18700,confirmed,1.0
609,1,pentagon,346,780,36497,confirmed,1.0
609,9,circle,595,485,32676,confirmed,1.0
609,10,rectangle,755,648,29913,confirmed,0.867
609,11,triangle,1844,279,20605,confirmed,1.0
610,1,pentagon,406,790,36536,confirmed,1.0
610,9,circle,573,463,32679,confirmed,1.0
610,10,rectangle,760,624,29760,confirmed,0.867
610,11,triangle,1801,260,20755,confirmed,1.0
611,1,pentagon,466,789,36506,confirmed,1.0
611,9,circle,544,444,32685,confirmed,1.0
611,10,rectangle,765,599,29947,confirmed,0.867
611,11,triangle,1761,244,20846,confirmed,1.0
612,1,pentagon,527,784,36582,confirmed,1.0
612,9,circle,510,428,32677,confirmed,1.0
612,10,rectangle,769,574,29869,confirmed,0.867
612,11,triangle,1721,229,20835,confirmed,1.0
613,1,pentagon,586,774,36596,confirmed,1.0
613,9,circle,473,414,32719,confirmed,1.0
613,10,rectangle,772,549,29942,confirmed,0.867
613,11,triangle,1682,214,20711,confirmed,1.0
614,1,pentagon,639,756,36554,confirmed,1.0
614,9,circle,437,400,32667,confirmed,1.0
614,10,rectangle,773,524,29837,confirmed,0.867
614,11,triangle,1641,204,20756,confirmed,1.0
615,1,pentagon,688,735,36539,confirmed,1.0
615,9,circle,394,396,32638,confirmed,1.0
615,10,rectangle,775,499,29931,confirmed,0.867
615,11,triangle,1597,209,20894,confirmed,1.0
616,1,pentagon,734,713,36498,confirmed,1.0
616,9,circle,350,397,32687,confirmed,1.0
616,10,rectangle,777,474,29820,confirmed,0.867
616,11,triangle,1551,220,20991,confirmed,1.0
617,1,pentagon,779,689,36615,confirmed,1.0
617,9,circle,306,403,32693,confirmed,1.0
617,10,rectangle,780,448,29974,confirmed,0.867
617,11,triangle,1505,231,20793,confirmed,1.0
618,1,pentagon,823,665,36571,confirmed,1.0
618,9,circle,270,418,32703,confirmed,1.0
618,10,rectangle,782,424,29851,confirmed,0.867
618,11,triangle,1464,246,20856,confirmed,1.0
619,1,pentagon,865,640,36503,confirmed,1.0
619,9,circle,238,436,32672,confirmed,1.0
619,10,rectangle,785,398,29843,confirmed,0.867
619,11,triangle,1431,266,20815,confirmed,1.0
620,1,pentagon,905,614,36486,confirmed,1.0
620,9,circle,211,457,32658,confirmed,1.0
620,10,rectangle,788,372,29957,confirmed,0.867
620,11,triangle,1401,288,20933,confirmed,1.0
621,1,pentagon,945,587,36514,confirmed,1.0
621,9,circle,189,479,32671,confirmed,1.0
621,10,rectangle,791,348,29806,confirmed,0.867
621,11,triangle,1374,311,20881,confirmed,1.0
622,1,pentagon,984,561,36556,confirmed,1.0
622,9,circle,169,501,32665,confirmed,1.0
622,10,rectangle,794,321,29834,confirmed,0.867
622,11,triangle,1358,337,20870,confirmed,1.0
623,1,pentagon,1024,535,36555,confirmed,1.0
623,9,circle,153,524,32677,confirmed,1.0
623,10,rectangle,798,296,29945,confirmed,0.867
623,11,triangle,1352,365,20987,confirmed,1.0
624,1,pentagon,1064,509,36513,confirmed,1.0
624,9,circle,139,548,32659,confirmed,1.0
624,10,rectangle,802,271,29960,confirmed,0.867
624,11,triangle,1351,392,20753,confirmed,1.0
625,1,pentagon,1102,481,36565,confirmed,1.0
625,9,circle,124,572,32719,confirmed,1.0
625,10,rectangle,806,245,29844,confirmed,0.867
625,11,triangle,1351,421,20840,confirmed,1.0
626,1,pentagon,1140,453,36552,confirmed,1.0
626,9,circle,111,596,32653,confirmed,1.0
626,10,rectangle,813,220,29988,confirmed,0.867
626,11,triangle,1351,448,20846,confirmed,1.0
627,1,pentagon,1177,425,36497,confirmed,1.0
627,9,circle,96,619,32615,confirmed,1.0
627,10,rectangle,825,195,29823,confirmed,0.867
627,11,triangle,1349,476,20926,confirmed,1.0
628,1,pentagon,1214,397,36496,confirmed,1.0
628,9,circle,84,643,31389,confirmed,1.0
628,10,rectangle,844,172,29930,confirmed,0.867
628,11,triangle,1348,504,20801,confirmed,1.0
629,1,pentagon,1252,369,36479,confirmed,1.0
629,9,circle,73,667,29961,confirmed,1.0
629,10,rectangle,882,159,29894,confirmed,0.867
629,11,triangle,1345,532,19824,confirmed,1.0
630,1,pentagon,1289,342,36622,confirmed,1.0
630,9,circle,68,691,29843,confirmed,1.0
630,10,rectangle,927,161,29930,confirmed,0.867
630,11,triangle,1338,559,20776,confirmed,1.0
631,1,pentagon,1329,315,36515,confirmed,1.0
631,9,circle,66,715,29792,confirmed,1.0
631,10,rectangle,973,171,29782,confirmed,0.867
631,11,triangle,1332,586,20861,confirmed,1.0
632,1,pentagon,1370,288,36563,confirmed,1.0
632,9,circle,67,740,29713,confirmed,1.0
632,10,rectangle,1016,184,29992,confirmed,0.867
632,11,triangle,1324,614,20963,confirmed,1.0
632,12,pentagon,1881,243,11970,confirmed,0.0
633,1,pentagon,1411,261,36462,confirmed,1.0
633,9,circle,70,765,29844,confirmed,1.0
633,10,rectangle,1056,199,29924,confirmed,0.867
633,11,triangle,1315,641,20830,confirmed,1.0
633,12,trapezoid,1876,229,13177,confirmed,0.0
634,1,pentagon,1453,235,36483,confirmed,1.0
634,9,circle,74,790,30144,confirmed,1.0
634,10,rectangle,1090,216,29911,confirmed,0.889
634,11,triangle,1305,668,20903,confirmed,1.0
634,12,pentagon,1870,232,15026,confirmed,0.0
635,1,pentagon,1497,210,36586,confirmed,1.0
635,9,circle,79,815,31029,confirmed,1.0
635,10,rectangle,1119,238,29810,confirmed,0.911
635,11,triangle,1295,696,20925,confirmed,1.0
635,12,trapezoid,1863,253,15816,confirmed,0.0
636,1,pentagon,1543,186,36579,confirmed,1.0
636,9,circle,87,840,32213,confirmed,1.0
636,10,rectangle,1141,262,29957,confirmed,0.911
636,11,triangle,1279,722,20927,confirmed,1.0
636,12,trapezoid,1857,289,16655,confirmed,0.0
637,1,pentagon,1590,165,36609,confirmed,1.0
637,9,circle,103,863,32723,confirmed,1.0
637,10,rectangle,1157,287,29772,confirmed,0.911
637,11,triangle,1258,748,21013,confirmed,1.0
637,12,trapezoid,1851,334,19038,confirmed,0.0
638,1,pentagon,1645,173,36536,confirmed,1.0
638,9,circle,124,886,32682,confirmed,1.0
638,10,rectangle,1171,312,29754,confirmed,0.911
638,11,triangle,1230,771,20897,confirmed,1.0
638,12,trapezoid,1849,383,16414,confirmed,0.0
639,1,pentagon,1685,201,36574,confirmed,1.0
639,9,circle,150,906,32699,confirmed,1.0
639,10,rectangle,1179,337,29871,confirmed,0.911
639,11,triangle,1193,790,20736,confirmed,1.0
639,12,trapezoid,1844,434,21106,confirmed,0.0
640,1,pentagon,1716,235,36513,confirmed,1.0
640,9,circle,185,921,32667,confirmed,1.0
640,10,rectangle,1179,363,29827,confirmed,0.911
640,11,triangle,1150,805,20748,confirmed,1.0
640,12,rectangle,1838,484,22914,confirmed,0.0
641,1,pentagon,1744,270,36507,confirmed,1.0
641,9,circle,226,929,32697,confirmed,1.0
641,10,rectangle,1176,390,29817,confirmed,0.911
641,11,triangle,1103,816,20767,confirmed,1.0
641,12,trapezoid,1833,531,23053,confirmed,0.0
642,1,pentagon,1771,304,36473,confirmed,1.0
642,9,circle,271,933,32659,confirmed,1.0
642,10,rectangle,1174,417,29960,confirmed,0.911
642,11,triangle,1052,817,20985,confirmed,1.0
642,12,trapezoid,1829,574,24229,confirmed,0.0
643,1,pentagon,1795,337,36548,confirmed,1.0
643,9,circle,316,936,32677,confirmed,1.0
643,10,rectangle,1172,442,29947,confirmed,0.911
643,11,triangle,1001,815,20921,confirmed,1.0
643,12,trapezoid,1823,614,26333,confirmed,0.0
644,1,pentagon,1821,371,36052,confirmed,1.0
644,9,circle,357,930,32649,confirmed,1.0
644,10,rectangle,1168,469,29793,confirmed,0.911
644,11,triangle,951,811,20834,confirmed,1.0
644,12,trapezoid,1818,651,27187,confirmed,0.0
645,1,pentagon,1843,404,33341,confirmed,1.0
645,9,circle,397,918,32669,confirmed,1.0
645,10,rectangle,1165,496,29760,confirmed,0.911
645,11,triangle,903,800,20820,confirmed,1.0
645,12,trapezoid,1812,686,29239,confirmed,0.0
646,1,pentagon,1861,437,28951,confirmed,1.0
646,9,circle,436,905,32678,confirmed,1.0
646,10,rectangle,1162,523,29953,confirmed,0.911
646,11,triangle,868,780,20803,confirmed,1.0
646,12,pentagon,1804,722,28700,confirmed,0.0
647,1,pentagon,1874,470,24821,confirmed,1.0
647,9,circle,473,890,32679,confirmed,1.0
647,10,rectangle,1158,549,29936,confirmed,0.911
647,11,triangle,845,753,20777,confirmed,1.0
647,12,trapezoid,1793,757,27622,confirmed,0.0
648,1,pentagon,1883,504,22095,confirmed,1.0
648,9,circle,505,873,32663,confirmed,1.0
648,10,rectangle,1155,576,29842,confirmed,0.911
648,11,triangle,826,726,20838,confirmed,1.0
648,12,trapezoid,1784,793,27622,coasting,0.0
649,1,pentagon,1887,539,19979,confirmed,1.0
649,9,circle,535,854,32698,confirmed,1.0
649,10,rectangle,1152,601,29785,confirmed,0.933
649,11,triangle,811,698,20789,confirmed,1.0
649,12,trapezoid,1770,827,27562,confirmed,0.0
650,1,pentagon,1886,575,20055,confirmed,1.0
650,9,circle,558,833,32684,confirmed,1.0
650,10,rectangle,1149,628,29939,confirmed,0.956
650,11,triangle,797,670,20969,confirmed,1.0
650,12,trapezoid,1755,863,27462,confirmed,0.0
651,1,pentagon,1882,612,21885,confirmed,1.0
651,9,circle,576,810,32665,confirmed,1.0
651,10,rectangle,1148,656,29763,confirmed,0.978
651,11,triangle,782,642,20836,confirmed,1.0
651,12,pentagon,1744,902,27616,confirmed,0.0
652,1,pentagon,1875,648,24355,confirmed,1.0
652,9,circle,587,786,32662,confirmed,1.0
652,10,rectangle,1147,682,29939,confirmed,1.0
652,11,triangle,768,614,20794,confirmed,1.0
652,12,trapezoid,1732,941,27071,confirmed,0.0
653,1,pentagon,1865,684,27181,confirmed,1.0
653,9,circle,588,761,32674,confirmed,1.0
653,10,rectangle,1148,708,29936,confirmed,1.0
653,11,triangle,752,588,21048,confirmed,1.0
653,12,trapezoid,1722,979,28007,confirmed,0.0
654,1,pentagon,1854,721,30260,confirmed,1.0
654,9,circle,584,736,32659,confirmed,1.0
654,10,rectangle,1150,736,29822,confirmed,1.0
654,11,triangle,736,560,20937,confirmed,1.0
654,12,trapezoid,1711,1017,28007,coasting,0.0
655,1,pentagon,1841,757,33689,confirmed,1.0
655,9,circle,580,711,32672,confirmed,1.0
655,10,rectangle,1154,763,29943,confirmed,1.0
655,11,triangle,716,534,20978,confirmed,1.0
655,12,pentagon,1702,1003,28441,confirmed,0.0
656,1,pentagon,1825,793,36148,confirmed,1.0
656,9,circle,553,693,32683,confirmed,1.0
656,10,rectangle,1161,789,29858,confirmed,1.0
656,11,triangle,691,508,20875,confirmed,1.0
656,12,hexagon,1682,965,15097,confirmed,0.0
657,1,pentagon,1793,824,36558,confirmed,1.0
657,9,circle,518,676,32665,confirmed,1.0
657,10,rectangle,1169,816,29778,confirmed,1.0
657,11,triangle,653,491,20848,confirmed,1.0
657,12,trapezoid,1656,917,10537,confirmed,0.0
658,1,pentagon,1740,844,36463,confirmed,1.0
658,9,circle,475,673,32688,confirmed,1.0
658,10,rectangle,1180,842,29939,confirmed,1.0
658,11,triangle,607,496,20798,confirmed,1.0
658,12,trapezoid,1636,886,10537,coasting,0.0
659,1,pentagon,1676,852,36513,confirmed,1.0
659,9,circle,433,683,32681,confirmed,1.0
659,10,rectangle,1193,869,29991,confirmed,1.0
659,11,triangle,563,514,20845,confirmed,1.0
659,12,trapezoid,1618,858,10537,coasting,0.0
660,1,pentagon,1607,852,36596,confirmed,1.0
660,9,circle,400,701,32707,confirmed,1.0
660,10,rectangle,1210,894,29824,confirmed,1.0
660,11,triangle,521,534,20865,confirmed,1.0
660,12,hexagon,1638,792,15753,confirmed,0.0
661,1,pentagon,1540,850,36527,confirmed,1.0
661,9,circle,375,724,32667,confirmed,1.0
661,10,rectangle,1232,918,29889,confirmed,1.0
661,11,triangle,482,556,20818,confirmed,1.0
661,12,hexagon,1669,696,23651,confirmed,1.0
662,1,pentagon,1474,843,36609,confirmed,1.0
662,9,circle,358,748,32721,confirmed,1.0
662,10,rectangle,1263,938,29836,confirmed,1.0
662,11,triangle,446,579,20956,confirmed,1.0
662,12,hexagon,1677,644,21376,confirmed,1.0
663,1,pentagon,1415,826,36519,confirmed,1.0
663,9,circle,344,773,32689,confirmed,1.0
663,10,rectangle,1293,960,25980,confirmed,1.0
663,11,triangle,412,601,20927,confirmed,1.0
663,12,hexagon,1684,592,27125,confirmed,1.0
664,1,pentagon,1363,802,36583,confirmed,1.0
664,9,circle,331,797,32666,confirmed,1.0
664,10,rectangle,1330,982,24120,confirmed,1.0
664,11,triangle,380,625,20853,confirmed,1.0
664,12,hexagon,1694,547,30946,confirmed,1.0
665,1,pentagon,1319,774,36531,confirmed,1.0
665,9,circle,317,821,32671,confirmed,1.0
665,10,rectangle,1393,973,28614,confirmed,1.0
665,11,triangle,349,648,20852,confirmed,1.0
665,12,hexagon,1694,508,27264,confirmed,1.0
666,1,pentagon,1281,742,36544,confirmed,1.0
666,9,circle,303,844,32646,confirmed,1.0
666,10,rectangle,1446,960,29845,confirmed,1.0
666,11,triangle,331,675,20764,confirmed,1.0
666,12,hexagon,1681,487,23969,confirmed,1.0
667,1,pentagon,1248,709,36601,confirmed,1.0
667,9,circle,302,869,32674,confirmed,1.0
667,10,rectangle,1490,944,29808,confirmed,1.0
667,11,triangle,311,701,20499,confirmed,1.0
667,12,hexagon,1678,455,27356,confirmed,1.0
668,1,pentagon,1220,676,36541,confirmed,1.0
668,9,circle,305,894,32670,confirmed,1.0
668,10,rectangle,1528,925,29852,confirmed,1.0
668,11,triangle,295,729,20294,confirmed,1.0
668,12,hexagon,1677,421,27112,confirmed,1.0
669,1,pentagon,1192,642,36563,confirmed,1.0
669,9,circle,309,919,32652,confirmed,1.0
669,10,rectangle,1559,904,29899,confirmed,1.0
669,11,triangle,282,758,19863,confirmed,1.0
669,12,hexagon,1676,386,27120,confirmed,1.0
670,1,pentagon,1166,607,36523,confirmed,1.0
670,9,circle,315,943,32685,confirmed,1.0
670,10,rectangle,1585,880,29953,confirmed,1.0
670,11,triangle,272,787,19359,confirmed,1.0
670,12,hexagon,1676,343,21460,confirmed,1.0
671,1,pentagon,1142,572,36638,confirmed,1.0
671,9,circle,324,968,32670,confirmed,1.0
671,10,rectangle,1608,856,29953,confirmed,1.0
671,11,triangle,260,816,19079,confirmed,1.0
671,12,hexagon,1675,305,28083,confirmed,1.0
672,1,pentagon,1118,537,36592,confirmed,1.0
672,9,circle,334,991,31565,confirmed,1.0
672,10,rectangle,1628,830,29873,confirmed,1.0
672,11,triangle,243,843,19400,confirmed,1.0
672,12,hexagon,1672,267,27348,confirmed,1.0
673,1,pentagon,1095,501,36470,confirmed,1.0
673,9,circle,349,1010,28679,confirmed,1.0
673,10,rectangle,1647,805,29983,confirmed,1.0
673,11,triangle,216,869,20794,confirmed,1.0
673,12,hexagon,1669,229,26973,confirmed,1.0
674,1,pentagon,1073,466,36586,confirmed,1.0
674,9,circle,371,1024,25383,confirmed,1.0
674,10,rectangle,1666,779,29977,confirmed,1.0
674,11,triangle,171,875,20979,confirmed,1.0
674,12,hexagon,1664,195,27204,confirmed,1.0
675,1,pentagon,1051,431,36585,confirmed,1.0
675,9,circle,400,1035,22554,confirmed,1.0
675,10,rectangle,1684,753,29932,confirmed,1.0
675,11,triangle,125,860,20937,confirmed,1.0
675,12,hexagon,1657,186,23111,confirmed,1.0
676,1,pentagon,1025,396,36609,confirmed,1.0
676,9,circle,438,1040,20585,confirmed,1.0
676,10,rectangle,1700,726,29927,confirmed,1.0
676,11,triangle,90,848,20841,confirmed,1.0
676,12,hexagon,1649,203,28029,confirmed,1.0
677,1,pentagon,996,362,36601,confirmed,1.0
677,9,circle,482,1042,19653,confirmed,1.0
677,10,rectangle,1711,700,29758,confirmed,1.0
677,11,triangle,67,826,20633,confirmed,1.0
677,12,hexagon,1639,239,23357,confirmed,1.0
678,1,pentagon,960,329,36543,confirmed,1.0
678,9,circle,531,1041,19384,confirmed,1.0
678,10,rectangle,1720,672,29908,confirmed,1.0
678,11,triangle,55,796,20552,confirmed,1.0
678,12,hexagon,1629,289,23341,confirmed,1.0
679,1,pentagon,916,302,36601,confirmed,1.0
679,9,circle,582,1038,19294,confirmed,1.0
679,10,rectangle,1729,644,29904,confirmed,1.0
679,11,triangle,52,760,20393,confirmed,1.0
679,12,hexagon,1619,344,23998,confirmed,1.0
680,1,pentagon,860,281,36471,confirmed,1.0
680,9,circle,632,1034,19390,confirmed,1.0
680,10,rectangle,1738,617,29791,confirmed,1.0
680,11,triangle,55,722,20337,confirmed,1.0
680,12,hexagon,1611,404,28635,confirmed,1.0
681,1,pentagon,793,277,36640,confirmed,1.0
681,9,circle,681,1029,21321,confirmed,1.0
681,10,rectangle,1749,590,28263,confirmed,1.0
681,11,triangle,62,684,20230,confirmed,1.0
681,12,hexagon,1601,459,27868,confirmed,1.0
682,1,pentagon,725,281,36533,confirmed,1.0
682,9,circle,726,1023,23152,confirmed,1.0
682,10,rectangle,1759,563,29175,confirmed,1.0
682,11,triangle,70,647,20173,confirmed,1.0
682,12,hexagon,1589,509,27549,confirmed,1.0
683,1,pentagon,657,291,36587,confirmed,1.0
683,9,circle,769,1016,24944,confirmed,1.0
683,10,rectangle,1763,534,29922,confirmed,1.0
683,11,triangle,77,612,20053,confirmed,1.0
683,12,hexagon,1578,555,28665,confirmed,1.0
684,1,pentagon,591,304,36509,confirmed,1.0
684,9,circle,810,1010,26707,confirmed,1.0
684,10,rectangle,1768,507,29935,confirmed,1.0
684,11,triangle,82,579,20131,confirmed,1.0
684,12,hexagon,1566,594,23174,confirmed,1.0
685,1,pentagon,530,322,36543,confirmed,1.0
685,9,circle,849,1003,28665,confirmed,1.0
685,10,rectangle,1772,478,29921,confirmed,1.0
685,11,triangle,86,548,20342,confirmed,1.0
685,12,hexagon,1556,627,30567,confirmed,1.0
686,1,pentagon,473,344,36619,confirmed,1.0
686,9,circle,885,995,30723,confirmed,1.0
686,10,rectangle,1776,450,29901,confirmed,1.0
686,11,triangle,90,519,20607,confirmed,1.0
686,12,hexagon,1545,663,27336,confirmed,1.0
687,1,pentagon,422,369,36576,confirmed,1.0
687,9,circle,919,985,32436,confirmed,1.0
687,10,rectangle,1781,422,29955,confirmed,1.0
687,11,triangle,95,490,20829,confirmed,1.0
687,12,hexagon,1536,697,23574,confirmed,1.0
688,1,pentagon,376,397,36487,confirmed,1.0
688,9,circle,941,965,32684,confirmed,1.0
688,10,rectangle,1787,395,29960,confirmed,1.0
688,11,triangle,101,462,20923,confirmed,1.0
688,12,hexagon,1527,729,22853,confirmed,1.0
689,1,pentagon,332,428,36537,confirmed,1.0
689,9,circle,964,943,32655,confirmed,1.0
689,10,rectangle,1792,365,29782,confirmed,1.0
689,11,triangle,115,436,20821,confirmed,1.0
689,12,hexagon,1517,766,28746,confirmed,1.0
690,1,pentagon,290,458,36521,confirmed,1.0
690,9,circle,984,921,32655,confirmed,1.0
690,10,rectangle,1799,337,29771,confirmed,1.0
690,11,triangle,124,406,18247,confirmed,1.0
690,12,hexagon,1511,799,32333,confirmed,1.0
691,1,pentagon,267,493,36470,confirmed,1.0
691,9,circle,1003,898,32691,confirmed,1.0
691,10,rectangle,1808,311,29943,confirmed,1.0
691,11,triangle,142,374,18899,confirmed,0.978
691,12,hexagon,1501,836,28291,confirmed,1.0
692,1,pentagon,252,532,36549,confirmed,1.0
692,9,circle,1020,874,32676,confirmed,1.0
692,10,rectangle,1819,283,29903,confirmed,1.0
692,11,triangle,167,348,20658,confirmed,0.978
692,12,hexagon,1491,876,28196,confirmed,1.0
693,1,pentagon,240,570,36584,confirmed,1.0
693,9,circle,1032,850,32726,confirmed,1.0
693,10,rectangle,1834,256,30290,confirmed,1.0
693,11,triangle,189,322,20952,confirmed,0.978
693,12,hexagon,1482,913,28196,coasting,1.0
694,1,pentagon,230,609,36590,confirmed,1.0
694,9,circle,1034,825,32722,confirmed,1.0
694,10,rectangle,1851,233,23980,confirmed,1.0
694,11,triangle,210,293,20796,confirmed,0.978
694,12,hexagon,1484,849,22035,confirmed,1.0
695,1,pentagon,226,647,36487,confirmed,1.0
695,9,circle,1031,801,32671,confirmed,1.0
695,10,rectangle,1872,222,13974,confirmed,1.0
695,11,triangle,225,264,21014,confirmed,0.978
695,12,hexagon,1483,816,24536,confirmed,1.0
696,1,pentagon,230,686,36620,confirmed,1.0
696,9,circle,1028,776,32656,confirmed,1.0
696,10,rectangle,1890,204,13974,coasting,1.0
696,11,triangle,235,234,20720,confirmed,0.978
696,12,hexagon,1483,758,23496,confirmed,1.0
697,1,pentagon,247,723,36503,confirmed,1.0
697,9,circle,1005,756,32686,confirmed,1.0
697,10,rectangle,1907,188,13974,coasting,1.0
697,11,triangle,240,202,20835,confirmed,0.978
697,12,hexagon,1482,714,28292,confirmed,1.0
698,1,pentagon,289,753,36548,confirmed,1.0
698,9,circle,973,765,32675,confirmed,1.0
698,10,rectangle,1921,173,13974,coasting,1.0
698,11,triangle,240,172,20915,confirmed,0.978
698,12,hexagon,1480,673,27917,confirmed,1.0
699,1,pentagon,353,769,36615,confirmed,1.0
699,9,circle,950,788,32676,confirmed,1.0
699,10,rectangle,1934,160,13974,coasting,1.0
699,11,triangle,232,142,21004,confirmed,0.978
699,12,hexagon,1480,633,21417,confirmed,1.0
700,1,pentagon,425,772,36497,confirmed,1.0
700,9,circle,937,814,32660,confirmed,1.0
700,10,rectangle,1946,148,13974,coasting,1.0
700,11,triangle,225,112,20742,confirmed,0.978
700,12,hexagon,1478,591,28847,confirmed,1.0
701,1,pentagon,495,762,36548,confirmed,1.0
701,9,circle,931,842,32694,confirmed,1.0
701,10,rectangle,1957,137,13974,coasting,1.0
701,11,triangle,208,86,19746,confirmed,0.978
701,12,hexagon,1474,554,27740,confirmed,1.0
702,1,pentagon,562,747,36563,confirmed,1.0
702,9,circle,928,868,32647,confirmed,1.0
702,10,rectangle,1966,128,13974,coasting,1.0
702,11,triangle,182,76,20533,confirmed,0.978
702,12,hexagon,1473,517,22161,confirmed,1.0
703,1,pentagon,627,731,36570,confirmed,1.0
703,9,circle,925,893,32670,confirmed,1.0
703,10,rectangle,1975,119,13974,coasting,1.0
703,11,triangle,131,121,20735,confirmed,0.978
703,12,hexagon,1472,479,27582,confirmed,1.0
704,1,pentagon,690,713,36533,confirmed,1.0
704,9,circle,931,918,32660,confirmed,1.0
704,11,triangle,99,146,20917,confirmed,0.978
704,12,hexagon,1472,442,27650,confirmed,1.0
705,1,pentagon,750,692,36600,confirmed,1.0
705,9,circle,942,942,32677,confirmed,1.0
705,11,triangle,75,175,20590,confirmed,0.978
705,12,hexagon,1474,404,27442,confirmed,1.0
706,1,pentagon,805,667,36456,confirmed,1.0
706,9,circle,956,965,32647,confirmed,1.0
706,11,triangle,59,208,20244,confirmed,0.978
706,12,hexagon,1476,365,22420,confirmed,1.0
707,1,pentagon,855,639,36606,confirmed,1.0
707,9,circle,971,987,31997,confirmed,1.0
707,11,triangle,52,244,20001,confirmed,0.978
707,12,hexagon,1478,330,21057,confirmed,1.0
708,1,pentagon,899,609,36511,confirmed,1.0
708,9,circle,994,1005,30028,confirmed,1.0
708,11,triangle,51,279,19745,confirmed,0.978
708,12,hexagon,1480,289,24018,confirmed,0.857
709,1,pentagon,940,577,36634,confirmed,1.0
709,9,circle,1026,1017,28561,confirmed,1.0
709,11,triangle,55,315,19919,confirmed,0.978
709,12,hexagon,1481,251,23926,confirmed,0.857
710,1,pentagon,980,545,36611,confirmed,1.0
710,9,circle,1067,1022,28449,confirmed,1.0
710,11,triangle,63,350,20155,confirmed,0.978
710,12,hexagon,1482,216,28171,confirmed,0.857
711,1,pentagon,1023,513,36545,confirmed,1.0
711,9,circle,1114,1021,29422,confirmed,1.0
711,11,triangle,71,383,20058,confirmed,0.978
711,12,hexagon,1479,175,24416,confirmed,0.875
712,1,pentagon,1069,484,36611,confirmed,1.0
712,9,circle,1163,1014,30746,confirmed,1.0
712,11,triangle,80,416,20439,confirmed,0.978
712,12,hexagon,1477,133,30524,confirmed,0.875
712,13,rectangle,1878,663,21080,confirmed,0.0
713,1,pentagon,1118,455,36502,confirmed,1.0
713,9,circle,1213,1003,31905,confirmed,1.0
713,11,triangle,88,447,20602,confirmed,0.978
713,12,hexagon,1470,110,27359,confirmed,0.875
713,13,rectangle,1868,688,25729,confirmed,0.0
714,1,pentagon,1167,427,36521,confirmed,1.0
714,9,circle,1260,990,32651,confirmed,1.0
714,11,triangle,97,478,20959,confirmed,0.978
714,12,hexagon,1460,113,20902,confirmed,0.875
714,13,rectangle,1842,732,29992,confirmed,1.0
715,1,pentagon,1216,398,36615,confirmed,1.0
715,9,circle,1288,962,32654,confirmed,1.0
715,11,triangle,111,507,20809,confirmed,0.978
715,12,hexagon,1449,137,22130,confirmed,0.875
715,13,rectangle,1812,763,29930,confirmed,1.0
716,1,pentagon,1264,369,36556,confirmed,1.0
716,9,circle,1308,937,32696,confirmed,1.0
716,11,triangle,125,537,20859,confirmed,0.978
716,12,hexagon,1439,180,22210,confirmed,0.875
716,13,rectangle,1779,788,29945,confirmed,1.0
717,1,pentagon,1314,341,36539,confirmed,1.0
717,9,circle,1326,913,32735,confirmed,1.0
717,11,triangle,140,567,20717,confirmed,0.978
717,12,hexagon,1446,231,8285,confirmed,0.875
717,13,rectangle,1737,792,29970,confirmed,1.0
718,1,pentagon,1366,314,36540,confirmed,1.0
718,9,circle,1338,888,32706,confirmed,1.0
718,11,triangle,155,598,21007,confirmed,0.978
718,12,hexagon,1445,268,8285,coasting,0.875
718,13,rectangle,1695,777,29866,confirmed,1.0
719,1,pentagon,1419,288,36596,confirmed,1.0
719,9,circle,1342,864,32655,confirmed,1.0
719,11,triangle,173,627,20703,confirmed,0.978
719,12,hexagon,1444,302,8285,coasting,0.875
719,13,rectangle,1670,750,29969,confirmed,1.0
720,1,pentagon,1473,262,36568,confirmed,1.0
720,9,circle,1339,839,32702,confirmed,1.0
720,11,triangle,194,656,20856,confirmed,0.978
720,12,hexagon,1422,360,25784,confirmed,0.875
720,13,rectangle,1656,719,29952,confirmed,1.0
721,1,pentagon,1529,237,36578,confirmed,1.0
721,9,circle,1326,815,32665,confirmed,1.0
721,11,triangle,218,685,20862,confirmed,0.978
721,12,hexagon,1400,417,24291,confirmed,0.875
721,13,rectangle,1643,688,29841,confirmed,1.0
722,1,pentagon,1590,216,36423,confirmed,1.0
722,9,circle,1303,794,32692,confirmed,1.0
722,11,triangle,246,712,20863,confirmed,0.978
722,12,hexagon,1373,470,21113,confirmed,0.778
722,13,rectangle,1632,657,29925,confirmed,1.0
723,1,pentagon,1657,203,36585,confirmed,1.0
723,9,circle,1271,776,32683,confirmed,1.0
723,11,triangle,270,741,20751,confirmed,0.978
723,12,hexagon,1354,519,23370,confirmed,0.778
723,13,rectangle,1622,629,29915,confirmed,1.0
724,1,pentagon,1728,202,36575,confirmed,1.0
724,9,circle,1238,759,32677,confirmed,1.0
724,11,triangle,285,771,20910,confirmed,0.978
724,12,hexagon,1340,565,27155,confirmed,0.778
724,13,rectangle,1611,599,29765,confirmed,1.0
725,1,pentagon,1797,211,36578,confirmed,1.0
725,9,circle,1196,754,32713,confirmed,1.0
725,11,triangle,290,803,20963,confirmed,0.978
725,12,hexagon,1329,607,27202,confirmed,0.778
725,13,rectangle,1599,570,29941,confirmed,1.0
726,1,pentagon,1856,220,31275,confirmed,1.0
726,9,circle,1152,758,32564,confirmed,1.0
726,11,triangle,284,834,20726,confirmed,0.978
726,12,hexagon,1320,644,28647,confirmed,0.778
726,13,rectangle,1588,541,29819,confirmed,1.0
727,1,pentagon,1898,242,25641,confirmed,1.0
727,9,circle,1120,776,32594,confirmed,1.0
727,11,triangle,266,865,20732,confirmed,0.978
727,12,hexagon,1312,678,24220,confirmed,0.778
727,13,rectangle,1577,513,29959,confirmed,1.0
728,1,pentagon,1922,274,22014,confirmed,1.0
728,9,circle,1104,800,32494,confirmed,1.0
728,11,triangle,242,894,20827,confirmed,0.978
728,12,hexagon,1304,712,24177,confirmed,0.778
728,13,rectangle,1566,483,29841,confirmed,1.0
729,1,pentagon,1929,316,19664,confirmed,1.0
729,9,circle,1101,827,31947,confirmed,1.0
729,11,triangle,215,922,20893,confirmed,0.978
729,12,hexagon,1295,747,27871,confirmed,0.778
729,13,rectangle,1555,455,29972,confirmed,1.0
730,1,pentagon,1925,365,17214,confirmed,1.0
730,9,circle,1097,851,30464,confirmed,1.0
730,11,triangle,183,950,21021,confirmed,0.978
730,12,hexagon,1287,782,27850,confirmed,0.778
730,13,rectangle,1545,426,29818,confirmed,1.0
731,1,pentagon,1915,415,15260,confirmed,1.0
731,9,circle,1102,875,27727,confirmed,1.0
731,11,triangle,147,975,20916,confirmed,0.978
731,12,hexagon,1275,816,28651,confirmed,0.778
731,13,rectangle,1534,396,29942,confirmed,1.0
732,1,pentagon,1904,466,13777,confirmed,1.0
732,9,circle,1116,901,23245,confirmed,1.0
732,11,triangle,113,998,20853,confirmed,0.978
732,12,hexagon,1266,850,22301,confirmed,0.778
732,13,rectangle,1523,368,29813,confirmed,1.0
733,1,pentagon,1894,515,12333,confirmed,1.0
733,9,circle,1122,925,23245,coasting,1.0
733,11,triangle,147,1005,20994,confirmed,0.978
733,12,hexagon,1257,885,21367,confirmed,0.778
733,13,rectangle,1511,339,29938,confirmed,1.0
734,1,pentagon,1887,562,10991,confirmed,1.0
734,9,circle,1127,948,23245,coasting,1.0
734,11,triangle,205,1009,20907,confirmed,0.978
734,12,hexagon,1245,913,27732,confirmed,0.778
734,13,rectangle,1500,310,29855,confirmed,1.0
735,1,pentagon,1883,605,11284,confirmed,1.0
735,9,circle,1220,981,20846,confirmed,0.978
735,11,triangle,248,1016,21576,confirmed,0.978
735,12,hexagon,1233,916,27194,confirmed,0.778
735,13,rectangle,1487,281,29961,confirmed,1.0
736,1,pentagon,1880,646,12337,confirmed,1.0
736,9,circle,1281,979,29337,confirmed,0.978
736,11,triangle,301,1021,21068,confirmed,0.978
736,12,hexagon,1223,895,27223,confirmed,0.778
736,13,rectangle,1471,251,29824,confirmed,1.0
737,1,pentagon,1878,686,13446,confirmed,1.0
737,9,circle,1328,974,32707,confirmed,0.978
737,11,triangle,361,1023,20791,confirmed,0.978
737,12,hexagon,1210,854,33040,confirmed,0.778
737,13,rectangle,1448,224,29885,confirmed,1.0
738,1,pentagon,1877,723,14767,confirmed,1.0
738,9,circle,1375,977,32712,confirmed,0.978
738,11,triangle,425,1023,20597,confirmed,0.978
738,12,hexagon,1203,804,27703,confirmed,0.778
738,13,rectangle,1413,202,29993,confirmed,1.0
739,1,pentagon,1876,761,16432,confirmed,1.0
739,9,circle,1420,979,32551,confirmed,0.978
739,11,triangle,490,1021,20385,confirmed,0.978
739,12,hexagon,1198,747,24261,confirmed,0.778
739,13,rectangle,1369,185,29821,confirmed,1.0
740,1,pentagon,1873,798,19126,confirmed,1.0
740,9,circle,1462,981,32550,confirmed,0.978
740,11,triangle,554,1019,21411,confirmed,0.978
740,12,hexagon,1194,692,27721,confirmed,0.778
740,13,rectangle,1320,180,29918,confirmed,1.0
741,1,pentagon,1868,835,23960,confirmed,1.0
741,9,circle,1505,982,32537,confirmed,0.978
741,11,triangle,611,1000,20952,confirmed,0.978
741,12,hexagon,1190,641,28054,confirmed,0.778
741,13,rectangle,1268,187,29803,confirmed,1.0
742,1,pentagon,1851,867,35116,confirmed,1.0
742,9,circle,1547,982,32552,confirmed,0.978
742,11,triangle,660,982,21024,confirmed,0.978
742,12,hexagon,1186,597,22545,confirmed,0.7
742,13,rectangle,1214,196,29752,confirmed,1.0
743,1,pentagon,1776,869,36482,confirmed,1.0
743,9,circle,1589,981,32584,confirmed,0.978
743,11,triangle,708,963,20923,confirmed,0.978
743,12,hexagon,1181,552,23598,confirmed,0.7
743,13,rectangle,1162,205,29821,confirmed,1.0
744,1,pentagon,1696,867,36467,confirmed,1.0
744,9,circle,1627,987,22586,confirmed,0.978
744,11,triangle,749,941,20838,confirmed,0.978
744,12,hexagon,1175,512,28259,confirmed,0.7
744,13,rectangle,1112,216,29775,confirmed,1.0
745,1,pentagon,1623,856,36420,confirmed,1.0
745,9,circle,1673,987,23154,confirmed,0.978
745,11,triangle,785,915,20764,confirmed,0.978
745,12,hexagon,1174,469,33382,confirmed,0.7
745,13,rectangle,1063,229,29890,confirmed,1.0
746,1,pentagon,1560,833,36621,confirmed,1.0
746,9,circle,1717,967,32216,confirmed,0.978
746,11,triangle,817,888,20856,confirmed,0.978
746,12,hexagon,1168,430,22315,confirmed,0.7
746,13,rectangle,1017,246,29820,confirmed,1.0
747,1,pentagon,1500,807,36606,confirmed,1.0
747,9,circle,1756,950,32688,confirmed,0.978
747,11,triangle,849,861,20849,confirmed,0.978
747,12,hexagon,1162,394,27964,confirmed,0.7
747,13,rectangle,979,266,29978,confirmed,1.0
748,1,pentagon,1442,781,36497,confirmed,1.0
748,9,circle,1791,935,32677,confirmed,0.978
748,11,triangle,881,833,20807,confirmed,0.978
748,12,hexagon,1154,362,27509,confirmed,0.7
748,13,rectangle,950,293,29973,confirmed,1.0
749,1,pentagon,1389,752,36590,confirmed,1.0
749,9,circle,1827,919,32614,confirmed,0.978
749,11,triangle,912,806,20946,confirmed,0.978
749,12,hexagon,1146,328,24314,confirmed,0.7
749,13,rectangle,928,321,29906,confirmed,1.0
750,1,pentagon,1342,721,36560,confirmed,1.0
750,9,circle,1854,901,30669,confirmed,0.978
750,11,triangle,943,778,20867,confirmed,0.978
750,12,hexagon,1135,312,23356,confirmed,0.636
750,13,rectangle,906,349,29830,confirmed,1.0
751,1,pentagon,1297,688,36544,confirmed,1.0
751,9,circle,1870,879,29888,confirmed,0.978
751,11,triangle,969,750,21009,confirmed,0.978
751,12,hexagon,1123,311,24149,confirmed,0.636
751,13,rectangle,889,378,29921,confirmed,1.0
752,1,pentagon,1255,654,36452,confirmed,1.0
752,9,circle,1875,855,29352,confirmed,0.978
752,11,triangle,987,719,20860,confirmed,0.978
752,12,hexagon,1112,328,22465,confirmed,0.636
752,13,rectangle,877,408,29773,confirmed,1.0
753,1,pentagon,1211,620,36550,confirmed,1.0
753,9,circle,1864,836,32811,confirmed,0.978
753,11,triangle,1001,687,20893,confirmed,0.978
753,12,hexagon,1099,362,21946,confirmed,0.636
753,13,rectangle,867,438,29813,confirmed,1.0
754,1,pentagon,1169,587,36498,confirmed,1.0
754,9,circle,1800,849,32667,confirmed,0.978
754,11,triangle,1003,654,20881,confirmed,0.978
754,12,hexagon,1078,406,15659,confirmed,0.636
754,13,rectangle,861,468,29775,confirmed,1.0
755,1,pentagon,1125,554,36580,confirmed,1.0
755,9,circle,1772,874,32681,confirmed,0.978
755,11,triangle,1013,623,20881,coasting,0.978
755,12,hexagon,1062,436,15659,coasting,0.636
755,13,rectangle,859,498,29913,confirmed,1.0
756,1,pentagon,1081,521,36603,confirmed,1.0
756,9,circle,1761,901,32653,confirmed,0.978
756,11,triangle,1023,594,20881,coasting,0.978
756,12,hexagon,1047,464,15659,coasting,0.636
756,13,rectangle,856,523,27337,confirmed,0.977
757,1,pentagon,1037,488,36645,confirmed,1.0
757,9,circle,1757,928,32652,confirmed,0.978
757,11,triangle,1031,569,20881,coasting,0.978
757,12,hexagon,1034,489,15659,coasting,0.636
757,13,rectangle,852,551,27337,coasting,0.977
758,1,pentagon,993,454,36386,confirmed,1.0
758,9,circle,1766,953,32680,confirmed,0.978
758,11,triangle,1039,546,20881,coasting,0.978
758,12,hexagon,1028,550,25868,confirmed,0.636
758,13,rectangle,848,576,27337,coasting,0.977
759,1,pentagon,949,421,36520,confirmed,1.0
759,9,circle,1770,978,32639,confirmed,0.978
759,11,triangle,1046,525,20881,coasting,0.978
759,12,hexagon,1020,612,27982,confirmed,0.636
759,13,rectangle,851,634,21215,confirmed,0.977
760,1,pentagon,903,389,36508,confirmed,1.0
760,9,circle,1783,999,30630,confirmed,0.978
760,11,triangle,1052,506,20881,coasting,0.978
760,12,hexagon,1013,675,27850,confirmed,0.636
760,13,rectangle,847,652,28586,confirmed,0.956
761,1,pentagon,857,357,36601,confirmed,1.0
761,9,circle,1806,1014,26641,confirmed,0.978
761,11,triangle,1057,490,20881,coasting,0.978
761,12,hexagon,1005,732,27409,confirmed,0.636
761,13,rectangle,839,678,28530,confirmed,0.933
762,1,pentagon,808,326,36457,confirmed,1.0
762,9,circle,1833,1022,19844,confirmed,0.978
762,11,triangle,1062,474,20881,coasting,0.978
762,12,hexagon,996,781,28365,confirmed,0.636
762,13,rectangle,827,707,28831,confirmed,0.911
763,1,pentagon,753,298,36447,confirmed,1.0
763,9,circle,1863,1023,13466,confirmed,0.978
763,11,triangle,1067,461,20881,coasting,0.978
763,12,hexagon,983,825,28475,confirmed,0.636
763,13,rectangle,815,738,29065,confirmed,0.889
764,1,pentagon,688,279,36593,confirmed,1.0
764,9,circle,1888,1030,13466,coasting,0.978
764,11,triangle,1071,449,20881,coasting,0.978
764,12,hexagon,971,863,28496,confirmed,0.636
764,13,rectangle,797,768,29780,confirmed,0.889
764,14,trapezoid,674,452,17318,confirmed,1.0
765,1,pentagon,615,273,36532,confirmed,1.0
765,9,circle,1911,1036,13466,coasting,0.978
765,11,triangle,1075,438,20881,coasting,0.978
765,12,hexagon,956,894,30968,confirmed,0.636
765,13,rectangle,771,796,29807,confirmed,0.889
765,14,trapezoid,631,458,18994,confirmed,1.0
766,1,pentagon,542,276,36523,confirmed,1.0
766,9,circle,1931,1042,13466,coasting,0.978
766,11,triangle,1078,428,20881,coasting,0.978
766,12,hexagon,944,929,28672,confirmed,0.636
766,13,rectangle,737,820,29948,confirmed,0.889
766,14,trapezoid,574,466,19141,confirmed,1.0
767,1,pentagon,476,296,36554,confirmed,1.0
767,9,circle,1950,1047,13466,coasting,0.978
767,11,triangle,1081,419,20881,coasting,0.978
767,12,hexagon,924,960,27482,confirmed,0.636
767,13,rectangle,693,838,29954,confirmed,0.889
767,14,trapezoid,528,468,15967,confirmed,1.0
768,1,pentagon,418,324,36508,confirmed,1.0
768,9,circle,1966,1052,13466,coasting,0.978
768,11,triangle,1083,411,20881,coasting,0.978
768,12,hexagon,901,979,22717,confirmed,0.636
768,13,rectangle,641,847,29999,confirmed,0.889
768,14,trapezoid,485,471,15967,coasting,1.0
769,1,pentagon,372,359,36546,confirmed,1.0
769,11,triangle,1086,404,20881,coasting,0.978
769,12,hexagon,879,974,27447,confirmed,0.636
769,13,rectangle,585,847,29984,confirmed,0.889
769,14,trapezoid,447,475,15967,coasting,1.0
770,1,pentagon,339,397,36533,confirmed,1.0
770,11,triangle,1088,397,20881,coasting,0.978
770,12,hexagon,863,948,27565,confirmed,0.636
770,13,rectangle,530,841,29838,confirmed,0.889
770,14,trapezoid,412,478,15967,coasting,1.0
771,1,pentagon,319,439,36556,confirmed,1.0
771,11,triangle,1090,391,20881,coasting,0.978
771,12,hexagon,853,907,21854,confirmed,0.636
771,13,rectangle,479,829,29826,confirmed,0.889
771,14,trapezoid,456,346,20226,confirmed,0.75
772,1,pentagon,309,481,36579,confirmed,1.0
772,11,triangle,1092,386,20881,coasting,0.978
772,12,hexagon,847,854,28002,confirmed,0.636
772,13,rectangle,430,814,29918,confirmed,0.889
772,14,trapezoid,477,282,20954,confirmed,0.6
773,1,pentagon,304,523,36619,confirmed,1.0
773,11,triangle,1093,381,20881,coasting,0.978
773,12,hexagon,847,798,27399,confirmed,0.636
773,13,rectangle,388,792,29842,confirmed,0.889
773,14,trapezoid,505,245,20919,confirmed,0.5
774,1,pentagon,301,566,36539,confirmed,1.0
774,11,triangle,1095,377,20881,coasting,0.978
774,12,hexagon,850,743,27593,confirmed,0.636
774,13,rectangle,355,770,29077,confirmed,0.889
774,14,triangle,548,225,20983,confirmed,0.571
775,1,pentagon,306,607,36425,confirmed,1.0
775,12,hexagon,850,690,22184,confirmed,0.636
775,13,rectangle,325,772,18945,confirmed,0.889
775,14,triangle,603,214,20880,confirmed,0.625
776,1,pentagon,308,659,45890,confirmed,1.0
776,12,hexagon,852,643,27540,confirmed,0.636
776,13,rectangle,291,763,18945,coasting,0.889
776,14,triangle,662,208,20874,confirmed,0.667
777,1,pentagon,319,689,44810,confirmed,1.0
777,12,hexagon,852,601,23838,confirmed,0.636
777,13,rectangle,260,755,18945,coasting,0.889
777,14,triangle,722,202,20832,confirmed,0.7
778,1,pentagon,361,728,36614,confirmed,1.0
778,12,hexagon,852,562,27618,confirmed,0.636
778,13,rectangle,241,711,21884,confirmed,0.889
778,14,triangle,780,196,20929,confirmed,0.727
779,1,pentagon,415,759,36492,confirmed,1.0
779,12,hexagon,851,527,27221,confirmed,0.636
779,13,rectangle,248,634,29535,confirmed,0.867
779,14,triangle,839,190,21021,confirmed,0.75
779,15,pentagon,1884,777,13951,confirmed,0.0
780,1,pentagon,481,781,36662,confirmed,1.0
780,12,hexagon,852,496,23136,confirmed,0.583
780,13,rectangle,242,590,29928,confirmed,0.867
780,14,triangle,898,187,20942,confirmed,0.769
780,15,pentagon,1883,800,11953,confirmed,0.0
781,1,pentagon,552,794,36560,confirmed,1.0
781,12,hexagon,851,461,27401,confirmed,0.583
781,13,rectangle,234,557,29817,confirmed,0.867
781,14,triangle,950,201,20923,confirmed,0.786
781,15,pentagon,1885,827,9121,confirmed,0.0
782,1,pentagon,628,794,36459,confirmed,1.0
782,12,hexagon,850,426,27168,confirmed,0.583
782,13,rectangle,229,528,29947,confirmed,0.867
782,14,triangle,983,228,20914,confirmed,0.8
782,15,pentagon,1886,849,9121,coasting,0.0
783,1,pentagon,705,789,36500,confirmed,1.0
783,12,hexagon,848,391,28982,confirmed,0.583
783,13,rectangle,230,498,29752,confirmed,0.867
783,14,triangle,1006,260,20238,confirmed,0.812
783,15,pentagon,1886,869,9121,coasting,0.0
784,1,pentagon,776,774,36647,confirmed,1.0
784,12,hexagon,843,346,23060,confirmed,0.538
784,13,rectangle,237,467,29900,confirmed,0.867
784,14,triangle,1022,293,19556,confirmed,0.765
784,15,pentagon,1886,886,9121,coasting,0.0
785,1,pentagon,842,752,36557,confirmed,1.0
785,12,hexagon,840,309,21940,confirmed,0.538
785,13,rectangle,245,437,29859,confirmed,0.867
785,14,triangle,1040,323,19488,confirmed,0.765
785,15,pentagon,1887,902,9121,coasting,0.0
786,1,pentagon,904,727,36641,confirmed,1.0
786,12,hexagon,840,271,27981,confirmed,0.538
786,13,rectangle,252,407,29954,confirmed,0.867
786,14,triangle,1035,362,20887,confirmed,0.778
786,15,pentagon,1887,917,9121,coasting,0.0
787,1,pentagon,964,701,36556,confirmed,1.0
787,12,hexagon,839,233,28224,confirmed,0.538
787,13,rectangle,260,376,29782,confirmed,0.867
787,14,triangle,1036,398,20904,confirmed,0.789
787,15,pentagon,1887,930,9121,coasting,0.0
788,1,pentagon,1022,673,36583,confirmed,1.0
788,12,hexagon,834,195,27992,confirmed,0.538
788,13,rectangle,268,344,29964,confirmed,0.867
788,14,triangle,1041,430,20661,confirmed,0.8
788,15,pentagon,1887,941,9121,coasting,0.0
789,1,pentagon,1079,645,36568,confirmed,1.0
789,12,hexagon,828,159,34995,confirmed,0.538
789,13,rectangle,281,314,29935,confirmed,0.867
789,14,triangle,1040,464,20581,confirmed,0.81
789,15,pentagon,1887,952,9121,coasting,0.0
790,1,pentagon,1135,616,36657,confirmed,1.0
790,12,hexagon,819,142,27373,confirmed,0.538
790,13,rectangle,304,286,29937,confirmed,0.867
790,14,triangle,1027,492,17693,confirmed,0.773
790,15,pentagon,1887,961,9121,coasting,0.0
791,1,pentagon,1187,586,36538,confirmed,1.0
791,12,hexagon,807,150,27288,confirmed,0.538
791,13,rectangle,342,264,29800,confirmed,0.867
791,14,triangle,1020,524,18514,confirmed,0.773
791,15,pentagon,1888,970,9121,coasting,0.0
792,1,pentagon,1235,553,36616,confirmed,1.0
792,12,hexagon,795,179,27316,confirmed,0.538
792,13,rectangle,392,250,29999,confirmed,0.867
792,14,triangle,1009,562,20961,confirmed,0.783
792,15,pentagon,1888,977,9121,coasting,0.0
793,1,pentagon,1279,518,36483,confirmed,1.0
793,12,hexagon,782,226,21050,confirmed,0.538
793,13,rectangle,448,246,29832,confirmed,0.867
793,14,triangle,989,595,20787,confirmed,0.792
793,15,pentagon,1888,984,9121,coasting,0.0
794,1,pentagon,1322,483,36571,confirmed,1.0
794,12,hexagon,768,280,21507,confirmed,0.538
794,13,rectangle,505,250,29775,confirmed,0.867
794,14,triangle,964,626,21012,confirmed,0.8
794,15,pentagon,1888,990,9121,coasting,0.0
795,1,pentagon,1366,449,36530,confirmed,1.0
795,12,hexagon,755,336,22140,confirmed,0.538
795,13,rectangle,559,260,29739,confirmed,0.867
795,14,triangle,939,657,20881,confirmed,0.808
795,15,pentagon,1888,996,9121,coasting,0.0
796,1,pentagon,1408,413,36571,confirmed,1.0
796,12,hexagon,743,388,21298,confirmed,0.538
796,13,rectangle,610,268,28508,confirmed,0.844
796,14,triangle,918,688,20942,confirmed,0.815
796,15,pentagon,1888,1001,9121,coasting,0.0
797,1,pentagon,1449,377,36523,confirmed,1.0
797,12,hexagon,732,439,26795,confirmed,0.538
797,13,rectangle,662,277,27773,confirmed,0.844
797,14,triangle,904,721,20723,confirmed,0.821
797,15,pentagon,1888,1005,9121,coasting,0.0
798,1,pentagon,1488,341,36565,confirmed,1.0
798,12,hexagon,721,485,27275,confirmed,0.538
798,13,rectangle,716,295,29798,confirmed,0.844
798,14,triangle,898,754,20832,confirmed,0.828
798,15,pentagon,1888,1009,9121,coasting,0.0
799,1,pentagon,1521,303,36597,confirmed,1.0
799,12,hexagon,711,528,26971,confirmed,0.538
799,13,rectangle,768,310,29787,confirmed,0.844
799,14,triangle,917,785,20806,confirmed,0.833
799,15,pentagon,1888,1013,9121,coasting,0.0
800,1,pentagon,1543,264,36547,confirmed,1.0
800,12,hexagon,701,564,27973,confirmed,0.538
800,13,rectangle,809,329,29793,confirmed,0.844
800,14,triangle,959,810,20832,confirmed,0.839
800,15,pentagon,1888,1016,9121,coasting,0.0
801,1,pentagon,1594,235,36637,confirmed,1.0
801,12,hexagon,690,601,27331,confirmed,0.538
801,13,rectangle,835,357,29775,confirmed,0.844
801,14,triangle,1010,830,20945,confirmed,0.844
801,15,pentagon,1888,1019,9121,coasting,0.0
802,1,pentagon,1652,245,36548,confirmed,1.0
802,12,hexagon,680,636,27524,confirmed,0.538
802,13,rectangle,857,387,29967,confirmed,0.844
802,14,triangle,1066,844,20810,confirmed,0.848
803,1,pentagon,1695,281,36512,confirmed,1.0
803,12,hexagon,669,669,21901,confirmed,0.538
803,13,rectangle,878,416,29949,confirmed,0.844
803,14,triangle,1124,856,20813,confirmed,0.853
804,1,pentagon,1725,325,36564,confirmed,1.0
804,12,hexagon,658,703,27437,confirmed,0.538
804,13,rectangle,901,446,29859,confirmed,0.844
804,14,triangle,1184,864,20810,confirmed,0.857
805,1,pentagon,1750,369,36556,confirmed,1.0
805,12,hexagon,646,739,28488,confirmed,0.538
805,13,rectangle,924,473,29762,confirmed,0.844
805,14,triangle,1245,868,20923,confirmed,0.861
806,1,pentagon,1774,412,36644,confirmed,1.0
806,12,hexagon,633,777,27939,confirmed,0.538
806,13,rectangle,948,502,29960,confirmed,0.844
806,14,triangle,1305,870,21003,confirmed,0.865
807,1,pentagon,1797,454,36581,confirmed,1.0
807,12,hexagon,623,814,28147,confirmed,0.538
807,13,rectangle,972,531,29943,confirmed,0.867
807,14,triangle,1366,868,20887,confirmed,0.868
808,1,pentagon,1821,494,36077,confirmed,1.0
808,12,hexagon,612,851,28536,confirmed,0.538
808,13,rectangle,998,558,29910,confirmed,0.867
808,14,triangle,1426,863,20772,confirmed,0.872
809,1,pentagon,1842,536,33538,confirmed,1.0
809,12,hexagon,602,889,27434,confirmed,0.538
809,13,rectangle,1026,587,29954,confirmed,0.889
809,14,triangle,1484,853,20733,confirmed,0.875
810,1,pentagon,1859,576,29292,confirmed,1.0
810,12,hexagon,590,927,27652,confirmed,0.538
810,13,rectangle,1054,613,29814,confirmed,0.911
810,14,triangle,1540,840,20941,confirmed,0.878
811,1,pentagon,1872,617,24529,confirmed,1.0
811,12,hexagon,577,958,27162,confirmed,0.538
811,13,rectangle,1085,639,29805,confirmed,0.933
811,14,triangle,1588,820,20820,confirmed,0.881
811,16,circle,1865,312,27427,confirmed,0.0
812,1,pentagon,1882,657,20553,confirmed,1.0
812,12,hexagon,565,963,27734,confirmed,0.538
812,13,rectangle,1120,664,29747,confirmed,0.956
812,14,triangle,1636,799,20882,confirmed,0.884
812,16,circle,1850,316,30630,confirmed,0.0
813,1,pentagon,1888,699,18373,confirmed,1.0
813,12,hexagon,558,949,27640,confirmed,0.538
813,13,rectangle,1165,683,29914,confirmed,0.956
813,14,triangle,1687,780,20865,confirmed,0.886
813,16,circle,1832,328,32670,confirmed,0.0
814,1,pentagon,1890,742,17098,confirmed,1.0
814,12,hexagon,556,940,23859,confirmed,0.538
814,13,rectangle,1215,698,29931,confirmed,0.956
814,14,triangle,1744,768,20807,confirmed,0.889
814,16,circle,1805,366,32686,confirmed,1.0
815,1,pentagon,1888,785,18573,confirmed,1.0
815,12,hexagon,557,921,28435,confirmed,0.538
815,13,rectangle,1268,711,29935,confirmed,0.956
815,14,triangle,1797,753,20807,coasting,0.889
815,16,circle,1786,395,32684,confirmed,1.0
816,1,pentagon,1880,827,23780,confirmed,1.0
816,12,hexagon,561,893,27536,confirmed,0.538
816,13,rectangle,1322,721,29825,confirmed,0.956
816,14,triangle,1845,740,20807,coasting,0.889
816,16,circle,1775,421,32674,confirmed,1.0
817,1,pentagon,1863,867,33061,confirmed,1.0
817,12,hexagon,573,832,26888,confirmed,0.5
817,13,rectangle,1376,730,29971,confirmed,0.956
817,14,triangle,1889,728,20807,coasting,0.889
817,16,circle,1769,446,32696,confirmed,1.0
818,1,pentagon,1793,886,36569,confirmed,1.0
818,12,hexagon,578,788,27411,confirmed,0.5
818,13,rectangle,1432,736,29941,confirmed,0.956
818,14,triangle,1928,717,20807,coasting,0.889
818,16,circle,1766,471,32699,confirmed,1.0
819,1,pentagon,1712,893,36632,confirmed,1.0
819,12,hexagon,579,747,27505,confirmed,0.5
819,13,rectangle,1489,737,29827,confirmed,0.956
819,14,triangle,1963,707,20807,coasting,0.889
819,16,circle,1765,496,32692,confirmed,1.0
820,1,pentagon,1631,895,36478,confirmed,1.0
820,12,hexagon,577,705,28013,confirmed,0.5
820,13,rectangle,1542,729,26541,confirmed,0.933
820,16,circle,1766,520,32643,confirmed,1.0
821,1,pentagon,1555,884,36601,confirmed,1.0
821,12,hexagon,575,666,27653,confirmed,0.5
821,13,rectangle,1600,724,22444,confirmed,0.933
821,16,circle,1770,545,32698,confirmed,1.0
822,1,pentagon,1483,866,36597,confirmed,1.0
822,12,hexagon,573,628,26975,confirmed,0.5
822,13,rectangle,1657,732,28836,confirmed,0.911
822,16,circle,1777,570,32684,confirmed,1.0
823,1,pentagon,1414,845,36629,confirmed,1.0
823,12,hexagon,570,590,27170,confirmed,0.5
823,13,rectangle,1712,736,24954,confirmed,0.911
823,16,circle,1789,593,32695,confirmed,1.0
824,1,pentagon,1352,818,36499,confirmed,1.0
824,12,hexagon,567,553,27331,confirmed,0.5
824,13,rectangle,1765,743,18468,confirmed,0.911
824,16,circle,1804,616,32829,confirmed,1.0
825,1,pentagon,1295,789,36553,confirmed,1.0
825,12,hexagon,565,517,26913,confirmed,0.5
825,13,rectangle,1820,749,18468,coasting,0.911
825,16,circle,1826,634,28433,confirmed,1.0
826,1,pentagon,1239,758,36442,confirmed,1.0
826,12,hexagon,564,480,27587,confirmed,0.5
826,13,rectangle,1869,753,18468,coasting,0.911
826,16,circle,1851,643,20134,confirmed,1.0
827,1,pentagon,1184,728,36506,confirmed,1.0
827,12,hexagon,562,442,24203,confirmed,0.5
827,13,rectangle,1913,757,18468,coasting,0.911
827,16,circle,1872,659,20134,coasting,1.0
828,1,pentagon,1130,696,36547,confirmed,1.0
828,12,hexagon,559,404,27919,confirmed,0.5
828,13,rectangle,1953,761,18468,coasting,0.911
828,16,circle,1892,672,20134,coasting,1.0
829,1,pentagon,1078,665,36531,confirmed,1.0
829,12,hexagon,557,365,26910,confirmed,0.467
829,16,circle,1909,685,20134,coasting,1.0
830,1,pentagon,1029,632,36444,confirmed,1.0
830,12,hexagon,554,328,27126,confirmed,0.467
830,16,circle,1924,696,20134,coasting,1.0
831,1,pentagon,985,596,36460,confirmed,1.0
831,12,hexagon,552,289,26979,confirmed,0.467
831,16,circle,1938,706,20134,coasting,1.0
832,1,pentagon,947,559,36603,confirmed,1.0
832,12,hexagon,549,249,24045,confirmed,0.467
832,16,circle,1951,715,20134,coasting,1.0
833,1,pentagon,915,519,36558,confirmed,1.0
833,12,hexagon,547,210,27574,confirmed,0.467
833,16,circle,1962,723,20134,coasting,1.0
834,1,pentagon,894,477,36546,confirmed,1.0
834,12,hexagon,545,173,27967,confirmed,0.467
834,16,circle,1972,730,20134,coasting,1.0
835,1,pentagon,875,435,36529,confirmed,1.0
835,12,hexagon,543,137,28657,confirmed,0.467
836,1,pentagon,851,394,36614,confirmed,1.0
836,12,hexagon,541,107,27826,confirmed,0.467
837,1,pentagon,821,355,36549,confirmed,1.0
837,12,hexagon,531,136,21651,confirmed,0.438
838,1,pentagon,785,316,36597,confirmed,1.0
838,12,hexagon,522,157,28543,confirmed,0.438
839,1,pentagon,740,281,36597,confirmed,1.0
839,12,hexagon,514,191,28225,confirmed,0.438
840,1,pentagon,687,249,36587,confirmed,1.0
840,12,hexagon,502,234,24297,confirmed,0.438
841,1,pentagon,619,234,36577,confirmed,1.0
841,12,hexagon,489,284,20189,confirmed,0.438
842,1,pentagon,547,244,36522,confirmed,1.0
842,12,hexagon,477,338,17399,confirmed,0.438
843,1,pentagon,484,273,36556,confirmed,1.0
843,12,hexagon,465,386,17399,coasting,0.438
844,1,pentagon,437,311,36606,confirmed,1.0
844,12,hexagon,455,429,17399,coasting,0.438
844,17,rectangle,1804,242,29843,confirmed,1.0
845,1,pentagon,400,352,36595,confirmed,1.0
845,12,hexagon,454,469,18648,confirmed,0.438
845,17,rectangle,1744,254,29770,confirmed,1.0
846,1,pentagon,367,393,36444,confirmed,1.0
846,12,hexagon,454,509,20640,confirmed,0.438
846,17,rectangle,1693,271,29970,confirmed,1.0
847,1,pentagon,342,435,36517,confirmed,1.0
847,12,hexagon,452,546,21070,confirmed,0.438
847,17,rectangle,1651,295,29854,confirmed,1.0
847,18,trapezoid,1865,267,19341,confirmed,0.0
848,1,pentagon,325,478,36554,confirmed,1.0
848,12,hexagon,449,583,21207,confirmed,0.438
848,17,rectangle,1617,323,29914,confirmed,1.0
848,18,triangle,1847,296,20558,confirmed,0.0
849,1,pentagon,313,521,36610,confirmed,1.0
849,12,hexagon,443,619,21063,confirmed,0.438
849,17,rectangle,1592,352,29791,confirmed,1.0
849,18,triangle,1826,332,20861,confirmed,0.0
850,1,pentagon,310,565,36477,confirmed,1.0
850,12,hexagon,435,657,21240,confirmed,0.438
850,17,rectangle,1572,383,29708,confirmed,1.0
850,18,triangle,1799,389,20949,confirmed,1.0
851,1,pentagon,316,609,36523,confirmed,1.0
851,12,hexagon,426,696,18381,confirmed,0.438
851,17,rectangle,1552,413,29842,confirmed,1.0
851,18,triangle,1782,430,20989,confirmed,1.0
851,19,circle,1874,142,25264,confirmed,0.0
852,1,pentagon,324,652,36578,confirmed,1.0
852,12,hexagon,419,735,18381,coasting,0.438
852,17,rectangle,1532,443,29908,confirmed,1.0
852,18,triangle,1769,465,20689,confirmed,1.0
852,19,circle,1853,145,31833,confirmed,0.0
853,1,pentagon,335,695,36513,confirmed,1.0
853,12,hexagon,412,769,18381,coasting,0.438
853,17,rectangle,1512,473,29932,confirmed,1.0
853,18,triangle,1763,499,20967,confirmed,1.0
853,19,circle,1800,157,32679,confirmed,1.0
854,1,pentagon,376,728,36594,confirmed,1.0
854,12,hexagon,406,800,18381,coasting,0.438
854,17,rectangle,1492,503,29753,confirmed,1.0
854,18,triangle,1764,533,20853,confirmed,1.0
854,19,circle,1757,172,32663,confirmed,1.0
855,1,pentagon,448,735,36556,confirmed,1.0
855,12,hexagon,392,834,20894,confirmed,0.438
855,17,rectangle,1473,533,29900,confirmed,1.0
855,18,triangle,1766,566,20859,confirmed,1.0
855,19,circle,1724,190,32686,confirmed,1.0
856,1,pentagon,522,717,36518,confirmed,1.0
856,12,hexagon,380,869,27208,confirmed,0.438
856,17,rectangle,1453,564,29822,confirmed,1.0
856,18,triangle,1768,601,20718,confirmed,1.0
856,19,circle,1698,211,32673,confirmed,1.0
857,1,pentagon,595,693,36583,confirmed,1.0
857,12,hexagon,372,882,27126,confirmed,0.438
857,17,rectangle,1434,593,29872,confirmed,1.0
857,18,triangle,1769,636,20909,confirmed,1.0
857,19,circle,1678,234,32657,confirmed,1.0
858,1,pentagon,665,668,36475,confirmed,1.0
858,12,hexagon,369,873,27682,confirmed,0.438
858,17,rectangle,1414,625,29954,confirmed,1.0
858,18,triangle,1770,670,20881,confirmed,1.0
858,19,circle,1662,257,32705,confirmed,1.0
859,1,pentagon,733,645,36524,confirmed,1.0
859,12,hexagon,369,843,27207,confirmed,0.438
859,17,rectangle,1394,654,29963,confirmed,1.0
859,18,triangle,1769,705,20778,confirmed,1.0
859,19,circle,1646,281,32672,confirmed,1.0
860,1,pentagon,798,620,36525,confirmed,1.0
860,12,hexagon,372,799,27359,confirmed,0.438
860,17,rectangle,1375,684,29983,confirmed,1.0
860,18,triangle,1758,738,20786,confirmed,1.0
860,19,circle,1634,305,32685,confirmed,1.0
861,1,pentagon,861,594,36485,confirmed,1.0
861,12,hexagon,376,747,28061,confirmed,0.438
861,17,rectangle,1355,715,29966,confirmed,1.0
861,18,triangle,1733,770,20917,confirmed,1.0
861,19,circle,1628,330,32696,confirmed,1.0
862,1,pentagon,922,567,36642,confirmed,1.0
862,12,hexagon,379,692,27562,confirmed,0.438
862,17,rectangle,1334,745,29952,confirmed,1.0
862,18,triangle,1692,796,20911,confirmed,1.0
862,19,circle,1623,354,32689,confirmed,1.0
863,1,pentagon,982,539,36576,confirmed,1.0
863,12,hexagon,382,626,22869,confirmed,0.412
863,17,rectangle,1312,775,29956,confirmed,1.0
863,18,triangle,1639,815,20816,confirmed,1.0
863,19,circle,1620,379,32679,confirmed,1.0
864,1,pentagon,1042,511,36577,confirmed,1.0
864,12,hexagon,384,574,27463,confirmed,0.412
864,17,rectangle,1288,803,29758,confirmed,1.0
864,18,triangle,1583,830,20880,confirmed,1.0
864,19,circle,1616,404,32715,confirmed,1.0
865,1,pentagon,1102,483,36512,confirmed,1.0
865,12,hexagon,388,529,27727,confirmed,0.412
865,17,rectangle,1259,832,29798,confirmed,1.0
865,18,triangle,1525,843,20707,confirmed,1.0
865,19,circle,1621,428,32682,confirmed,1.0
866,1,pentagon,1163,456,36628,confirmed,1.0
866,12,hexagon,391,489,27831,confirmed,0.412
866,17,rectangle,1226,858,29796,confirmed,1.0
866,18,triangle,1464,852,20896,confirmed,1.0
866,19,circle,1631,452,32666,confirmed,1.0
867,1,pentagon,1195,435,36502,confirmed,1.0
867,12,hexagon,391,454,27366,confirmed,0.412
867,17,rectangle,1188,883,29805,confirmed,1.0
867,18,triangle,1402,858,20913,confirmed,1.0
867,19,circle,1644,476,32683,confirmed,1.0
868,1,pentagon,1149,441,36484,confirmed,1.0
868,12,hexagon,389,421,28356,confirmed,0.412
868,17,rectangle,1144,903,29928,confirmed,1.0
868,18,triangle,1341,863,20956,confirmed,1.0
868,19,circle,1665,498,32695,confirmed,1.0
869,1,pentagon,1174,421,36636,confirmed,1.0
869,12,hexagon,390,387,27607,confirmed,0.412
869,17,rectangle,1095,919,29812,confirmed,1.0
869,18,triangle,1279,864,20891,confirmed,1.0
869,19,circle,1701,512,32695,confirmed,1.0
870,1,pentagon,1227,392,36557,confirmed,1.0
870,12,hexagon,391,353,27483,confirmed,0.412
870,17,rectangle,1041,931,29759,confirmed,1.0
870,18,triangle,1219,859,20726,confirmed,1.0
870,19,circle,1744,513,32657,confirmed,1.0
871,1,pentagon,1288,361,36559,confirmed,1.0
871,12,hexagon,392,318,27436,confirmed,0.412
871,17,rectangle,986,943,29817,confirmed,1.0
871,18,triangle,1174,838,20742,confirmed,1.0
871,19,circle,1784,501,32673,confirmed,1.0
872,1,pentagon,1352,333,36618,confirmed,1.0
872,12,hexagon,393,284,27436,coasting,0.412
872,17,rectangle,930,940,29794,confirmed,1.0
872,18,triangle,1159,804,20798,confirmed,1.0
872,19,circle,1814,480,32671,confirmed,1.0
873,1,pentagon,1419,308,36572,confirmed,1.0
873,12,hexagon,388,265,27129,confirmed,0.412
873,17,rectangle,874,932,29827,confirmed,1.0
873,18,triangle,1164,767,20847,confirmed,1.0
873,19,circle,1841,463,31720,confirmed,1.0
874,1,pentagon,1492,294,36519,confirmed,1.0
874,12,hexagon,380,271,27404,confirmed,0.412
874,17,rectangle,817,923,29857,confirmed,1.0
874,18,triangle,1176,732,20886,confirmed,1.0
874,19,circle,1861,443,29147,confirmed,1.0
875,1,pentagon,1569,294,36516,confirmed,1.0
875,12,hexagon,366,342,22804,confirmed,0.444
875,17,rectangle,763,912,29919,confirmed,1.0
875,18,triangle,1193,697,20846,confirmed,1.0
875,19,circle,1874,420,26133,confirmed,1.0
876,1,pentagon,1636,316,36550,confirmed,1.0
876,12,hexagon,360,383,27805,confirmed,0.444
876,17,rectangle,710,899,29824,confirmed,1.0
876,18,triangle,1213,663,20747,confirmed,1.0
876,19,circle,1882,394,22745,confirmed,1.0
877,1,pentagon,1694,348,36603,confirmed,1.0
877,12,hexagon,351,427,28095,confirmed,0.444
877,17,rectangle,659,884,29951,confirmed,1.0
877,18,triangle,1234,630,20928,confirmed,1.0
877,19,circle,1887,369,19171,confirmed,1.0
878,1,pentagon,1739,386,36538,confirmed,1.0
878,12,hexagon,346,469,23018,confirmed,0.444
878,17,rectangle,609,867,29941,confirmed,1.0
878,18,triangle,1258,598,20846,confirmed,1.0
878,19,circle,1890,342,15816,confirmed,1.0
879,1,pentagon,1768,429,36619,confirmed,1.0
879,12,hexagon,341,511,27074,confirmed,0.444
879,17,rectangle,562,850,29943,confirmed,1.0
879,18,triangle,1284,566,20801,confirmed,1.0
879,19,circle,1888,313,17392,confirmed,1.0
880,1,pentagon,1788,472,36594,confirmed,1.0
880,12,hexagon,336,553,26990,confirmed,0.444
880,17,rectangle,515,831,29922,confirmed,1.0
880,18,triangle,1312,535,20918,confirmed,1.0
880,19,circle,1881,288,20928,confirmed,1.0
881,1,pentagon,1813,513,36630,confirmed,1.0
881,12,hexagon,330,594,27142,confirmed,0.444
881,17,rectangle,467,811,29796,confirmed,1.0
881,18,triangle,1341,505,20757,confirmed,1.0
881,19,circle,1873,263,22360,confirmed,1.0
882,1,pentagon,1833,556,36049,confirmed,1.0
882,12,hexagon,325,634,27717,confirmed,0.444
882,17,rectangle,430,791,28961,confirmed,1.0
882,18,triangle,1371,474,20893,confirmed,1.0
882,19,circle,1865,239,23773,confirmed,1.0
883,1,pentagon,1843,599,36080,confirmed,1.0
883,12,hexagon,319,670,27464,confirmed,0.444
883,17,rectangle,393,771,22428,confirmed,1.0
883,18,triangle,1400,444,20955,confirmed,1.0
883,19,circle,1857,215,25495,confirmed,1.0
884,1,pentagon,1843,643,36548,confirmed,1.0
884,12,hexagon,311,707,27128,confirmed,0.444
884,17,rectangle,354,751,22428,coasting,1.0
884,18,triangle,1427,412,20835,confirmed,1.0
884,19,circle,1849,191,27283,confirmed,1.0
885,1,pentagon,1809,688,36449,confirmed,1.0
885,12,hexagon,303,742,26846,confirmed,0.421
885,17,rectangle,318,734,22428,coasting,1.0
885,18,triangle,1451,380,20904,confirmed,1.0
885,19,circle,1842,168,29341,confirmed,1.0
886,1,pentagon,1783,732,36607,confirmed,1.0
886,12,hexagon,296,779,26785,confirmed,0.4
886,17,rectangle,302,691,20056,confirmed,1.0
886,18,triangle,1472,348,20923,confirmed,1.0
886,19,circle,1833,145,31592,confirmed,1.0
887,1,pentagon,1755,774,36538,confirmed,1.0
887,12,hexagon,287,816,27346,confirmed,0.4
887,17,rectangle,312,644,29851,confirmed,1.0
887,18,triangle,1490,315,20898,confirmed,1.0
887,19,circle,1815,124,32673,confirmed,1.0
888,1,pentagon,1720,813,36615,confirmed,1.0
888,12,hexagon,280,854,27116,confirmed,0.4
888,17,rectangle,312,608,29950,confirmed,1.0
888,18,triangle,1507,281,20759,confirmed,1.0
888,19,circle,1797,103,32755,confirmed,1.0
889,1,pentagon,1676,849,36658,confirmed,1.0
889,12,hexagon,273,892,27396,confirmed,0.4
889,17,rectangle,311,576,29877,confirmed,1.0
889,18,triangle,1516,246,20775,confirmed,1.0
889,19,circle,1775,83,31000,confirmed,1.0
890,1,pentagon,1621,881,36526,confirmed,1.0
890,12,hexagon,266,913,27400,confirmed,0.4
890,17,rectangle,310,543,29708,confirmed,1.0
890,18,triangle,1520,212,20850,confirmed,1.0
890,19,circle,1749,68,28314,confirmed,1.0
891,1,pentagon,1554,903,36596,confirmed,1.0
891,12,hexagon,263,908,27380,confirmed,0.4
891,17,rectangle,311,511,29754,confirmed,1.0
891,18,triangle,1509,179,20744,confirmed,1.0
891,19,circle,1718,56,25291,confirmed,1.0
892,1,pentagon,1478,912,36537,confirmed,1.0
892,12,hexagon,260,892,27378,confirmed,0.4
892,17,rectangle,311,479,29703,confirmed,1.0
892,18,triangle,1469,154,21017,confirmed,1.0
892,19,circle,1684,47,22412,confirmed,1.0
893,1,pentagon,1398,913,36484,confirmed,1.0
893,12,hexagon,260,886,27341,confirmed,0.4
893,17,rectangle,306,447,29829,confirmed,1.0
893,18,triangle,1418,131,20752,confirmed,1.0
893,19,circle,1646,41,19976,confirmed,1.0
894,1,pentagon,1328,893,36545,confirmed,1.0
894,12,hexagon,263,876,27409,confirmed,0.4
894,17,rectangle,298,416,29764,confirmed,1.0
894,18,triangle,1375,108,20683,confirmed,1.0
894,19,circle,1604,38,18250,confirmed,1.0
895,1,pentagon,1261,868,36507,confirmed,1.0
895,12,hexagon,267,853,27483,confirmed,0.4
895,17,rectangle,289,383,29776,confirmed,1.0
895,18,triangle,1325,90,20289,confirmed,1.0
895,19,circle,1559,38,17340,confirmed,1.0
896,1,pentagon,1199,840,36567,confirmed,1.0
896,12,hexagon,271,820,27477,confirmed,0.4
896,17,rectangle,280,352,29749,confirmed,1.0
896,18,triangle,1269,76,19831,confirmed,1.0
896,19,circle,1512,38,17056,confirmed,1.0
897,1,pentagon,1149,805,36597,confirmed,1.0
897,12,hexagon,271,780,27530,confirmed,0.4
897,17,rectangle,268,320,29773,confirmed,1.0
897,18,triangle,1208,67,19367,confirmed,1.0
897,19,circle,1464,40,17085,confirmed,1.0
898,1,pentagon,1111,767,36628,confirmed,1.0
898,12,hexagon,267,719,26900,confirmed,0.381
898,17,rectangle,256,288,29737,confirmed,1.0
898,18,triangle,1144,66,19689,confirmed,1.0
898,19,circle,1417,43,17352,confirmed,1.0
899,1,pentagon,1077,726,36555,confirmed,1.0
899,12,hexagon,267,674,27375,confirmed,0.381
899,17,rectangle,241,257,29935,confirmed,1.0
899,18,triangle,1078,69,19569,confirmed,1.0
899,19,circle,1370,45,17602,confirmed,1.0
900,1,pentagon,1048,685,36621,confirmed,1.0
900,12,hexagon,264,633,27280,confirmed,0.381
900,17,rectangle,218,227,29823,confirmed,1.0
900,18,triangle,1011,76,19845,confirmed,1.0
900,19,circle,1324,47,17836,confirmed,1.0
901,1,pentagon,1019,644,36462,confirmed,1.0
901,12,hexagon,261,592,26878,confirmed,0.381
901,17,rectangle,177,217,29799,confirmed,1.0
901,18,triangle,946,84,20049,confirmed,1.0
901,19,circle,1284,51,20848,confirmed,1.0
902,1,pentagon,990,603,36496,confirmed,1.0
902,12,hexagon,256,554,26895,confirmed,0.381
902,17,rectangle,144,239,29768,confirmed,1.0
902,18,triangle,882,93,20218,confirmed,1.0
902,19,circle,1251,58,24720,confirmed,1.0
903,1,pentagon,961,563,36530,confirmed,1.0
903,12,hexagon,251,517,27712,confirmed,0.381
903,17,rectangle,120,272,29778,confirmed,1.0
903,18,triangle,819,99,20036,confirmed,1.0
903,19,circle,1224,68,28204,confirmed,1.0
904,1,pentagon,931,522,36597,confirmed,1.0
904,12,hexagon,244,481,27429,confirmed,0.381
904,17,rectangle,103,306,29918,confirmed,1.0
904,18,triangle,757,101,19860,confirmed,1.0
904,19,circle,1201,80,31097,confirmed,1.0
905,1,pentagon,902,481,36470,confirmed,1.0
905,12,hexagon,241,444,27363,confirmed,0.381
905,17,rectangle,89,337,28675,confirmed,0.978
905,18,triangle,696,100,19803,confirmed,1.0
905,19,circle,1181,95,32766,confirmed,1.0
906,1,pentagon,871,441,36540,confirmed,1.0
906,12,hexagon,243,407,31034,confirmed,0.381
906,17,rectangle,75,368,27232,confirmed,0.956
906,18,triangle,636,96,19393,confirmed,1.0
906,19,circle,1168,122,32689,confirmed,1.0
907,1,pentagon,839,401,36507,confirmed,1.0
907,12,hexagon,240,370,27647,confirmed,0.381
907,17,rectangle,62,400,27784,confirmed,0.956
907,18,triangle,576,90,19025,confirmed,1.0
907,19,circle,1150,146,32667,confirmed,1.0
908,1,pentagon,800,363,36571,confirmed,1.0
908,12,hexagon,230,333,26875,confirmed,0.364
908,17,rectangle,53,434,26654,confirmed,0.956
908,18,triangle,516,83,18820,confirmed,1.0
908,19,circle,1131,170,32696,confirmed,1.0
909,1,pentagon,739,340,36538,confirmed,1.0
909,12,hexagon,225,297,27206,confirmed,0.364
909,17,rectangle,50,468,26828,confirmed,0.956
909,18,triangle,456,77,18585,confirmed,1.0
909,19,circle,1115,193,32707,confirmed,1.0
910,1,pentagon,675,359,36460,confirmed,1.0
910,12,hexagon,222,259,27266,confirmed,0.364
910,17,rectangle,49,501,26019,confirmed,0.956
910,18,triangle,395,73,18713,confirmed,1.0
910,19,circle,1101,217,32692,confirmed,1.0
911,1,pentagon,613,390,36654,confirmed,1.0
911,12,hexagon,220,220,27751,confirmed,0.364
911,17,rectangle,52,534,26096,confirmed,0.956
911,18,triangle,334,73,19015,confirmed,1.0
911,19,circle,1089,241,32654,confirmed,1.0
912,1,pentagon,557,425,36526,confirmed,1.0
912,12,hexagon,220,181,26925,confirmed,0.348
912,17,rectangle,55,567,26557,confirmed,0.956
912,18,triangle,273,70,19015,coasting,1.0
912,19,circle,1080,265,32697,confirmed,1.0
913,1,pentagon,507,462,36511,confirmed,1.0
913,12,hexagon,219,143,27029,confirmed,0.348
913,17,rectangle,61,599,28604,confirmed,0.956
913,18,triangle,219,68,19015,coasting,1.0
913,19,circle,1072,289,32667,confirmed,1.0
914,1,pentagon,460,498,36580,confirmed,1.0
914,12,trapezoid,218,123,26936,confirmed,0.375
914,17,rectangle,75,630,29866,confirmed,0.956
914,18,triangle,170,66,19015,coasting,1.0
914,19,circle,1066,314,32691,confirmed,1.0
915,1,pentagon,420,537,36637,confirmed,1.0
915,12,trapezoid,215,117,27279,confirmed,0.375
915,17,rectangle,93,660,29880,confirmed,0.956
915,18,triangle,126,64,19015,coasting,1.0
915,19,circle,1064,339,32688,confirmed,1.0
916,1,pentagon,388,577,36606,confirmed,1.0
916,12,trapezoid,211,135,27748,confirmed,0.375
916,17,rectangle,112,691,29950,confirmed,0.956
916,18,triangle,86,62,19015,coasting,1.0
916,19,circle,1065,364,32665,confirmed,1.0
917,1,pentagon,367,619,36572,confirmed,1.0
917,12,trapezoid,204,171,27206,confirmed,0.375
917,17,rectangle,135,721,30002,confirmed,0.956
917,18,triangle,50,61,19015,coasting,1.0
917,19,circle,1066,389,32694,confirmed,1.0
918,1,pentagon,354,661,36547,confirmed,1.0
918,12,trapezoid,197,221,27181,confirmed,0.375
918,17,rectangle,164,750,29945,confirmed,0.956
918,18,triangle,18,60,19015,coasting,1.0
918,19,circle,1068,413,32660,confirmed,1.0
919,1,pentagon,373,704,36636,confirmed,1.0
919,12,trapezoid,190,276,27505,confirmed,0.375
919,17,rectangle,200,773,29664,confirmed,0.956
919,18,triangle,-11,58,19015,coasting,1.0
919,19,circle,1071,438,32697,confirmed,1.0
920,1,pentagon,414,741,36670,confirmed,1.0
920,12,trapezoid,185,334,31788,confirmed,0.375
920,17,rectangle,234,766,29935,confirmed,0.956
920,18,triangle,-37,57,19015,coasting,1.0
920,19,circle,1080,462,32689,confirmed,1.0
921,1,pentagon,485,759,36550,confirmed,1.0
921,12,trapezoid,173,390,26709,confirmed,0.4
921,17,rectangle,258,736,29927,confirmed,0.956
921,19,circle,1091,486,32668,confirmed,1.0
922,1,pentagon,567,759,36616,confirmed,1.0
922,12,trapezoid,165,440,27136,confirmed,0.4
922,17,rectangle,285,704,29959,confirmed,0.956
922,19,circle,1108,509,32695,confirmed,1.0
923,1,pentagon,648,750,36619,confirmed,1.0
923,12,trapezoid,156,483,27375,confirmed,0.4
923,17,rectangle,315,673,29772,confirmed,0.956
923,19,circle,1141,525,32678,confirmed,1.0
924,1,pentagon,726,736,36521,confirmed,1.0
924,12,trapezoid,149,521,27094,confirmed,0.4
924,17,rectangle,341,644,29858,confirmed,0.956
924,19,circle,1184,528,32693,confirmed,1.0
925,1,pentagon,802,722,36593,confirmed,1.0
925,12,trapezoid,147,548,28057,confirmed,0.423
925,17,rectangle,362,613,29758,confirmed,0.956
925,19,circle,1225,518,32691,confirmed,1.0
926,1,pentagon,875,706,36630,confirmed,1.0
926,12,trapezoid,134,582,30850,confirmed,0.423
926,17,rectangle,380,582,29779,confirmed,0.956
926,19,circle,1259,499,32709,confirmed,1.0
927,1,pentagon,946,687,36604,confirmed,1.0
927,12,trapezoid,127,618,26839,confirmed,0.444
927,17,rectangle,397,551,29925,confirmed,0.956
927,19,circle,1286,477,32714,confirmed,1.0
928,1,pentagon,1015,667,36593,confirmed,1.0
928,12,trapezoid,121,656,26846,confirmed,0.464
928,17,rectangle,414,519,29819,confirmed,0.956
928,19,circle,1310,455,32668,confirmed,1.0
929,1,pentagon,1077,641,36555,confirmed,1.0
929,12,trapezoid,114,693,26974,confirmed,0.464
929,17,rectangle,429,489,29948,confirmed,0.956
929,19,circle,1332,433,32685,confirmed,1.0
930,1,pentagon,1130,609,36561,confirmed,1.0
930,12,trapezoid,108,731,26805,confirmed,0.464
930,17,rectangle,445,457,29799,confirmed,0.956
930,19,circle,1355,411,32691,confirmed,1.0
931,1,pentagon,1179,575,36464,confirmed,1.0
931,12,trapezoid,104,769,26842,confirmed,0.464
931,17,rectangle,461,428,29836,confirmed,0.956
931,19,circle,1368,388,32669,confirmed,1.0
932,1,pentagon,1224,539,36602,confirmed,1.0
932,12,trapezoid,100,807,26611,confirmed,0.464
932,17,rectangle,477,397,29911,confirmed,0.956
932,19,circle,1372,364,32703,confirmed,1.0
932,20,trapezoid,266,765,18490,confirmed,1.0
933,1,pentagon,1258,500,36552,confirmed,1.0
933,12,trapezoid,98,845,27122,confirmed,0.464
933,17,rectangle,495,366,29759,confirmed,0.956
933,19,circle,1374,338,32392,confirmed,1.0
933,20,trapezoid,288,791,20633,confirmed,0.5
934,1,pentagon,1267,457,36593,confirmed,1.0
934,12,trapezoid,96,883,26094,confirmed,0.464
934,17,rectangle,513,335,29806,confirmed,0.956
934,19,circle,1378,309,30639,confirmed,1.0
934,20,triangle,332,816,20729,confirmed,0.667
935,1,pentagon,1279,413,36560,confirmed,1.0
935,12,trapezoid,100,899,27044,confirmed,0.464
935,17,rectangle,534,305,29777,confirmed,0.956
935,19,circle,1382,281,27206,confirmed,1.0
935,20,triangle,391,831,20880,confirmed,0.75
936,1,pentagon,1304,373,36529,confirmed,1.0
936,12,trapezoid,106,890,26971,confirmed,0.464
936,17,rectangle,557,276,29830,confirmed,0.956
936,19,circle,1382,251,21551,confirmed,1.0
936,20,triangle,454,834,20915,confirmed,0.8
937,1,pentagon,1341,334,36582,confirmed,1.0
937,12,trapezoid,118,858,27668,confirmed,0.464
937,17,rectangle,580,247,29946,confirmed,0.956
937,19,circle,1385,222,21551,coasting,1.0
937,20,triangle,517,826,20923,confirmed,0.833
938,1,pentagon,1386,298,36448,confirmed,1.0
938,12,trapezoid,132,811,27130,confirmed,0.464
938,17,rectangle,603,216,29931,confirmed,0.956
938,19,circle,1387,196,21551,coasting,1.0
938,20,triangle,577,817,20905,confirmed,0.857
939,1,pentagon,1449,274,36560,confirmed,1.0
939,12,trapezoid,152,724,26956,confirmed,0.483
939,17,rectangle,626,188,29825,confirmed,0.956
939,19,circle,1359,181,29081,confirmed,1.0
939,20,triangle,636,804,20957,confirmed,0.875
940,1,pentagon,1522,262,36556,confirmed,1.0
940,12,trapezoid,168,668,27107,confirmed,0.483
940,17,rectangle,649,159,29985,confirmed,0.956
940,19,circle,1290,176,32739,confirmed,1.0
940,20,triangle,691,788,20967,confirmed,0.889
941,1,pentagon,1601,265,36517,confirmed,1.0
941,12,trapezoid,185,620,27111,confirmed,0.483
941,17,rectangle,676,131,29951,confirmed,0.956
941,19,circle,1241,166,32672,confirmed,1.0
941,20,triangle,743,769,20784,confirmed,0.9
942,1,pentagon,1675,281,36499,confirmed,1.0
942,12,trapezoid,202,579,26945,confirmed,0.483
942,17,rectangle,704,103,29699,confirmed,0.956
942,19,circle,1198,158,32656,confirmed,1.0
942,20,triangle,791,747,21024,confirmed,0.909
943,1,pentagon,1734,311,36632,confirmed,1.0
943,12,trapezoid,222,544,27276,confirmed,0.483
943,17,rectangle,737,81,26550,confirmed,0.956
943,19,circle,1155,151,32702,confirmed,1.0
943,20,triangle,836,723,20834,confirmed,0.917
944,1,pentagon,1780,349,36647,confirmed,1.0
944,12,trapezoid,241,512,27193,confirmed,0.483
944,17,rectangle,778,66,24359,confirmed,0.956
944,19,circle,1111,147,32693,confirmed,1.0
944,20,triangle,881,700,20808,confirmed,0.923
945,1,pentagon,1824,382,36632,confirmed,1.0
945,12,trapezoid,261,480,27332,confirmed,0.483
945,17,rectangle,821,63,27106,confirmed,0.956
945,19,circle,1067,145,32665,confirmed,1.0
945,20,triangle,913,670,20891,confirmed,0.929
946,1,pentagon,1857,421,35462,confirmed,1.0
946,12,trapezoid,283,449,26926,confirmed,0.483
946,17,rectangle,862,72,28746,confirmed,0.956
946,19,circle,1025,146,32677,confirmed,1.0
946,20,triangle,941,639,20832,confirmed,0.933
947,1,pentagon,1874,464,34407,confirmed,1.0
947,12,trapezoid,307,415,27555,confirmed,0.483
947,17,rectangle,903,71,28746,coasting,0.956
947,19,circle,985,155,32682,confirmed,1.0
947,20,triangle,968,609,20953,confirmed,0.938
948,1,pentagon,1879,509,33486,confirmed,1.0
948,12,trapezoid,330,382,26907,confirmed,0.483
948,17,rectangle,939,70,28746,coasting,0.956
948,19,circle,946,166,32704,confirmed,1.0
948,20,triangle,992,577,20797,confirmed,0.941
949,1,pentagon,1876,556,32780,confirmed,1.0
949,12,trapezoid,353,349,27564,confirmed,0.483
949,17,rectangle,971,69,28746,coasting,0.956
949,19,circle,906,178,32658,confirmed,1.0
949,20,triangle,1014,544,20865,confirmed,0.944
950,1,pentagon,1867,603,32948,confirmed,1.0
950,12,trapezoid,379,314,27317,confirmed,0.483
950,17,rectangle,1008,116,28259,confirmed,0.956
950,19,circle,868,190,32660,confirmed,1.0
950,20,triangle,1031,511,20754,confirmed,0.947
951,1,pentagon,1854,650,34071,confirmed,1.0
951,12,trapezoid,404,278,23747,confirmed,0.483
951,17,rectangle,1062,207,29774,confirmed,0.956
951,19,circle,832,206,32702,confirmed,1.0
951,20,triangle,1043,477,20747,confirmed,0.95
952,1,pentagon,1836,696,36123,confirmed,1.0
952,12,trapezoid,431,243,27339,confirmed,0.483
952,17,rectangle,1111,245,29178,confirmed,0.933
952,19,circle,801,224,32692,confirmed,1.0
952,20,triangle,1052,443,20746,confirmed,0.952
953,1,pentagon,1788,733,36526,confirmed,1.0
953,12,trapezoid,458,207,23003,confirmed,0.483
953,17,rectangle,1157,268,29193,confirmed,0.911
953,19,circle,775,244,32667,confirmed,1.0
953,20,triangle,1059,409,20747,confirmed,0.955
954,1,pentagon,1729,762,36467,confirmed,1.0
954,12,trapezoid,476,197,27881,confirmed,0.483
954,17,rectangle,1199,289,29553,confirmed,0.911
954,19,circle,753,266,32675,confirmed,1.0
954,20,triangle,1063,374,20792,confirmed,0.957
955,1,pentagon,1663,786,36504,confirmed,1.0
955,12,trapezoid,483,213,28670,confirmed,0.483
955,17,rectangle,1238,309,29779,confirmed,0.911
955,19,circle,733,288,32691,confirmed,1.0
955,20,triangle,1065,341,20898,confirmed,0.958
956,1,pentagon,1589,796,36580,confirmed,1.0
956,12,trapezoid,483,248,27259,confirmed,0.483
956,17,rectangle,1277,332,29766,confirmed,0.911
956,19,circle,716,312,32650,confirmed,1.0
956,20,triangle,1067,306,20845,confirmed,0.96
957,1,pentagon,1510,796,36522,confirmed,1.0
957,12,trapezoid,476,297,27714,confirmed,0.483
957,17,rectangle,1290,354,29844,confirmed,0.911
957,19,circle,700,335,32664,confirmed,1.0
957,20,triangle,1063,272,20882,confirmed,0.962
958,1,pentagon,1435,784,36544,confirmed,1.0
958,12,trapezoid,467,352,27351,confirmed,0.483
958,17,rectangle,1317,378,29949,confirmed,0.911
958,19,circle,688,359,32650,confirmed,1.0
958,20,triangle,1057,238,20925,confirmed,0.963
959,1,pentagon,1369,760,36624,confirmed,1.0
959,12,trapezoid,457,408,23755,confirmed,0.483
959,17,rectangle,1350,403,29741,confirmed,0.911
959,19,circle,677,383,32698,confirmed,1.0
959,20,triangle,1051,204,20944,confirmed,0.964
960,1,pentagon,1315,727,36576,confirmed,1.0
960,12,trapezoid,448,463,27197,confirmed,0.483
960,17,rectangle,1387,428,29938,confirmed,0.911
960,19,circle,670,407,32701,confirmed,1.0
960,20,triangle,1042,170,20912,confirmed,0.966
961,1,pentagon,1270,690,36541,confirmed,1.0
961,12,trapezoid,441,514,27608,confirmed,0.483
961,17,rectangle,1428,450,29785,confirmed,0.911
961,19,circle,665,432,32674,confirmed,1.0
961,20,triangle,1014,140,20845,confirmed,0.967
962,1,pentagon,1230,653,36516,confirmed,1.0
962,12,trapezoid,438,560,27408,confirmed,0.483
962,17,rectangle,1476,467,29794,confirmed,0.911
962,19,circle,663,457,32679,confirmed,1.0
962,20,triangle,959,130,20909,confirmed,0.968
963,1,pentagon,1191,615,36637,confirmed,1.0
963,12,trapezoid,437,599,28119,confirmed,0.483
963,17,rectangle,1530,479,29934,confirmed,0.911
963,19,circle,665,481,32678,confirmed,1.0
963,20,triangle,906,148,20952,confirmed,0.969
964,1,pentagon,1154,577,36594,confirmed,1.0
964,12,trapezoid,438,638,27384,confirmed,0.483
964,17,rectangle,1585,488,29773,confirmed,0.911
964,19,circle,670,506,32705,confirmed,1.0
964,20,triangle,866,178,20995,confirmed,0.97
965,1,pentagon,1116,538,36548,confirmed,1.0
965,12,trapezoid,440,672,22528,confirmed,0.483
965,17,rectangle,1642,489,29740,confirmed,0.911
965,19,circle,679,530,32682,confirmed,1.0
965,20,triangle,854,214,21015,confirmed,0.971
966,1,pentagon,1080,501,36574,confirmed,1.0
966,12,trapezoid,443,707,27460,confirmed,0.483
966,17,rectangle,1698,486,29946,confirmed,0.933
966,19,circle,692,554,32667,confirmed,1.0
966,20,triangle,856,251,21004,confirmed,0.971
967,1,pentagon,1047,461,36434,confirmed,1.0
967,12,trapezoid,444,742,27719,confirmed,0.483
967,17,rectangle,1755,480,29929,confirmed,0.956
967,19,circle,709,577,32662,confirmed,1.0
967,20,triangle,866,287,21026,confirmed,0.972
968,1,pentagon,1015,422,36555,confirmed,1.0
968,12,trapezoid,449,777,27515,confirmed,0.483
968,17,rectangle,1810,472,29944,confirmed,0.956
968,19,circle,732,599,32680,confirmed,1.0
968,20,triangle,875,315,18299,confirmed,0.946
969,1,pentagon,984,383,36549,confirmed,1.0
969,12,trapezoid,456,812,27618,confirmed,0.483
969,17,rectangle,1862,465,26514,confirmed,0.956
969,19,circle,760,618,32668,confirmed,1.0
969,20,triangle,878,346,18299,coasting,0.946
970,1,pentagon,952,344,36627,confirmed,1.0
970,12,trapezoid,464,849,27042,confirmed,0.483
970,17,rectangle,1904,455,15646,confirmed,0.956
970,19,circle,794,635,32654,confirmed,1.0
970,20,triangle,881,374,18299,coasting,0.946
971,1,pentagon,914,307,36464,confirmed,1.0
971,12,trapezoid,474,882,27017,confirmed,0.483
971,17,rectangle,1951,447,15646,coasting,0.956
971,19,circle,831,648,32671,confirmed,1.0
971,20,triangle,884,399,18299,coasting,0.946
972,1,pentagon,865,274,36562,confirmed,1.0
972,12,trapezoid,483,889,27130,confirmed,0.483
972,19,circle,873,656,32669,confirmed,1.0
972,20,triangle,964,440,20800,confirmed,0.947
973,1,pentagon,803,250,36547,confirmed,1.0
973,12,trapezoid,493,871,27725,confirmed,0.483
973,19,circle,917,659,32694,confirmed,1.0
973,20,triangle,1015,473,20740,confirmed,0.949
974,1,pentagon,732,253,36521,confirmed,1.0
974,12,trapezoid,502,833,27460,confirmed,0.483
974,19,circle,962,661,32675,confirmed,1.0
974,20,triangle,1055,500,20275,confirmed,0.95
975,1,pentagon,675,282,36531,confirmed,1.0
975,12,trapezoid,511,784,27262,confirmed,0.483
975,19,circle,1004,657,32670,confirmed,1.0
975,20,triangle,1098,527,18025,confirmed,0.95
976,1,pentagon,623,318,36530,confirmed,1.0
976,12,trapezoid,521,729,26977,confirmed,0.483
976,19,circle,1044,647,32705,confirmed,1.0
976,20,triangle,1142,555,18025,coasting,0.95
977,1,pentagon,570,351,36562,confirmed,1.0
977,12,trapezoid,532,673,28308,confirmed,0.483
977,19,circle,1083,635,32685,confirmed,1.0
977,20,triangle,1180,581,18025,coasting,0.95
978,1,pentagon,515,383,36587,confirmed,1.0
978,12,trapezoid,542,619,27154,confirmed,0.483
978,19,circle,1122,622,32674,confirmed,1.0
978,20,triangle,1216,603,18025,coasting,0.95
979,1,pentagon,460,414,36573,confirmed,1.0
979,12,trapezoid,552,569,26641,confirmed,0.483
979,19,circle,1156,606,32681,confirmed,1.0
979,20,triangle,1247,624,18025,coasting,0.95
980,1,pentagon,406,444,36594,confirmed,1.0
980,12,trapezoid,563,526,24986,confirmed,0.483
980,19,circle,1183,586,32675,confirmed,1.0
980,20,triangle,1275,643,18025,coasting,0.95
981,1,pentagon,353,475,36558,confirmed,1.0
981,12,trapezoid,571,486,29484,confirmed,0.483
981,19,circle,1201,563,32686,confirmed,1.0
981,20,triangle,1359,647,20833,confirmed,0.951
982,1,pentagon,304,507,36621,confirmed,1.0
982,12,trapezoid,580,449,27077,confirmed,0.483
982,19,circle,1215,539,32700,confirmed,1.0
982,20,triangle,1423,636,20794,confirmed,0.952
983,1,pentagon,256,541,36510,confirmed,1.0
983,12,trapezoid,589,415,28125,confirmed,0.483
983,19,circle,1225,515,32689,confirmed,1.0
983,20,triangle,1476,617,21016,confirmed,0.953
984,1,pentagon,216,577,36629,confirmed,1.0
984,12,trapezoid,599,381,26964,confirmed,0.483
984,19,circle,1232,490,32682,confirmed,1.0
984,20,triangle,1524,593,20822,confirmed,0.955
985,1,pentagon,185,614,36471,confirmed,1.0
985,12,trapezoid,611,347,27349,confirmed,0.483
985,19,circle,1235,465,32685,confirmed,1.0
985,20,triangle,1567,568,20865,confirmed,0.956
986,1,pentagon,199,655,36583,confirmed,1.0
986,12,trapezoid,623,311,27923,confirmed,0.483
986,19,circle,1236,440,32669,confirmed,1.0
986,20,triangle,1604,541,20967,confirmed,0.978
987,1,pentagon,233,694,36590,confirmed,1.0
987,12,trapezoid,633,275,27239,confirmed,0.483
987,19,circle,1233,415,32653,confirmed,1.0
987,20,triangle,1634,512,20917,confirmed,0.978
988,1,pentagon,302,713,36591,confirmed,1.0
988,12,trapezoid,643,240,27917,confirmed,0.483
988,19,circle,1228,391,32678,confirmed,1.0
988,20,triangle,1664,483,21032,confirmed,0.978
988,21,rectangle,1856,75,20278,confirmed,0.0
989,1,pentagon,381,719,36494,confirmed,1.0
989,12,trapezoid,652,201,21012,confirmed,0.483
989,19,circle,1220,366,32721,confirmed,1.0
989,20,triangle,1694,453,20916,confirmed,0.978
989,21,rectangle,1815,72,20007,confirmed,0.0
990,1,pentagon,462,719,36507,confirmed,1.0
990,12,trapezoid,661,164,27459,confirmed,0.483
990,19,circle,1209,342,32676,confirmed,1.0
990,20,triangle,1723,423,20715,confirmed,0.978
990,21,rectangle,1761,69,20024,confirmed,0.0
991,1,pentagon,540,718,36548,confirmed,1.0
991,12,trapezoid,671,125,23705,confirmed,0.483
991,19,circle,1196,318,32682,confirmed,1.0
991,20,triangle,1752,394,20992,confirmed,0.978
991,21,rectangle,1704,70,21647,confirmed,0.0
992,1,pentagon,615,708,36574,confirmed,1.0
992,12,trapezoid,681,84,31184,confirmed,0.483
992,19,circle,1181,295,32678,confirmed,1.0
992,20,triangle,1780,364,20938,confirmed,0.978
992,21,rectangle,1643,73,23160,confirmed,0.0
993,1,pentagon,686,692,36562,confirmed,1.0
993,12,trapezoid,688,70,28762,confirmed,0.483
993,19,circle,1162,272,32672,confirmed,1.0
993,20,triangle,1803,333,20847,confirmed,0.978
993,21,rectangle,1581,78,24213,confirmed,0.0
994,1,pentagon,745,665,36522,confirmed,1.0
994,12,trapezoid,691,84,27209,confirmed,0.483
994,19,circle,1141,251,32663,confirmed,1.0
994,20,triangle,1825,302,20823,confirmed,0.978
994,21,rectangle,1519,84,25329,confirmed,0.0
995,1,pentagon,796,633,36498,confirmed,1.0
995,12,trapezoid,691,120,27160,confirmed,0.483
995,19,circle,1116,230,32655,confirmed,1.0
995,20,triangle,1843,270,20502,confirmed,0.978
995,21,rectangle,1459,90,26582,confirmed,0.0
996,1,pentagon,845,600,36641,confirmed,1.0
996,12,trapezoid,691,170,27172,confirmed,0.483
996,19,circle,1086,211,32690,confirmed,1.0
996,20,triangle,1858,236,19601,confirmed,0.978
996,21,rectangle,1402,96,28027,confirmed,0.0
997,1,pentagon,895,568,36540,confirmed,1.0
997,12,trapezoid,687,228,27805,confirmed,0.483
997,19,circle,1053,195,32664,confirmed,1.0
997,20,triangle,1869,202,17920,confirmed,0.978
997,21,rectangle,1348,102,29932,confirmed,0.0
998,1,pentagon,945,535,36539,confirmed,1.0
998,12,trapezoid,684,286,28074,confirmed,0.483
998,19,circle,1016,182,32650,confirmed,1.0
998,20,triangle,1880,168,14534,confirmed,0.978
998,21,rectangle,1310,121,29960,confirmed,1.0
999,1,pentagon,995,504,36596,confirmed,1.0
999,12,trapezoid,682,341,27944,confirmed,0.483
999,19,circle,977,170,32677,confirmed,1.0
999,20,triangle,1891,142,7992,confirmed,0.978
999,21,rectangle,1272,143,29848,confirmed,1.0
1000,1,pentagon,1046,473,36559,confirmed,1.0
1000,12,trapezoid,682,393,20795,confirmed,0.483
1000,19,circle,935,160,32697,confirmed,1.0
1000,20,triangle,1902,112,7992,coasting,0.978
1000,21,rectangle,1239,168,29961,confirmed,1.0
1001,1,pentagon,1097,441,36495,confirmed,1.0
1001,12,trapezoid,681,437,23472,confirmed,0.483
1001,19,circle,894,150,32673,confirmed,1.0
1001,20,triangle,1913,85,7992,coasting,0.978
1001,21,rectangle,1212,196,29907,confirmed,1.0
1002,1,pentagon,1148,410,36581,confirmed,1.0
1002,12,trapezoid,682,478,27083,confirmed,0.483
1002,19,circle,854,140,32681,confirmed,1.0
1002,20,triangle,1922,60,7992,coasting,0.978
1002,21,rectangle,1199,220,27309,confirmed,0.8
1003,1,pentagon,1199,379,36495,confirmed,1.0
1003,12,trapezoid,683,516,27379,confirmed,0.483
1003,19,circle,814,132,32668,confirmed,1.0
1003,20,triangle,1931,38,7992,coasting,0.978
1003,21,rectangle,1181,238,17657,confirmed,0.8
1004,1,pentagon,1249,348,36619,confirmed,1.0
1004,12,trapezoid,684,552,27954,confirmed,0.483
1004,19,circle,772,135,32677,confirmed,1.0
1004,20,triangle,1939,19,7992,coasting,0.978
1004,21,rectangle,1161,260,17657,coasting,0.8
1005,1,pentagon,1299,316,36582,confirmed,1.0
1005,12,trapezoid,685,586,27435,confirmed,0.483
1005,19,circle,728,141,32657,confirmed,1.0
1005,20,triangle,1946,1,7992,coasting,0.978
1005,21,rectangle,1143,279,17657,coasting,0.8
1006,1,pentagon,1347,283,36470,confirmed,1.0
1006,12,trapezoid,687,620,27833,confirmed,0.483
1006,19,circle,684,147,32695,confirmed,1.0
1006,20,triangle,1952,-15,7992,coasting,0.978
1006,21,rectangle,1181,346,27082,confirmed,0.667
1007,1,pentagon,1397,253,36563,confirmed,1.0
1007,12,trapezoid,687,655,27708,confirmed,0.483
1007,19,circle,641,152,32690,confirmed,1.0
1007,20,triangle,1957,-30,7992,coasting,0.978
1007,21,rectangle,1211,383,29819,confirmed,0.714
1008,1,pentagon,1456,233,36555,confirmed,1.0
1008,12,trapezoid,690,690,28016,confirmed,0.483
1008,19,circle,600,162,32702,confirmed,1.0
1008,20,triangle,1962,-43,7992,coasting,0.978
1008,21,rectangle,1236,413,29970,confirmed,0.75
1009,1,pentagon,1522,246,36623,confirmed,1.0
1009,12,trapezoid,691,725,27722,confirmed,0.483
1009,19,circle,564,176,32693,confirmed,1.0
1009,20,triangle,1967,-54,7992,coasting,0.978
1009,21,rectangle,1263,439,29856,confirmed,0.778
1010,1,pentagon,1589,269,36634,confirmed,1.0
1010,12,trapezoid,691,762,27710,confirmed,0.483
1010,19,circle,538,197,32673,confirmed,1.0
1010,21,rectangle,1294,464,29937,confirmed,0.8
1011,1,pentagon,1655,293,36517,confirmed,1.0
1011,12,trapezoid,693,800,27409,confirmed,0.483
1011,19,circle,518,219,32752,confirmed,1.0
1011,21,rectangle,1330,486,29852,confirmed,0.818
1012,1,pentagon,1706,325,36507,confirmed,1.0
1012,12,trapezoid,696,840,27036,confirmed,0.483
1012,19,circle,501,242,32654,confirmed,1.0
1012,21,rectangle,1376,503,29912,confirmed,0.833
1013,1,pentagon,1746,362,36538,confirmed,1.0
1013,12,trapezoid,701,881,27733,confirmed,0.483
1013,19,circle,487,266,32660,confirmed,1.0
1013,21,rectangle,1429,510,29797,confirmed,0.846
1014,1,pentagon,1780,400,36625,confirmed,1.0
1014,12,trapezoid,707,912,23327,confirmed,0.483
1014,19,circle,475,291,32704,confirmed,1.0
1014,21,rectangle,1486,510,29788,confirmed,0.857
1015,1,pentagon,1801,440,36571,confirmed,1.0
1015,12,trapezoid,716,918,27701,confirmed,0.483
1015,19,circle,462,314,32661,confirmed,1.0
1015,21,rectangle,1542,509,29930,confirmed,0.867
1016,1,pentagon,1826,480,36350,confirmed,1.0
1016,12,trapezoid,727,900,28671,confirmed,0.483
1016,19,circle,454,339,32689,confirmed,1.0
1016,21,rectangle,1598,506,29833,confirmed,0.875
1017,1,pentagon,1845,520,34916,confirmed,1.0
1017,12,trapezoid,741,861,27698,confirmed,0.483
1017,19,circle,449,364,32671,confirmed,1.0
1017,21,rectangle,1651,506,29673,confirmed,0.882
1018,1,pentagon,1857,562,33188,confirmed,1.0
1018,12,trapezoid,756,808,23398,confirmed,0.483
1018,19,circle,447,388,32688,confirmed,1.0
1018,21,rectangle,1705,505,25516,confirmed,0.882
1019,1,pentagon,1863,604,32029,confirmed,1.0
1019,12,trapezoid,773,751,24394,confirmed,0.483
1019,19,circle,445,413,32653,confirmed,1.0
1019,21,rectangle,1756,503,21675,confirmed,0.882
1020,1,pentagon,1860,646,33666,confirmed,1.0
1020,12,trapezoid,788,695,27773,confirmed,0.483
1020,19,circle,444,438,32686,confirmed,1.0
1020,21,rectangle,1809,498,19245,confirmed,0.882
1021,1,pentagon,1846,687,36471,confirmed,1.0
1021,12,trapezoid,802,644,27328,confirmed,0.483
1021,19,circle,452,462,32693,confirmed,1.0
1021,21,rectangle,1862,500,20830,confirmed,0.882
1022,1,pentagon,1784,722,36550,confirmed,1.0
1022,12,trapezoid,813,597,23697,confirmed,0.467
1022,19,circle,465,486,32700,confirmed,1.0
1022,21,rectangle,1903,515,15760,confirmed,0.882
1023,1,pentagon,1727,753,36517,confirmed,1.0
1023,12,trapezoid,825,555,27257,confirmed,0.467
1023,19,circle,481,509,32677,confirmed,1.0
1023,21,rectangle,1950,521,15760,coasting,0.882
1024,1,pentagon,1666,777,36452,confirmed,1.0
1024,12,trapezoid,834,515,22305,confirmed,0.467
1024,19,circle,508,529,32708,confirmed,1.0
1025,1,pentagon,1598,796,36518,confirmed,1.0
1025,12,trapezoid,843,477,24153,confirmed,0.467
1025,19,circle,548,539,32698,confirmed,1.0
1025,22,triangle,1755,828,19591,confirmed,1.0
1026,1,pentagon,1527,804,36563,confirmed,1.0
1026,12,trapezoid,850,444,24314,confirmed,0.452
1026,19,circle,590,533,32667,confirmed,1.0
1026,22,triangle,1725,808,20821,confirmed,1.0
1027,1,pentagon,1453,799,36606,confirmed,1.0
1027,12,trapezoid,856,408,28348,confirmed,0.452
1027,19,circle,626,516,32709,confirmed,1.0
1027,22,triangle,1696,779,21027,confirmed,1.0
1028,1,pentagon,1386,781,36591,confirmed,1.0
1028,12,trapezoid,864,372,21647,confirmed,0.452
1028,19,circle,654,495,32687,confirmed,1.0
1028,22,triangle,1675,745,20882,confirmed,1.0
1029,1,pentagon,1330,753,36531,confirmed,1.0
1029,12,trapezoid,874,335,23881,confirmed,0.452
1029,19,circle,680,473,32677,confirmed,1.0
1029,22,triangle,1658,712,20829,confirmed,1.0
1030,1,pentagon,1282,719,36489,confirmed,1.0
1030,12,trapezoid,883,298,28531,confirmed,0.452
1030,19,circle,704,451,32704,confirmed,1.0
1030,22,triangle,1645,679,20818,confirmed,1.0
1031,1,pentagon,1239,684,36629,confirmed,1.0
1031,12,trapezoid,894,262,21408,confirmed,0.452
1031,19,circle,723,429,32685,confirmed,1.0
1031,22,triangle,1638,646,20946,confirmed,1.0
1032,1,pentagon,1198,648,36489,confirmed,1.0
1032,12,trapezoid,904,226,26979,confirmed,0.452
1032,19,circle,726,405,32658,confirmed,1.0
1032,22,triangle,1631,614,21018,confirmed,1.0
1033,1,pentagon,1160,613,36550,confirmed,1.0
1033,12,trapezoid,912,187,23278,confirmed,0.438
1033,19,circle,725,380,32662,confirmed,1.0
1033,22,triangle,1623,581,20767,confirmed,1.0
1034,1,pentagon,1123,577,36560,confirmed,1.0
1034,12,trapezoid,921,147,28044,confirmed,0.438
1034,19,circle,723,354,32665,confirmed,1.0
1034,22,triangle,1612,549,20812,confirmed,1.0
1035,1,pentagon,1087,541,36540,confirmed,1.0
1035,12,trapezoid,924,119,23409,confirmed,0.438
1035,19,circle,723,329,32649,confirmed,1.0
1035,22,triangle,1598,518,21028,confirmed,1.0
1036,1,pentagon,1052,505,36500,confirmed,1.0
1036,12,trapezoid,925,100,22544,confirmed,0.424
1036,19,circle,722,305,32644,confirmed,1.0
1036,22,triangle,1583,486,20900,confirmed,1.0
1037,1,pentagon,1015,469,36469,confirmed,1.0
1037,12,trapezoid,929,78,30803,confirmed,0.424
1037,19,circle,721,280,32673,confirmed,1.0
1037,22,triangle,1566,454,20847,confirmed,1.0
1038,1,pentagon,979,434,36622,confirmed,1.0
1038,12,trapezoid,931,81,27735,confirmed,0.424
1038,19,circle,720,255,32690,confirmed,1.0
1038,22,triangle,1548,424,20956,confirmed,1.0
1039,1,pentagon,943,398,36585,confirmed,1.0
1039,12,trapezoid,933,104,27320,confirmed,0.424
1039,19,circle,717,230,32645,confirmed,1.0
1039,22,triangle,1529,393,20776,confirmed,1.0
1040,1,pentagon,906,363,36551,confirmed,1.0
1040,12,trapezoid,934,145,26673,confirmed,0.424
1040,19,circle,709,206,32659,confirmed,1.0
1040,22,triangle,1509,362,20892,confirmed,1.0
1041,1,pentagon,865,329,36469,confirmed,1.0
1041,12,trapezoid,941,189,16011,confirmed,0.424
1041,19,circle,698,182,32662,confirmed,1.0
1041,22,triangle,1486,332,20877,confirmed,1.0
1042,1,pentagon,809,303,36493,confirmed,1.0
1042,12,trapezoid,950,242,17404,confirmed,0.424
1042,19,circle,680,157,31948,confirmed,1.0
1042,22,triangle,1460,303,20939,confirmed,1.0
1042,23,rectangle,1866,1009,18301,confirmed,0.0
1043,1,pentagon,745,286,36504,confirmed,1.0
1043,12,trapezoid,947,298,25023,confirmed,0.424
1043,19,circle,656,130,29340,confirmed,1.0
1043,22,triangle,1432,276,20997,confirmed,1.0
1043,23,rectangle,1833,1015,17070,confirmed,0.0
1044,1,pentagon,676,293,36522,confirmed,1.0
1044,12,trapezoid,937,350,23139,confirmed,0.424
1044,19,circle,636,107,30726,confirmed,1.0
1044,22,triangle,1401,248,20897,confirmed,1.0
1044,23,rectangle,1785,1019,17036,confirmed,0.0
1045,1,pentagon,619,320,36423,confirmed,1.0
1045,12,trapezoid,927,396,21749,confirmed,0.424
1045,19,circle,616,87,32173,confirmed,1.0
1045,22,triangle,1366,222,20750,confirmed,1.0
1045,23,rectangle,1727,1022,17317,confirmed,0.0
1046,1,pentagon,572,355,36438,confirmed,1.0
1046,12,trapezoid,915,439,27438,confirmed,0.424
1046,19,circle,593,71,29809,confirmed,1.0
1046,22,triangle,1320,202,20845,confirmed,1.0
1046,23,rectangle,1663,1022,17867,confirmed,0.0
1047,1,pentagon,528,391,36666,confirmed,1.0
1047,12,trapezoid,904,479,23459,confirmed,0.424
1047,19,circle,568,59,26559,confirmed,1.0
1047,22,triangle,1268,189,20946,confirmed,1.0
1047,23,rectangle,1598,1021,18561,confirmed,0.0
1048,1,pentagon,483,424,36518,confirmed,1.0
1048,12,trapezoid,899,515,28505,confirmed,0.424
1048,19,circle,537,50,24363,confirmed,1.0
1048,22,triangle,1213,195,20768,confirmed,1.0
1048,23,rectangle,1534,1017,19985,confirmed,0.0
1049,1,pentagon,437,456,36657,confirmed,1.0
1049,12,trapezoid,894,551,17797,confirmed,0.424
1049,19,circle,501,46,23033,confirmed,1.0
1049,22,triangle,1164,214,20898,confirmed,1.0
1049,23,rectangle,1479,1009,23111,confirmed,0.0
1050,1,pentagon,391,487,36516,confirmed,1.0
1050,12,trapezoid,892,589,28085,confirmed,0.424
1050,19,circle,459,47,24020,confirmed,1.0
1050,22,triangle,1124,239,20941,confirmed,1.0
1050,23,rectangle,1435,997,26770,confirmed,0.0
1051,1,pentagon,349,520,36518,confirmed,1.0
1051,12,trapezoid,888,625,22689,confirmed,0.424
1051,19,circle,416,52,26504,confirmed,1.0
1051,22,triangle,1090,267,20876,confirmed,1.0
1051,23,rectangle,1403,982,29955,confirmed,0.0
1052,1,pentagon,323,558,36541,confirmed,1.0
1052,12,trapezoid,886,662,27253,confirmed,0.424
1052,19,circle,378,63,29741,confirmed,1.0
1052,22,triangle,1062,296,20848,confirmed,1.0
1052,23,rectangle,1401,949,29959,confirmed,1.0
1053,1,pentagon,321,597,36593,confirmed,1.0
1053,12,trapezoid,885,700,27613,confirmed,0.424
1053,19,circle,346,79,32294,confirmed,1.0
1053,22,triangle,1041,327,20898,confirmed,1.0
1053,23,rectangle,1377,924,29949,confirmed,1.0
1054,1,pentagon,361,630,36523,confirmed,1.0
1054,12,trapezoid,884,738,27701,confirmed,0.424
1054,19,circle,333,112,32694,confirmed,1.0
1054,22,triangle,1022,357,20882,confirmed,1.0
1054,23,rectangle,1340,902,29867,confirmed,1.0
1055,1,pentagon,428,647,36472,confirmed,1.0
1055,12,trapezoid,885,776,27147,confirmed,0.424
1055,19,circle,317,139,32687,confirmed,1.0
1055,22,triangle,1006,389,20861,confirmed,1.0
1055,23,rectangle,1301,880,29826,confirmed,1.0
1056,1,pentagon,504,656,36544,confirmed,1.0
1056,12,trapezoid,890,813,27261,confirmed,0.424
1056,19,circle,299,162,32711,confirmed,1.0
1056,22,triangle,994,420,20888,confirmed,1.0
1056,23,rectangle,1256,865,29939,confirmed,1.0
1057,1,pentagon,579,659,36523,confirmed,1.0
1057,12,trapezoid,901,850,27260,confirmed,0.424
1057,19,circle,280,184,32704,confirmed,1.0
1057,22,triangle,984,452,21008,confirmed,1.0
1057,23,rectangle,1205,856,29810,confirmed,1.0
1058,1,pentagon,654,660,36605,confirmed,1.0
1058,12,trapezoid,916,860,28165,confirmed,0.424
1058,19,circle,261,207,32669,confirmed,1.0
1058,22,triangle,976,483,20729,confirmed,1.0
1058,23,rectangle,1153,849,29965,confirmed,1.0
1059,1,pentagon,726,660,36459,confirmed,1.0
1059,12,trapezoid,927,851,39433,confirmed,0.424
1059,19,circle,242,229,32692,confirmed,1.0
1059,22,triangle,968,514,20834,confirmed,1.0
1059,23,rectangle,1104,845,28148,confirmed,1.0
1060,1,pentagon,797,655,36612,confirmed,1.0
1060,12,trapezoid,943,817,25168,confirmed,0.424
1060,19,circle,223,252,32663,confirmed,1.0
1060,22,triangle,964,544,19940,confirmed,0.972
1060,23,rectangle,1053,848,25748,confirmed,1.0
1061,1,pentagon,868,648,36573,confirmed,1.0
1061,12,trapezoid,977,768,14258,confirmed,0.424
1061,19,circle,208,275,32698,confirmed,1.0
1061,22,triangle,957,575,19940,coasting,0.972
1061,23,rectangle,997,863,29314,confirmed,1.0
1062,1,pentagon,936,635,36634,confirmed,1.0
1062,12,trapezoid,1000,737,14258,coasting,0.424
1062,19,circle,197,299,32666,confirmed,1.0
1062,22,triangle,951,603,19940,coasting,0.972
1062,23,rectangle,945,872,29913,confirmed,1.0
1063,1,pentagon,995,623,40674,confirmed,1.0
1063,12,trapezoid,1022,709,14258,coasting,0.424
1063,19,circle,188,324,32661,confirmed,1.0
1063,22,triangle,945,627,19940,coasting,0.972
1063,23,rectangle,897,885,29967,confirmed,1.0
1064,1,pentagon,1042,585,36620,confirmed,1.0
1064,12,trapezoid,1041,683,14258,coasting,0.424
1064,19,circle,179,348,32665,confirmed,1.0
1064,22,triangle,940,650,19940,coasting,0.972
1064,23,rectangle,853,901,29756,confirmed,1.0
1065,1,pentagon,1083,548,36434,confirmed,1.0
1065,12,trapezoid,1058,661,14258,coasting,0.424
1065,19,circle,172,372,32680,confirmed,1.0
1065,22,triangle,924,700,20066,confirmed,0.946
1065,23,rectangle,814,921,29931,confirmed,1.0
1066,1,pentagon,1123,514,36518,confirmed,1.0
1066,12,trapezoid,1038,594,13742,confirmed,0.424
1066,19,circle,167,397,32665,confirmed,1.0
1066,22,triangle,908,734,20911,confirmed,0.947
1066,23,rectangle,773,940,29837,confirmed,1.0
1067,1,pentagon,1164,481,36535,confirmed,1.0
1067,12,trapezoid,998,485,12601,confirmed,0.412
1067,19,circle,166,422,32693,confirmed,1.0
1067,22,triangle,888,765,20996,confirmed,0.949
1067,23,rectangle,729,955,29795,confirmed,1.0
1068,1,pentagon,1205,449,36513,confirmed,1.0
1068,12,trapezoid,992,418,16254,confirmed,0.412
1068,19,circle,173,446,32666,confirmed,1.0
1068,22,triangle,856,790,20849,confirmed,0.95
1068,23,rectangle,686,972,30281,confirmed,1.0
1069,1,pentagon,1246,416,36557,confirmed,1.0
1069,12,trapezoid,1005,363,25497,confirmed,0.412
1069,19,circle,191,469,32697,confirmed,1.0
1069,22,triangle,807,805,20759,confirmed,0.951
1069,23,rectangle,643,987,27721,confirmed,1.0
1070,1,pentagon,1288,384,36536,confirmed,1.0
1070,12,trapezoid,1060,346,23700,confirmed,0.4
1070,19,circle,222,487,32685,confirmed,1.0
1070,22,triangle,751,809,20799,confirmed,0.952
1070,23,rectangle,599,998,25700,confirmed,1.0
1071,1,pentagon,1331,353,36562,confirmed,1.0
1071,12,trapezoid,1087,313,22802,confirmed,0.4
1071,19,circle,264,495,32688,confirmed,1.0
1071,22,triangle,694,806,20835,confirmed,0.953
1071,23,rectangle,553,1004,24798,confirmed,1.0
1072,1,pentagon,1375,322,36661,confirmed,1.0
1072,12,trapezoid,1110,279,23355,confirmed,0.4
1072,19,circle,309,496,32665,confirmed,1.0
1072,22,triangle,637,798,20743,confirmed,0.955
1072,23,rectangle,503,1006,24815,confirmed,1.0
1073,1,pentagon,1421,292,36592,confirmed,1.0
1073,12,trapezoid,1121,249,23218,confirmed,0.389
1073,19,circle,353,491,32664,confirmed,1.0
1073,22,triangle,592,779,20784,confirmed,0.956
1073,23,rectangle,451,1005,25429,confirmed,1.0
1074,1,pentagon,1475,266,36483,confirmed,1.0
1074,12,trapezoid,1136,215,27617,confirmed,0.389
1074,19,circle,390,477,32662,confirmed,1.0
1074,22,triangle,565,751,20734,confirmed,0.956
1074,23,rectangle,400,999,27180,confirmed,1.0
1075,1,pentagon,1536,247,36502,confirmed,1.0
1075,12,trapezoid,1149,180,27147,confirmed,0.389
1075,19,circle,426,461,32686,confirmed,1.0
1075,22,triangle,550,720,20801,confirmed,0.956
1075,23,rectangle,350,990,29133,confirmed,1.0
1076,1,pentagon,1605,237,36578,confirmed,1.0
1076,12,trapezoid,1163,145,27963,confirmed,0.389
1076,19,circle,457,443,32682,confirmed,1.0
1076,22,triangle,542,688,20826,confirmed,0.956
1076,23,rectangle,305,968,29979,confirmed,1.0
1077,1,pentagon,1676,235,36576,confirmed,1.0
1077,12,trapezoid,1176,107,27225,confirmed,0.389
1077,19,circle,481,421,32697,confirmed,1.0
1077,22,triangle,538,656,20788,confirmed,0.956
1077,23,rectangle,267,947,29970,confirmed,1.0
1078,1,pentagon,1747,236,36479,confirmed,1.0
1078,12,trapezoid,1190,71,27225,coasting,0.389
1078,19,circle,496,397,32678,confirmed,1.0
1078,22,triangle,535,624,20883,confirmed,0.956
1078,23,rectangle,243,920,29822,confirmed,1.0
1079,1,pentagon,1814,240,36450,confirmed,1.0
1079,12,trapezoid,1192,86,27738,confirmed,0.389
1079,19,circle,504,372,32666,confirmed,1.0
1079,22,triangle,531,593,20761,confirmed,0.956
1079,23,rectangle,225,893,29802,confirmed,1.0
1080,1,pentagon,1872,251,28029,confirmed,1.0
1080,12,trapezoid,1188,123,23560,confirmed,0.389
1080,19,circle,506,347,32684,confirmed,1.0
1080,22,triangle,531,563,20768,confirmed,0.956
1080,23,rectangle,208,865,29924,confirmed,1.0
1081,1,pentagon,1913,273,18010,confirmed,1.0
1081,12,trapezoid,1183,177,27238,confirmed,0.389
1081,19,circle,500,322,32715,confirmed,1.0
1081,22,triangle,536,532,20556,confirmed,0.956
1081,23,rectangle,197,836,29776,confirmed,1.0
1082,1,pentagon,1940,305,10088,confirmed,1.0
1082,12,trapezoid,1176,237,22609,confirmed,0.389
1082,19,circle,486,298,32661,confirmed,1.0
1082,22,triangle,531,502,20652,confirmed,0.956
1082,23,rectangle,189,808,29759,confirmed,1.0
1083,1,pentagon,1979,328,10088,coasting,1.0
1083,12,trapezoid,1170,296,21548,confirmed,0.389
1083,19,circle,465,276,32695,confirmed,1.0
1083,22,triangle,523,471,20629,confirmed,0.956
1083,23,rectangle,183,779,29888,confirmed,1.0
1084,12,trapezoid,1163,354,24538,confirmed,0.389
1084,19,circle,438,255,32721,confirmed,1.0
1084,22,triangle,514,440,20620,confirmed,0.956
1084,23,rectangle,180,749,29827,confirmed,1.0
1085,12,trapezoid,1159,404,20263,confirmed,0.389
1085,19,circle,409,236,32669,confirmed,1.0
1085,22,triangle,501,409,20769,confirmed,0.956
1085,23,rectangle,180,720,29960,confirmed,1.0
1086,12,trapezoid,1158,448,23092,confirmed,0.389
1086,19,circle,379,218,32694,confirmed,1.0
1086,22,triangle,478,381,20840,confirmed,0.956
1086,23,rectangle,182,693,29957,confirmed,1.0
1087,12,trapezoid,1161,487,40506,confirmed,0.389
1087,19,circle,343,207,32660,confirmed,1.0
1087,22,triangle,435,368,20289,confirmed,0.956
1087,23,rectangle,183,664,29771,confirmed,1.0
1088,12,trapezoid,1161,525,20455,confirmed,0.389
1088,19,circle,300,202,32662,confirmed,1.0
1088,22,triangle,387,376,20749,confirmed,0.956
1088,23,rectangle,185,634,29978,confirmed,1.0
1089,12,trapezoid,1160,563,27333,confirmed,0.389
1089,19,circle,256,201,32642,confirmed,1.0
1089,22,triangle,357,402,20832,confirmed,0.956
1089,23,rectangle,188,606,29852,confirmed,1.0
1090,12,trapezoid,1157,599,27872,confirmed,0.389
1090,19,circle,213,208,32689,confirmed,1.0
1090,22,triangle,337,433,20714,confirmed,0.956
1090,23,rectangle,190,579,29045,confirmed,0.966
1091,12,trapezoid,1154,634,27251,confirmed,0.389
1091,19,circle,177,224,32668,confirmed,1.0
1091,22,triangle,325,466,20757,confirmed,0.956
1091,23,rectangle,193,551,27869,confirmed,0.966
1092,12,trapezoid,1150,670,27034,confirmed,0.389
1092,19,circle,148,243,32679,confirmed,1.0
1092,22,triangle,317,499,20922,confirmed,0.956
1092,23,rectangle,198,522,26338,confirmed,0.966
1092,24,pentagon,1873,670,26696,confirmed,0.0
1093,12,trapezoid,1147,706,22995,confirmed,0.389
1093,19,circle,123,265,32701,confirmed,1.0
1093,22,triangle,312,530,20886,confirmed,0.956
1093,23,rectangle,200,483,24486,confirmed,0.933
1093,24,pentagon,1851,698,35301,confirmed,0.0
1094,12,trapezoid,1144,740,22955,confirmed,0.389
1094,19,circle,97,285,32811,confirmed,1.0
1094,22,triangle,310,561,20868,confirmed,0.956
1094,23,rectangle,211,457,26717,confirmed,0.903
1094,24,pentagon,1783,740,36554,confirmed,1.0
1095,12,trapezoid,1142,776,23210,confirmed,0.389
1095,19,circle,76,306,31594,confirmed,1.0
1095,22,triangle,312,590,20703,confirmed,0.956
1095,23,rectangle,224,435,27958,confirmed,0.875
1095,24,pentagon,1712,759,36658,confirmed,1.0
1096,12,trapezoid,1141,812,22120,confirmed,0.389
1096,19,circle,61,329,29686,confirmed,1.0
1096,22,triangle,323,621,20770,confirmed,0.956
1096,23,rectangle,233,410,28920,confirmed,0.879
1096,24,pentagon,1640,763,36639,confirmed,1.0
1097,12,trapezoid,1144,849,21892,confirmed,0.389
1097,19,circle,52,353,27551,confirmed,1.0
1097,22,triangle,341,650,20959,confirmed,0.956
1097,23,rectangle,235,380,29803,confirmed,0.882
1097,24,pentagon,1569,762,36571,confirmed,1.0
1098,12,trapezoid,1150,870,20480,confirmed,0.389
1098,19,circle,47,379,25862,confirmed,1.0
1098,22,triangle,365,678,20800,confirmed,0.956
1098,23,rectangle,236,351,29951,confirmed,0.886
1098,24,pentagon,1500,755,36575,confirmed,1.0
1099,12,trapezoid,1160,870,29459,confirmed,0.389
1099,19,circle,46,404,24178,confirmed,1.0
1099,22,triangle,392,704,20723,confirmed,0.956
1099,23,rectangle,235,323,29976,confirmed,0.889
1099,24,pentagon,1433,746,36562,confirmed,1.0
1100,12,trapezoid,1171,846,27313,confirmed,0.389
1100,19,circle,46,430,22389,confirmed,1.0
1100,22,triangle,424,729,20881,confirmed,0.956
1100,23,rectangle,233,295,29942,confirmed,0.892
1100,24,pentagon,1367,735,36581,confirmed,1.0
1101,12,trapezoid,1168,803,11186,confirmed,0.389
1101,19,circle,47,455,20588,confirmed,1.0
1101,22,triangle,461,751,20838,confirmed,0.956
1101,23,rectangle,229,266,29957,confirmed,0.895
1101,24,pentagon,1307,717,36529,confirmed,1.0
1102,12,trapezoid,1170,779,11186,coasting,0.389
1102,19,circle,47,480,19054,confirmed,1.0
1102,22,triangle,504,769,20696,confirmed,0.956
1102,23,rectangle,223,238,29986,confirmed,0.897
1102,24,pentagon,1253,693,36551,confirmed,1.0
1103,12,trapezoid,1173,757,11186,coasting,0.389
1103,19,circle,46,505,17449,confirmed,1.0
1103,22,triangle,556,779,20909,confirmed,0.956
1103,23,rectangle,216,211,29915,confirmed,0.9
1103,24,pentagon,1207,664,36600,confirmed,1.0
1104,12,trapezoid,1175,738,11186,coasting,0.389
1104,19,circle,44,530,15851,confirmed,1.0
1104,22,triangle,610,783,20978,confirmed,0.956
1104,23,rectangle,204,184,29766,confirmed,0.902
1104,24,pentagon,1168,633,36574,confirmed,1.0
1105,12,trapezoid,1219,678,5947,confirmed,0.389
1105,19,circle,41,555,14306,confirmed,1.0
1105,22,triangle,665,783,20761,confirmed,0.956
1105,23,rectangle,191,155,29825,confirmed,0.905
1105,24,pentagon,1132,600,36583,confirmed,1.0
1106,12,trapezoid,1259,607,14270,confirmed,0.389
1106,19,circle,39,579,15250,confirmed,1.0
1106,22,triangle,718,780,20925,confirmed,0.956
1106,23,rectangle,175,129,29862,confirmed,0.907
1106,24,pentagon,1102,565,36549,confirmed,1.0
1107,12,trapezoid,1283,536,25822,confirmed,0.389
1107,19,circle,39,603,16458,confirmed,1.0
1107,22,triangle,769,771,20778,confirmed,0.956
1107,23,rectangle,144,108,29958,confirmed,0.909
1107,24,pentagon,1075,531,36611,confirmed,1.0
1108,12,trapezoid,1299,473,28028,confirmed,0.389
1108,19,circle,41,627,17813,confirmed,1.0
1108,22,triangle,821,763,20892,confirmed,0.956
1108,23,rectangle,107,119,29718,confirmed,0.911
1108,24,pentagon,1047,496,36652,confirmed,1.0
1109,12,trapezoid,1310,417,24866,confirmed,0.389
1109,19,circle,44,652,19513,confirmed,1.0
1109,22,triangle,874,761,20843,confirmed,0.978
1109,23,rectangle,79,144,29902,confirmed,0.911
1109,24,pentagon,1019,461,36497,confirmed,1.0
1110,12,trapezoid,1318,371,24806,confirmed,0.389
1110,19,circle,50,676,22226,confirmed,1.0
1110,22,triangle,924,769,20898,confirmed,1.0
1110,23,rectangle,58,163,29355,confirmed,0.911
1110,24,pentagon,988,428,36609,confirmed,1.0
1111,12,trapezoid,1318,352,23552,confirmed,0.378
1111,19,circle,59,699,26887,confirmed,1.0
1111,22,triangle,966,788,20836,confirmed,1.0
1111,23,rectangle,45,188,27723,confirmed,0.911
1111,24,pentagon,956,395,36543,confirmed,1.0
1112,12,trapezoid,1325,317,23662,confirmed,0.378
1112,19,circle,74,718,32047,confirmed,1.0
1112,22,triangle,995,814,20947,confirmed,1.0
1112,23,rectangle,40,216,26932,confirmed,0.911
1112,24,pentagon,923,361,36454,confirmed,1.0
1113,12,hexagon,1338,283,23965,confirmed,0.368
1113,19,circle,122,722,32655,confirmed,1.0
1113,22,triangle,1019,842,20859,confirmed,1.0
1113,23,rectangle,41,248,26976,confirmed,0.911
1113,24,pentagon,889,329,36444,confirmed,1.0
1114,12,hexagon,1351,248,22092,confirmed,0.368
1114,19,circle,170,725,32672,confirmed,1.0
1114,22,triangle,1036,871,20826,confirmed,1.0
1114,23,rectangle,46,281,27404,confirmed,0.911
1114,24,pentagon,850,298,36516,confirmed,1.0
1115,12,hexagon,1363,211,23959,confirmed,0.368
1115,19,circle,216,723,32704,confirmed,1.0
1115,22,triangle,1048,900,20743,confirmed,1.0
1115,23,rectangle,53,314,27859,confirmed,0.911
1115,24,pentagon,801,274,36545,confirmed,1.0
1116,12,hexagon,1373,174,27571,confirmed,0.368
1116,19,circle,261,717,32669,confirmed,1.0
1116,22,triangle,1047,930,20860,confirmed,1.0
1116,23,rectangle,61,346,28477,confirmed,0.911
1116,24,pentagon,741,279,36520,confirmed,1.0
1117,12,hexagon,1382,155,20457,confirmed,0.368
1117,19,circle,301,706,32648,confirmed,1.0
1117,22,triangle,1021,955,20856,confirmed,1.0
1117,23,rectangle,68,376,29383,confirmed,0.911
1117,24,pentagon,688,303,36538,confirmed,1.0
1118,12,hexagon,1386,159,21179,confirmed,0.368
1118,19,circle,329,687,32666,confirmed,1.0
1118,22,triangle,972,966,20978,confirmed,1.0
1118,23,rectangle,74,405,30741,confirmed,0.911
1118,24,pentagon,638,332,36634,confirmed,1.0
1119,12,hexagon,1386,185,23874,confirmed,0.368
1119,19,circle,310,669,32689,confirmed,1.0
1119,22,triangle,917,964,20773,confirmed,1.0
1119,23,rectangle,83,429,29815,confirmed,0.911
1119,24,pentagon,589,360,36547,confirmed,1.0
1120,12,hexagon,1382,227,23840,confirmed,0.368
1120,19,circle,279,681,32691,confirmed,1.0
1120,22,triangle,860,959,20893,confirmed,1.0
1120,23,rectangle,93,454,29922,confirmed,0.911
1120,24,pentagon,541,387,36549,confirmed,1.0
1121,12,hexagon,1376,279,22530,confirmed,0.368
1121,19,circle,248,702,32668,confirmed,1.0
1121,22,triangle,807,952,20856,confirmed,1.0
1121,23,rectangle,106,481,29767,confirmed,0.911
1121,24,pentagon,495,414,36595,confirmed,1.0
1122,12,hexagon,1369,335,23471,confirmed,0.368
1122,19,circle,222,726,32683,confirmed,1.0
1122,22,triangle,755,944,20815,confirmed,1.0
1122,23,rectangle,122,507,29905,confirmed,0.911
1122,24,pentagon,448,441,36502,confirmed,1.0
1123,12,hexagon,1362,391,21519,confirmed,0.368
1123,19,circle,204,750,32701,confirmed,1.0
1123,22,triangle,706,933,20929,confirmed,1.0
1123,23,rectangle,139,532,29929,confirmed,0.911
1123,24,pentagon,402,468,36589,confirmed,1.0
1124,12,hexagon,1356,443,23199,confirmed,0.368
1124,19,circle,190,775,32715,confirmed,1.0
1124,22,triangle,660,919,20988,confirmed,1.0
1124,23,rectangle,158,558,29798,confirmed,0.911
1124,24,pentagon,370,500,36501,confirmed,1.0
1125,12,hexagon,1351,492,27928,confirmed,0.368
1125,19,circle,183,800,32659,confirmed,1.0
1125,22,triangle,618,903,20885,confirmed,1.0
1125,23,rectangle,177,584,29769,confirmed,0.911
1125,24,pentagon,355,535,36482,confirmed,1.0
1126,12,hexagon,1348,534,23733,confirmed,0.368
1126,19,circle,182,826,32650,confirmed,1.0
1126,22,triangle,583,880,20872,confirmed,1.0
1126,23,rectangle,195,610,29467,confirmed,0.911
1126,24,pentagon,361,573,36611,confirmed,1.0
1127,12,hexagon,1345,573,28244,confirmed,0.368
1127,19,circle,186,850,32650,confirmed,1.0
1127,22,triangle,567,852,20947,confirmed,1.0
1127,23,rectangle,214,634,29308,confirmed,0.911
1127,24,pentagon,381,609,36552,confirmed,1.0
1128,12,hexagon,1342,612,27765,confirmed,0.368
1128,19,circle,211,870,32690,confirmed,1.0
1128,22,triangle,562,823,20856,confirmed,1.0
1128,23,rectangle,238,658,29740,confirmed,0.911
1128,24,pentagon,412,642,36637,confirmed,1.0
1129,12,hexagon,1340,648,27446,confirmed,0.368
1129,19,circle,241,889,32662,confirmed,1.0
1129,22,triangle,556,795,19745,confirmed,1.0
1129,23,rectangle,267,679,29904,confirmed,0.911
1129,24,pentagon,457,670,36615,confirmed,1.0
1130,12,hexagon,1337,682,28163,confirmed,0.368
1130,19,circle,280,902,32696,confirmed,1.0
1130,22,triangle,544,768,19745,coasting,1.0
1130,23,rectangle,304,695,29765,confirmed,0.911
1130,24,pentagon,511,691,36467,confirmed,1.0
1131,12,hexagon,1334,716,23435,confirmed,0.368
1131,19,circle,323,909,32680,confirmed,1.0
1131,22,triangle,534,743,19745,coasting,1.0
1131,23,rectangle,349,705,29485,confirmed,0.911
1131,24,pentagon,571,708,36583,confirmed,1.0
1132,12,hexagon,1330,752,28210,confirmed,0.368
1132,19,circle,369,909,32675,confirmed,1.0
1132,22,triangle,525,721,19745,coasting,1.0
1132,23,rectangle,397,705,29562,confirmed,0.911
1132,24,pentagon,627,725,37057,confirmed,1.0
1133,12,hexagon,1327,787,23689,confirmed,0.368
1133,19,circle,412,902,32709,confirmed,1.0
1133,22,triangle,516,702,19745,coasting,1.0
1133,23,rectangle,437,693,29852,confirmed,0.911
1133,24,pentagon,698,723,36534,confirmed,1.0
1134,12,hexagon,1322,823,24406,confirmed,0.368
1134,19,circle,454,892,32688,confirmed,1.0
1134,22,triangle,509,684,19745,coasting,1.0
1134,23,rectangle,474,674,29843,confirmed,0.911
1134,24,pentagon,767,720,36586,confirmed,1.0
1135,12,hexagon,1317,859,22864,confirmed,0.368
1135,19,circle,494,880,32654,confirmed,1.0
1135,22,triangle,502,668,19745,coasting,1.0
1135,23,rectangle,509,654,29927,confirmed,0.911
1135,24,pentagon,833,717,36646,confirmed,1.0
1136,12,hexagon,1312,897,28060,confirmed,0.368
1136,19,circle,530,866,32697,confirmed,1.0
1136,22,triangle,588,641,16905,confirmed,1.0
1136,23,rectangle,544,634,29734,confirmed,0.911
1136,24,pentagon,896,711,36566,confirmed,1.0
1137,12,hexagon,1306,936,23461,confirmed,0.368
1137,19,circle,550,845,32681,confirmed,1.0
1137,22,triangle,763,603,18808,confirmed,0.978
1137,23,rectangle,575,615,29869,confirmed,0.911
1137,24,pentagon,957,698,36537,confirmed,1.0
1138,12,hexagon,1302,977,29096,confirmed,0.368
1138,19,circle,566,821,32651,confirmed,1.0
1138,22,triangle,844,580,20112,confirmed,0.956
1138,23,rectangle,603,592,29859,confirmed,0.911
1138,24,pentagon,1017,684,36459,confirmed,1.0
1139,12,hexagon,1297,1017,26701,confirmed,0.368
1139,19,circle,579,797,32679,confirmed,1.0
1139,22,triangle,892,564,20422,confirmed,0.956
1139,23,rectangle,627,569,29941,confirmed,0.911
1139,24,pentagon,1074,668,36592,confirmed,1.0
1140,12,hexagon,1292,1048,18976,confirmed,0.368
1140,19,circle,569,776,32696,confirmed,1.0
1140,22,triangle,927,574,20812,confirmed,0.956
1140,23,rectangle,650,546,29780,confirmed,0.911
1140,24,pentagon,1125,646,36652,confirmed,1.0
1141,12,hexagon,1288,1073,8848,confirmed,0.368
1141,19,circle,540,786,32667,confirmed,1.0
1141,22,triangle,968,570,20885,confirmed,0.956
1141,23,rectangle,670,521,29903,confirmed,0.911
1141,24,pentagon,1170,619,36473,confirmed,1.0
1142,12,hexagon,1283,1103,8848,coasting,0.368
1142,19,circle,510,807,32669,confirmed,1.0
1142,22,triangle,1008,556,20573,confirmed,0.956
1142,23,rectangle,690,497,29975,confirmed,0.911
1142,24,pentagon,1203,588,36590,confirmed,1.0
1143,12,hexagon,1281,1104,9181,confirmed,0.368
1143,19,circle,490,833,32663,confirmed,1.0
1143,22,triangle,1048,543,19078,confirmed,0.956
1143,23,rectangle,709,472,29970,confirmed,0.911
1143,24,pentagon,1220,553,36506,confirmed,1.0
1144,12,hexagon,1283,1090,16653,confirmed,0.368
1144,19,circle,477,859,32694,confirmed,1.0
1144,22,triangle,1090,532,19078,coasting,0.956
1144,23,rectangle,729,448,29995,confirmed,0.911
1144,24,pentagon,1224,516,36464,confirmed,1.0
1145,12,hexagon,1288,1066,24274,confirmed,0.368
1145,19,circle,466,884,32703,confirmed,1.0
1145,22,triangle,1128,522,19078,coasting,0.956
1145,23,rectangle,748,424,29904,confirmed,0.911
1145,24,pentagon,1223,481,36627,confirmed,1.0
1146,12,hexagon,1295,1030,28146,confirmed,0.368
1146,19,circle,456,909,32671,confirmed,1.0
1146,22,triangle,1161,513,19078,coasting,0.956
1146,23,rectangle,767,400,29905,confirmed,0.933
1146,24,pentagon,1232,445,36530,confirmed,1.0
1147,12,hexagon,1303,986,23488,confirmed,0.368
1147,19,circle,450,934,32670,confirmed,1.0
1147,22,triangle,1192,504,19078,coasting,0.956
1147,23,rectangle,786,376,29948,confirmed,0.956
1147,24,pentagon,1254,412,36584,confirmed,1.0
1148,12,trapezoid,1315,911,21840,confirmed,0.385
1148,19,circle,449,959,32691,confirmed,1.0
1148,22,triangle,1219,497,19078,coasting,0.956
1148,23,rectangle,804,352,29957,confirmed,0.978
1148,24,pentagon,1290,382,36459,confirmed,1.0
1149,12,trapezoid,1324,862,24129,confirmed,0.385
1149,19,circle,450,983,32328,confirmed,1.0
1149,22,triangle,1244,490,19078,coasting,0.956
1149,23,rectangle,824,328,29940,confirmed,1.0
1149,24,pentagon,1333,356,36576,confirmed,1.0
1150,12,trapezoid,1332,818,24609,confirmed,0.385
1150,19,circle,463,1003,30363,confirmed,1.0
1150,22,triangle,1266,484,19078,coasting,0.956
1150,23,rectangle,844,305,29930,confirmed,1.0
1150,24,pentagon,1382,332,36417,confirmed,1.0
1151,12,trapezoid,1342,780,25294,confirmed,0.385
1151,19,circle,490,1016,28691,confirmed,1.0
1151,22,triangle,1286,479,19078,coasting,0.956
1151,23,rectangle,866,281,29821,confirmed,1.0
1151,24,pentagon,1433,310,36460,confirmed,1.0
1152,12,trapezoid,1351,744,23214,confirmed,0.385
1152,19,circle,529,1024,27199,confirmed,1.0
1152,22,triangle,1304,474,19078,coasting,0.956
1152,23,rectangle,890,259,29765,confirmed,1.0
1152,24,pentagon,1485,290,36507,confirmed,1.0
1153,12,trapezoid,1361,710,24168,confirmed,0.385
1153,19,circle,577,1027,26788,confirmed,1.0
1153,22,triangle,1345,424,20389,confirmed,0.956
1153,23,rectangle,917,238,29947,confirmed,1.0
1153,24,pentagon,1538,270,36463,confirmed,1.0
1154,12,trapezoid,1372,677,23257,confirmed,0.385
1154,19,circle,630,1025,27020,confirmed,1.0
1154,22,triangle,1399,329,20909,confirmed,0.956
1154,23,rectangle,947,218,29984,confirmed,1.0
1154,24,pentagon,1591,252,36558,confirmed,1.0
1155,12,trapezoid,1383,643,24130,confirmed,0.385
1155,19,circle,684,1020,27278,confirmed,1.0
1155,22,triangle,1421,282,20854,confirmed,0.956
1155,23,rectangle,981,201,29780,confirmed,1.0
1155,24,pentagon,1644,233,36505,confirmed,1.0
1156,12,trapezoid,1397,611,28180,confirmed,0.385
1156,19,circle,738,1014,27700,confirmed,1.0
1156,22,triangle,1426,251,20815,confirmed,0.956
1156,23,rectangle,1022,188,29956,confirmed,1.0
1156,24,pentagon,1702,222,36554,confirmed,1.0
1157,12,trapezoid,1410,576,27659,confirmed,0.385
1157,19,circle,790,1007,28642,confirmed,1.0
1157,22,triangle,1420,225,20792,confirmed,0.956
1157,23,rectangle,1066,181,29740,confirmed,1.0
1157,24,pentagon,1758,229,36478,confirmed,1.0
1158,12,trapezoid,1422,540,28101,confirmed,0.385
1158,19,circle,837,1000,30006,confirmed,1.0
1158,22,triangle,1404,201,20802,confirmed,0.956
1158,23,rectangle,1112,181,29985,confirmed,1.0
1158,24,pentagon,1793,258,36592,confirmed,1.0
1159,12,trapezoid,1433,503,23622,confirmed,0.385
1159,19,circle,880,991,31699,confirmed,1.0
1159,22,triangle,1375,179,20893,confirmed,0.956
1159,23,rectangle,1157,188,29915,confirmed,1.0
1159,24,pentagon,1827,280,36540,confirmed,1.0
1160,12,trapezoid,1443,465,28326,confirmed,0.385
1160,19,circle,916,980,32827,confirmed,1.0
1160,22,triangle,1339,160,20920,confirmed,0.956
1160,23,rectangle,1200,194,28031,confirmed,1.0
1160,24,pentagon,1851,310,35880,confirmed,1.0
1161,12,trapezoid,1455,425,22311,confirmed,0.385
1161,19,circle,933,957,32662,confirmed,1.0
1161,22,triangle,1298,144,20775,confirmed,0.956
1161,23,rectangle,1243,197,28031,coasting,1.0
1161,24,pentagon,1864,346,34666,confirmed,1.0
1162,12,trapezoid,1466,386,22311,coasting,0.385
1162,19,circle,952,934,32699,confirmed,1.0
1162,22,triangle,1251,133,20821,confirmed,0.956
1162,23,rectangle,1264,259,20558,confirmed,1.0
1162,24,pentagon,1868,385,33540,confirmed,1.0
1163,12,trapezoid,1479,350,27548,confirmed,0.385
1163,19,circle,967,910,32704,confirmed,1.0
1163,22,triangle,1202,128,20834,confirmed,0.956
1163,23,rectangle,1291,283,26630,confirmed,1.0
1163,24,pentagon,1867,426,31959,confirmed,1.0
1164,12,trapezoid,1493,313,21912,confirmed,0.385
1164,19,circle,973,885,32710,confirmed,1.0
1164,22,triangle,1153,127,20770,confirmed,0.956
1164,23,rectangle,1310,292,29493,confirmed,0.978
1164,24,pentagon,1863,466,30418,confirmed,1.0
1165,12,trapezoid,1506,275,23358,confirmed,0.385
1165,19,circle,977,860,32698,confirmed,1.0
1165,22,triangle,1108,136,20958,confirmed,0.956
1165,23,rectangle,1330,308,29644,confirmed,0.978
1165,24,pentagon,1859,505,28884,confirmed,1.0
1166,12,trapezoid,1520,237,23636,confirmed,0.385
1166,19,circle,982,835,32667,confirmed,1.0
1166,22,triangle,1087,160,21011,confirmed,0.956
1166,23,rectangle,1347,330,29400,confirmed,0.978
1166,24,pentagon,1853,542,30180,confirmed,1.0
1167,12,trapezoid,1533,201,27378,confirmed,0.385
1167,19,circle,971,812,32701,confirmed,1.0
1167,22,triangle,1079,188,20801,confirmed,0.956
1167,23,rectangle,1365,355,29513,confirmed,0.956
1167,24,pentagon,1847,578,31223,confirmed,1.0
1168,12,trapezoid,1541,191,22988,confirmed,0.385
1168,19,circle,955,788,32715,confirmed,1.0
1168,22,triangle,1076,218,21003,confirmed,0.956
1168,23,rectangle,1380,381,28634,confirmed,0.933
1168,24,pentagon,1841,613,32255,confirmed,1.0
1169,12,trapezoid,1545,207,28719,confirmed,0.385
1169,19,circle,923,773,32694,confirmed,1.0
1169,22,triangle,1076,245,20823,confirmed,0.956
1169,23,rectangle,1396,405,27384,confirmed,0.933
1169,24,pentagon,1835,647,33453,confirmed,1.0
1170,12,trapezoid,1543,245,27310,confirmed,0.385
1170,19,circle,887,782,32684,confirmed,1.0
1170,22,triangle,1078,274,20879,confirmed,0.956
1170,23,rectangle,1410,431,25885,confirmed,0.933
1170,24,pentagon,1830,680,34581,confirmed,1.0
1171,12,trapezoid,1545,262,27310,coasting,0.385
1171,19,circle,861,804,32678,confirmed,1.0
1171,22,triangle,1080,301,20760,confirmed,0.956
1171,23,rectangle,1418,456,25222,confirmed,0.933
1171,24,pentagon,1823,713,35876,confirmed,1.0
1172,12,trapezoid,1548,277,27310,coasting,0.385
1172,19,circle,843,830,32701,confirmed,1.0
1172,22,triangle,1085,328,20869,confirmed,0.956
1172,23,rectangle,1413,511,18157,confirmed,0.933
1172,24,pentagon,1812,745,36634,confirmed,1.0
1173,12,trapezoid,1550,291,27310,coasting,0.385
1173,19,circle,830,856,32677,confirmed,1.0
1173,22,triangle,1096,354,20844,confirmed,0.956
1173,23,rectangle,1411,536,23565,confirmed,0.933
1173,24,pentagon,1767,768,36582,confirmed,1.0
1173,25,hexagon,1537,396,23140,confirmed,0.0
1174,12,trapezoid,1551,304,27310,coasting,0.385
1174,19,circle,818,880,32662,confirmed,1.0
1174,22,triangle,1110,380,20857,confirmed,0.956
1174,23,rectangle,1408,556,22639,confirmed,0.933
1174,24,pentagon,1710,781,36630,confirmed,1.0
1174,25,trapezoid,1523,426,27030,confirmed,0.0
1175,12,trapezoid,1553,315,27310,coasting,0.385
1175,19,circle,820,905,32703,confirmed,1.0
1175,22,triangle,1128,405,20795,confirmed,0.956
1175,23,rectangle,1407,583,22639,coasting,0.933
1175,24,pentagon,1648,788,36474,confirmed,1.0
1175,25,trapezoid,1513,466,27342,confirmed,0.0
1176,12,trapezoid,1555,325,27310,coasting,0.385
1176,19,circle,827,931,32669,confirmed,1.0
1176,22,triangle,1148,430,20930,confirmed,0.956
1176,23,rectangle,1406,607,22639,coasting,0.933
1176,24,pentagon,1586,790,36485,confirmed,1.0
1176,25,trapezoid,1505,512,27117,confirmed,0.0
1177,12,trapezoid,1556,334,27310,coasting,0.385
1177,19,circle,846,953,32719,confirmed,1.0
1177,22,triangle,1171,454,20762,confirmed,0.956
1177,23,rectangle,1405,628,22639,coasting,0.933
1177,24,pentagon,1525,784,36493,confirmed,1.0
1177,25,trapezoid,1501,562,27566,confirmed,0.0
1178,12,trapezoid,1557,342,27310,coasting,0.385
1178,19,circle,877,971,32697,confirmed,1.0
1178,22,triangle,1196,476,20901,confirmed,0.956
1178,23,rectangle,1404,648,22639,coasting,0.933
1178,24,pentagon,1467,773,36570,confirmed,1.0
1178,25,hexagon,1499,611,25782,confirmed,0.0
1179,12,trapezoid,1558,349,27310,coasting,0.385
1179,19,circle,905,989,32278,confirmed,1.0
1179,22,triangle,1223,498,20894,confirmed,0.956
1179,23,rectangle,1404,665,22639,coasting,0.933
1179,24,pentagon,1417,754,36529,confirmed,1.0
1179,25,pentagon,1506,654,18799,confirmed,0.0
1180,12,trapezoid,1559,356,27310,coasting,0.385
1180,19,circle,939,1001,31248,confirmed,1.0
1180,22,triangle,1253,519,20812,confirmed,0.956
1180,23,rectangle,1403,681,22639,coasting,0.933
1180,24,pentagon,1369,737,37035,confirmed,1.0
1180,25,trapezoid,1519,696,10256,confirmed,0.0
1181,12,trapezoid,1560,362,27310,coasting,0.385
1181,19,circle,980,1009,30546,confirmed,1.0
1181,22,triangle,1280,539,19419,confirmed,0.956
1181,23,rectangle,1402,695,22639,coasting,0.933
1181,24,pentagon,1332,706,36576,confirmed,1.0
1181,25,trapezoid,1517,734,22002,confirmed,1.0
1182,12,trapezoid,1561,367,27310,coasting,0.385
1182,19,circle,1026,1011,30229,confirmed,1.0
1182,22,triangle,1308,561,19419,coasting,0.956
1182,23,rectangle,1402,707,22639,coasting,0.933
1182,24,pentagon,1297,677,36639,confirmed,1.0
1182,25,trapezoid,1512,774,27655,confirmed,1.0
1183,12,trapezoid,1561,372,27310,coasting,0.385
1183,19,circle,1075,1010,30289,confirmed,1.0
1183,22,triangle,1333,580,19419,coasting,0.956
1183,23,rectangle,1401,719,22639,coasting,0.933
1183,24,pentagon,1261,650,36498,confirmed,1.0
1183,25,trapezoid,1504,811,27504,confirmed,1.0
1184,12,trapezoid,1562,377,27310,coasting,0.385
1184,19,circle,1125,1006,30540,confirmed,1.0
1184,22,triangle,1355,597,19419,coasting,0.956
1184,23,rectangle,1419,728,15141,confirmed,0.933
1184,24,pentagon,1225,623,36560,confirmed,1.0
1184,25,trapezoid,1497,847,20946,confirmed,1.0
1185,12,trapezoid,1563,380,27310,coasting,0.385
1185,19,circle,1174,1001,30838,confirmed,1.0
1185,22,triangle,1393,622,20855,confirmed,0.956
1185,23,rectangle,1461,748,17175,confirmed,0.933
1185,24,pentagon,1191,595,36472,confirmed,1.0
1185,25,trapezoid,1489,886,28084,confirmed,1.0
1186,12,trapezoid,1563,384,27310,coasting,0.385
1186,19,circle,1222,995,31141,confirmed,1.0
1186,22,triangle,1423,646,20943,confirmed,0.956
1186,23,rectangle,1488,777,19317,confirmed,0.933
1186,24,pentagon,1158,568,36603,confirmed,1.0
1186,25,trapezoid,1484,923,27836,confirmed,1.0
1187,12,trapezoid,1564,387,27310,coasting,0.385
1187,19,circle,1268,989,31572,confirmed,1.0
1187,22,triangle,1448,669,20874,confirmed,0.956
1187,23,rectangle,1512,805,21763,confirmed,0.933
1187,24,pentagon,1126,540,36563,confirmed,1.0
1187,25,trapezoid,1478,961,28038,confirmed,1.0
1188,12,trapezoid,1564,390,27310,coasting,0.385
1188,19,circle,1310,983,29454,confirmed,1.0
1188,22,triangle,1472,692,20985,confirmed,0.956
1188,23,rectangle,1537,838,25333,confirmed,0.933
1188,24,pentagon,1093,513,36575,confirmed,1.0
1188,25,trapezoid,1475,1002,30240,confirmed,1.0
1189,12,trapezoid,1564,392,27310,coasting,0.385
1189,19,circle,1348,974,27073,confirmed,1.0
1189,22,triangle,1491,715,20763,confirmed,0.956
1189,23,rectangle,1562,870,26520,confirmed,0.933
1189,24,pentagon,1060,485,36483,confirmed,1.0
1189,25,trapezoid,1476,1034,24844,confirmed,1.0
1190,12,trapezoid,1565,395,27310,coasting,0.385
1190,19,circle,1383,960,20446,confirmed,1.0
1190,22,triangle,1499,740,20814,confirmed,0.956
1190,23,rectangle,1592,896,22690,confirmed,0.933
1190,24,pentagon,1027,458,36608,confirmed,1.0
1190,25,trapezoid,1482,1041,27302,confirmed,1.0
1191,19,circle,1421,950,20446,coasting,1.0
1191,22,triangle,1503,767,20786,confirmed,0.956
1191,23,rectangle,1626,916,22159,confirmed,0.933
1191,24,pentagon,996,430,36594,confirmed,1.0
1191,25,trapezoid,1491,1024,27102,confirmed,1.0
1192,19,circle,1455,941,20446,coasting,1.0
1192,22,triangle,1512,792,20786,coasting,0.956
1192,23,rectangle,1661,933,27295,confirmed,0.933
1192,24,pentagon,965,402,36628,confirmed,1.0
1192,25,trapezoid,1510,936,26804,confirmed,1.0
1193,19,circle,1485,932,20446,coasting,1.0
1193,22,triangle,1521,814,20786,coasting,0.956
1193,23,rectangle,1707,930,29822,confirmed,0.933
1193,24,pentagon,936,374,36666,confirmed,1.0
1193,25,trapezoid,1524,886,27009,confirmed,1.0
1194,19,circle,1513,925,20446,coasting,1.0
1194,22,triangle,1529,835,20786,coasting,0.956
1194,23,rectangle,1750,931,29955,confirmed,0.933
1194,24,pentagon,904,346,36589,confirmed,1.0
1194,25,trapezoid,1538,839,27085,confirmed,1.0
1195,19,circle,1538,918,20446,coasting,1.0
1195,22,triangle,1536,853,20786,coasting,0.956
1195,23,rectangle,1793,931,29930,confirmed,0.933
1195,24,pentagon,867,320,36489,confirmed,1.0
1195,25,trapezoid,1557,796,29883,confirmed,1.0
1196,19,circle,1560,912,20446,coasting,1.0
1196,22,triangle,1542,870,20786,coasting,0.956
1196,23,rectangle,1837,932,29936,confirmed,0.933
1196,24,pentagon,824,299,36579,confirmed,1.0
1196,25,trapezoid,1568,754,27587,confirmed,1.0
1197,19,circle,1537,878,27723,confirmed,1.0
1197,22,triangle,1548,884,20786,coasting,0.956
1197,23,rectangle,1873,930,23480,confirmed,0.933
1197,24,pentagon,780,278,36533,confirmed,1.0
1197,25,trapezoid,1578,715,27145,confirmed,1.0
1198,19,circle,1442,830,32273,confirmed,1.0
1198,22,triangle,1553,898,20786,coasting,0.956
1198,23,rectangle,1902,925,15228,confirmed,0.933
1198,24,pentagon,734,258,36579,confirmed,1.0
1198,25,trapezoid,1590,674,27145,coasting,1.0
1199,19,circle,1384,827,32693,confirmed,1.0
1199,22,triangle,1557,910,20786,coasting,0.956
1199,23,rectangle,1937,923,15228,coasting,0.933
1199,24,pentagon,683,249,36631,confirmed,1.0
1199,25,trapezoid,1599,641,27206,confirmed,1.0
1200,19,circle,1352,846,32693,confirmed,1.0
1200,22,triangle,1562,921,20786,coasting,0.956
1200,23,rectangle,1967,921,15228,coasting,0.933
1200,24,pentagon,629,256,36563,confirmed,1.0
1200,25,trapezoid,1608,609,27462,confirmed,1.0
1201,19,circle,1338,872,32679,confirmed,1.0
1201,22,triangle,1565,930,20786,coasting,0.956
1201,24,pentagon,576,271,36534,confirmed,1.0
1201,25,trapezoid,1621,577,27579,confirmed,1.0
1202,19,circle,1332,900,32681,confirmed,1.0
1202,22,triangle,1569,939,20786,coasting,0.956
1202,24,pentagon,528,292,36648,confirmed,1.0
1202,25,trapezoid,1634,543,27809,confirmed,1.0
1203,19,circle,1332,927,32676,confirmed,1.0
1203,22,triangle,1572,947,20786,coasting,0.956
1203,24,pentagon,488,316,36565,confirmed,1.0
1203,25,trapezoid,1652,502,23603,confirmed,0.667
1204,19,circle,1337,953,32683,confirmed,1.0
1204,22,triangle,1574,954,20786,coasting,0.956
1204,24,pentagon,455,343,36454,confirmed,1.0
1204,25,trapezoid,1667,463,27891,confirmed,0.667
1205,19,circle,1344,977,32712,confirmed,1.0
1205,22,triangle,1577,961,20786,coasting,0.956
1205,24,pentagon,429,372,36604,confirmed,1.0
1205,25,trapezoid,1683,426,28037,confirmed,0.667
1205,26,triangle,1168,941,20191,confirmed,1.0
1206,19,circle,1363,996,31567,confirmed,1.0
1206,22,triangle,1579,966,20786,coasting,0.956
1206,24,pentagon,408,402,36499,confirmed,1.0
1206,25,trapezoid,1698,391,27100,confirmed,0.75
1206,26,triangle,1206,929,19917,confirmed,0.667
1207,19,circle,1395,1009,30498,confirmed,1.0
1207,22,triangle,1581,971,20786,coasting,0.956
1207,24,pentagon,396,434,36609,confirmed,1.0
1207,25,trapezoid,1711,359,29788,confirmed,0.75
1207,26,triangle,1251,921,20093,confirmed,0.5
1208,19,circle,1437,1016,29622,confirmed,1.0
1208,22,triangle,1583,976,20786,coasting,0.956
1208,24,pentagon,387,466,36597,confirmed,1.0
1208,25,trapezoid,1730,321,28001,confirmed,0.75
1208,26,trapezoid,1298,914,20134,confirmed,0.6
1209,19,circle,1486,1017,30099,confirmed,1.0
1209,22,triangle,1584,980,20786,coasting,0.956
1209,24,pentagon,378,497,36500,confirmed,1.0
1209,25,trapezoid,1749,283,28339,confirmed,0.75
1209,26,trapezoid,1344,908,20118,confirmed,0.667
1210,19,circle,1539,1012,30926,confirmed,1.0
1210,22,triangle,1586,984,20786,coasting,0.956
1210,24,pentagon,372,529,36574,confirmed,1.0
1210,25,trapezoid,1766,245,28194,confirmed,0.75
1210,26,trapezoid,1389,903,20330,confirmed,0.714
1211,19,circle,1590,1002,32421,confirmed,1.0
1211,22,triangle,1587,988,20786,coasting,0.956
1211,24,pentagon,369,560,36549,confirmed,1.0
1211,25,trapezoid,1789,206,31015,confirmed,0.75
1211,26,trapezoid,1430,896,19594,confirmed,0.75
1212,19,circle,1627,969,32650,confirmed,1.0
1212,24,pentagon,372,592,36622,confirmed,1.0
1212,25,trapezoid,1805,176,28175,confirmed,0.75
1212,26,trapezoid,1470,888,18355,confirmed,0.778
1213,19,circle,1649,942,32673,confirmed,1.0
1213,24,pentagon,379,623,36544,confirmed,1.0
1213,25,trapezoid,1810,172,27389,confirmed,0.75
1213,26,trapezoid,1511,880,18355,coasting,0.778
1214,19,circle,1664,917,32649,confirmed,1.0
1214,24,pentagon,388,654,36612,confirmed,1.0
1214,25,trapezoid,1810,193,28605,confirmed,0.75
1214,26,trapezoid,1548,873,18355,coasting,0.778
1215,19,circle,1674,892,32690,confirmed,1.0
1215,24,pentagon,404,684,36621,confirmed,1.0
1215,25,trapezoid,1803,233,27665,confirmed,0.75
1215,26,trapezoid,1581,867,18355,coasting,0.778
1216,19,circle,1684,868,32701,confirmed,1.0
1216,24,pentagon,432,711,36551,confirmed,1.0
1216,25,trapezoid,1791,283,27597,confirmed,0.75
1216,26,trapezoid,1611,861,18355,coasting,0.778
1217,19,circle,1693,844,32703,confirmed,1.0
1217,24,pentagon,471,734,36608,confirmed,1.0
1217,25,trapezoid,1776,338,29070,confirmed,0.75
1217,26,trapezoid,1638,856,18355,coasting,0.778
1218,19,circle,1696,820,32725,confirmed,1.0
1218,24,pentagon,518,751,36546,confirmed,1.0
1218,25,trapezoid,1764,394,23327,confirmed,0.75
1218,26,trapezoid,1662,852,18355,coasting,0.778
1219,19,circle,1681,798,32654,confirmed,1.0
1219,24,pentagon,567,767,36524,confirmed,1.0
1219,25,trapezoid,1755,447,28032,confirmed,0.75
1219,26,trapezoid,1684,848,18355,coasting,0.778
1220,19,circle,1648,803,32672,confirmed,1.0
1220,24,pentagon,618,774,36483,confirmed,1.0
1220,25,trapezoid,1747,497,27860,confirmed,0.75
1220,26,trapezoid,1740,835,19740,confirmed,0.778
1221,19,circle,1622,824,32650,confirmed,1.0
1221,24,pentagon,673,773,36548,confirmed,1.0
1221,25,trapezoid,1736,541,30736,confirmed,0.75
1221,26,trapezoid,1798,819,20215,confirmed,0.778
1222,19,circle,1609,851,32666,confirmed,1.0
1222,24,pentagon,728,768,36488,confirmed,1.0
1222,25,trapezoid,1733,581,27393,confirmed,0.75
1222,26,trapezoid,1852,799,17288,confirmed,0.778
1223,19,circle,1605,877,32663,confirmed,1.0
1223,24,pentagon,781,758,36575,confirmed,1.0
1223,25,trapezoid,1732,619,27086,confirmed,0.75
1223,26,trapezoid,1894,779,12643,confirmed,0.778
1224,19,circle,1604,904,32685,confirmed,1.0
1224,24,pentagon,830,744,36511,confirmed,1.0
1224,25,trapezoid,1732,653,27960,confirmed,0.75
1224,26,trapezoid,1941,760,12643,coasting,0.778
1225,19,circle,1614,929,32656,confirmed,1.0
1225,24,pentagon,875,725,36489,confirmed,1.0
1225,25,trapezoid,1730,690,27960,coasting,0.75
1226,19,circle,1631,952,32713,confirmed,1.0
1226,24,pentagon,916,705,36622,confirmed,1.0
1226,25,trapezoid,1731,724,27523,confirmed,0.75
1227,19,circle,1647,975,32792,confirmed,1.0
1227,24,pentagon,956,684,36512,confirmed,1.0
1227,25,trapezoid,1732,758,27957,confirmed,0.75
1228,19,circle,1669,995,31610,confirmed,1.0
1228,24,pentagon,994,662,36499,confirmed,1.0
1228,25,trapezoid,1733,793,27293,confirmed,0.75
1229,19,circle,1701,1009,30154,confirmed,1.0
1229,24,pentagon,1030,639,36617,confirmed,1.0
1229,25,trapezoid,1732,830,27298,confirmed,0.75
1230,19,circle,1742,1020,25729,confirmed,1.0
1230,24,pentagon,1066,616,36584,confirmed,1.0
1230,25,trapezoid,1730,868,27404,confirmed,0.75
1231,19,circle,1790,1029,21973,confirmed,1.0
1231,24,pentagon,1100,593,36558,confirmed,1.0
1231,25,trapezoid,1728,906,27835,confirmed,0.75
1232,19,circle,1839,1030,18031,confirmed,1.0
1232,24,pentagon,1133,569,36504,confirmed,1.0
1232,25,trapezoid,1729,944,27320,confirmed,0.75
1233,19,circle,1882,1022,13615,confirmed,1.0
1233,24,pentagon,1165,545,36470,confirmed,1.0
1233,25,trapezoid,1736,986,26886,confirmed,0.8
1234,19,circle,1913,1012,10531,confirmed,1.0
1234,24,pentagon,1195,520,36570,confirmed,1.0
1234,25,trapezoid,1742,998,21790,confirmed,0.8
1235,19,circle,1950,1007,10531,coasting,1.0
1235,24,pentagon,1222,495,36526,confirmed,1.0
1235,25,trapezoid,1752,984,27480,confirmed,0.8
1236,24,pentagon,1249,469,36547,confirmed,1.0
1236,25,trapezoid,1763,950,27906,confirmed,0.8
1237,24,pentagon,1275,443,36496,confirmed,1.0
1237,25,trapezoid,1775,901,27872,confirmed,0.8
1238,24,pentagon,1305,419,36583,confirmed,1.0
1238,25,trapezoid,1789,845,27093,confirmed,0.8
1239,24,pentagon,1338,396,36572,confirmed,1.0
1239,25,trapezoid,1802,786,31669,confirmed,0.8
1240,24,pentagon,1376,375,36551,confirmed,1.0
1240,25,trapezoid,1817,730,27708,confirmed,0.8
1240,27,pentagon,1890,902,9198,confirmed,0.0
1241,24,pentagon,1417,357,36584,confirmed,1.0
1241,25,trapezoid,1831,679,23381,confirmed,0.8
1241,27,pentagon,1890,894,9198,coasting,0.0
1242,24,pentagon,1461,340,36539,confirmed,1.0
1242,25,trapezoid,1841,634,23528,confirmed,0.8
1242,27,pentagon,1890,888,9198,coasting,0.0
1243,24,pentagon,1503,323,36483,confirmed,1.0
1243,25,trapezoid,1848,594,21875,confirmed,0.8
1243,27,pentagon,1890,882,9198,coasting,0.0
1244,24,pentagon,1544,305,36531,confirmed,1.0
1244,25,trapezoid,1853,558,20544,confirmed,0.8
1244,27,pentagon,1889,876,9198,coasting,0.0
1245,24,pentagon,1583,285,36493,confirmed,1.0
1245,25,trapezoid,1857,525,18162,confirmed,0.8
1245,27,pentagon,1889,871,9198,coasting,0.0
1245,28,rectangle,1884,200,18572,confirmed,0.0
1246,24,pentagon,1622,266,36591,confirmed,1.0
1246,25,trapezoid,1861,492,17102,confirmed,0.8
1246,27,pentagon,1889,867,9198,coasting,0.0
1246,28,rectangle,1875,218,21850,confirmed,0.0
1247,24,pentagon,1660,247,36625,confirmed,1.0
1247,25,trapezoid,1864,459,15087,confirmed,0.8
1247,27,pentagon,1889,863,9198,coasting,0.0
1247,28,rectangle,1865,240,24790,confirmed,0.0
1248,24,pentagon,1701,249,36572,confirmed,1.0
1248,25,trapezoid,1869,425,13360,confirmed,0.8
1248,27,pentagon,1889,859,9198,coasting,0.0
1248,28,pentagon,1856,262,23087,confirmed,0.0
1249,24,pentagon,1737,268,36580,confirmed,1.0
1249,25,trapezoid,1874,393,12563,confirmed,0.8
1249,27,pentagon,1889,856,9198,coasting,0.0
1249,28,pentagon,1847,282,23087,coasting,0.0
1250,24,pentagon,1758,296,36641,confirmed,1.0
1250,25,trapezoid,1880,357,9986,confirmed,0.8
1250,27,pentagon,1889,853,9198,coasting,0.0
1250,28,pentagon,1839,300,23087,coasting,0.0
1251,24,pentagon,1770,327,36663,confirmed,1.0
1251,25,trapezoid,1885,323,9986,coasting,0.8
1251,27,pentagon,1889,851,9198,coasting,0.0
1251,28,pentagon,1832,316,23087,coasting,0.0
1252,24,pentagon,1785,360,39584,confirmed,1.0
1252,25,trapezoid,1893,285,5134,confirmed,0.8
1252,27,pentagon,1889,848,9198,coasting,0.0
1252,28,pentagon,1826,330,23087,coasting,0.0
1253,24,pentagon,1797,388,37871,confirmed,1.0
1253,25,trapezoid,1899,265,5127,confirmed,0.8
1253,27,pentagon,1889,846,9198,coasting,0.0
1253,28,pentagon,1820,343,23087,coasting,0.0
1254,24,pentagon,1805,414,37481,confirmed,1.0
1254,25,trapezoid,1906,238,5127,coasting,0.8
1254,27,pentagon,1889,844,9198,coasting,0.0
1254,28,pentagon,1815,354,23087,coasting,0.0
1255,24,pentagon,1802,443,36531,confirmed,1.0
1255,25,trapezoid,1912,213,5127,coasting,0.8
1255,27,pentagon,1889,843,9198,coasting,0.0
1255,28,pentagon,1811,365,23087,coasting,0.0
1256,24,pentagon,1805,471,36898,confirmed,1.0
1256,25,trapezoid,1917,191,5127,coasting,0.8
1256,27,pentagon,1889,841,9198,coasting,0.0
1256,28,pentagon,1806,374,23087,coasting,0.0
1257,24,pentagon,1808,499,36942,confirmed,1.0
1257,25,trapezoid,1922,171,5127,coasting,0.8
1257,27,pentagon,1889,840,9198,coasting,0.0
1257,28,pentagon,1803,383,23087,coasting,0.0
1258,24,pentagon,1807,521,45973,confirmed,1.0
1258,25,trapezoid,1926,154,5127,coasting,0.8
1258,27,pentagon,1889,838,9198,coasting,0.0
1258,28,pentagon,1799,390,23087,coasting,0.0
1259,24,pentagon,1811,549,36181,confirmed,1.0
1259,25,trapezoid,1930,137,5127,coasting,0.8
1259,27,pentagon,1889,837,9198,coasting,0.0
1259,28,pentagon,1796,397,23087,coasting,0.0
1260,24,pentagon,1815,579,36308,confirmed,1.0
1260,25,trapezoid,1933,123,5127,coasting,0.8
1260,27,pentagon,1889,836,9198,coasting,0.0
1260,28,pentagon,1794,404,23087,coasting,0.0
1260,29,triangle,1843,109,20681,confirmed,0.0
1261,24,pentagon,1817,608,36291,confirmed,1.0
1261,25,trapezoid,1936,110,5127,coasting,0.8
1261,28,pentagon,1791,409,23087,coasting,0.0
1261,29,triangle,1775,126,20874,confirmed,1.0
1262,24,pentagon,1816,638,36517,confirmed,1.0
1262,25,trapezoid,1939,98,5127,coasting,0.8
1262,28,hexagon,1760,460,21129,confirmed,0.0
1262,29,triangle,1730,141,20762,confirmed,1.0
1263,24,pentagon,1801,666,36616,confirmed,1.0
1263,25,trapezoid,1942,88,5127,coasting,0.8
1263,28,hexagon,1724,515,22601,confirmed,0.0
1263,29,triangle,1697,157,21044,confirmed,1.0
1264,24,pentagon,1775,690,36476,confirmed,1.0
1264,25,trapezoid,1944,78,5127,coasting,0.8
1264,28,hexagon,1686,565,22227,confirmed,0.0
1264,29,triangle,1672,173,20888,confirmed,1.0
1265,24,pentagon,1741,711,36604,confirmed,1.0
1265,25,trapezoid,1946,70,5127,coasting,0.8
1265,28,hexagon,1651,604,21390,confirmed,0.0
1265,29,triangle,1654,193,20929,confirmed,1.0
1266,24,pentagon,1706,731,36602,confirmed,1.0
1266,25,trapezoid,1948,62,5127,coasting,0.8
1266,28,hexagon,1618,633,20684,confirmed,0.0
1266,29,triangle,1643,214,20777,confirmed,1.0
1267,24,pentagon,1668,749,36598,confirmed,1.0
1267,25,trapezoid,1950,55,5127,coasting,0.8
1267,28,trapezoid,1592,616,18918,confirmed,1.0
1267,29,triangle,1639,236,20891,confirmed,1.0
1268,24,pentagon,1627,763,36536,confirmed,1.0
1268,25,trapezoid,1951,49,5127,coasting,0.8
1268,28,trapezoid,1565,623,18051,confirmed,1.0
1268,29,triangle,1641,258,20916,confirmed,1.0
1268,30,hexagon,1879,819,10656,confirmed,0.0
1269,24,pentagon,1581,774,36602,confirmed,1.0
1269,25,trapezoid,1952,43,5127,coasting,0.8
1269,28,trapezoid,1536,630,18051,coasting,1.0
1269,29,triangle,1647,280,20893,confirmed,1.0
1269,30,trapezoid,1879,864,11076,confirmed,0.0
1270,24,pentagon,1534,781,36568,confirmed,1.0
1270,25,trapezoid,1954,38,5127,coasting,0.8
1270,28,trapezoid,1511,638,18051,coasting,1.0
1270,29,triangle,1654,301,20726,confirmed,1.0
1270,30,trapezoid,1885,894,5012,confirmed,0.0
1271,24,pentagon,1487,788,36494,confirmed,1.0
1271,25,trapezoid,1955,34,5127,coasting,0.8
1271,28,trapezoid,1488,644,18051,coasting,1.0
1271,29,triangle,1662,322,20878,confirmed,1.0
1271,30,trapezoid,1890,903,7344,confirmed,0.0
1272,24,pentagon,1439,784,36573,confirmed,1.0
1272,25,trapezoid,1956,30,5127,coasting,0.8
1272,28,trapezoid,1467,650,18051,coasting,1.0
1272,29,triangle,1670,344,20990,confirmed,1.0
1272,30,trapezoid,1893,924,7344,coasting,0.0
1273,24,pentagon,1393,777,36786,confirmed,1.0
1273,25,trapezoid,1957,26,5127,coasting,0.8
1273,28,trapezoid,1449,655,18051,coasting,1.0
1273,29,triangle,1679,364,20907,confirmed,1.0
1273,30,trapezoid,1897,942,7344,coasting,0.0
1274,24,pentagon,1349,768,37763,confirmed,0.978
1274,28,trapezoid,1432,660,18051,coasting,1.0
1274,29,triangle,1689,386,21013,confirmed,1.0
1274,30,trapezoid,1900,959,7344,coasting,0.0
1275,24,pentagon,1304,755,36459,confirmed,0.978
1275,28,trapezoid,1417,664,18051,coasting,1.0
1275,29,triangle,1698,406,20864,confirmed,1.0
1275,30,trapezoid,1902,974,7344,coasting,0.0
1276,24,pentagon,1261,741,36555,confirmed,0.978
1276,28,trapezoid,1403,668,18051,coasting,1.0
1276,29,triangle,1708,427,20846,confirmed,1.0
1276,30,trapezoid,1905,988,7344,coasting,0.0
1277,24,pentagon,1221,727,36578,confirmed,0.978
1277,28,trapezoid,1391,671,18051,coasting,1.0
1277,29,triangle,1717,448,21053,confirmed,1.0
1277,30,trapezoid,1907,1000,7344,coasting,0.0
1278,24,pentagon,1181,712,36518,confirmed,0.978
1278,28,trapezoid,1380,674,18051,coasting,1.0
1278,29,triangle,1726,468,20919,confirmed,1.0
1278,30,trapezoid,1909,1011,7344,coasting,0.0
1279,24,pentagon,1143,696,36520,confirmed,0.978
1279,28,trapezoid,1370,677,18051,coasting,1.0
1279,29,triangle,1734,488,20895,confirmed,1.0
1279,30,trapezoid,1911,1021,7344,coasting,0.0
1280,24,pentagon,1108,678,36644,confirmed,0.978
1280,28,trapezoid,1316,668,21401,confirmed,1.0
1280,29,triangle,1742,509,20775,confirmed,1.0
1280,30,trapezoid,1912,1029,7344,coasting,0.0
1281,24,pentagon,1074,660,36499,confirmed,0.978
1281,28,trapezoid,1261,652,25233,confirmed,1.0
1281,29,triangle,1750,530,20960,confirmed,1.0
1281,30,trapezoid,1914,1037,7344,coasting,0.0
1282,24,pentagon,1042,640,36618,confirmed,0.978
1282,28,trapezoid,1214,632,28495,confirmed,1.0
1282,29,triangle,1758,550,20834,confirmed,1.0
1282,30,trapezoid,1915,1045,7344,coasting,0.0
1283,24,pentagon,1012,620,36484,confirmed,0.978
1283,28,trapezoid,1196,600,29927,confirmed,0.5
1283,29,triangle,1766,570,20842,confirmed,1.0
1283,30,trapezoid,1916,1051,7344,coasting,0.0
1284,24,pentagon,984,599,36554,confirmed,0.978
1284,28,rectangle,1194,575,29826,confirmed,0.667
1284,29,triangle,1770,592,21015,confirmed,1.0
1284,30,trapezoid,1917,1057,7344,coasting,0.0
1285,24,pentagon,957,577,36567,confirmed,0.978
1285,28,rectangle,1195,554,29864,confirmed,0.75
1285,29,triangle,1772,612,20842,confirmed,1.0
1285,30,trapezoid,1918,1062,7344,coasting,0.0
1286,24,pentagon,932,555,36509,confirmed,0.978
1286,28,rectangle,1205,536,29827,confirmed,0.8
1286,29,triangle,1772,633,20813,confirmed,1.0
1286,30,trapezoid,1919,1067,7344,coasting,0.0
1287,24,pentagon,908,533,36531,confirmed,0.978
1287,28,rectangle,1215,518,29975,confirmed,0.833
1287,29,triangle,1768,654,21040,confirmed,1.0
1287,30,trapezoid,1920,1071,7344,coasting,0.0
1288,24,pentagon,885,510,36594,confirmed,0.978
1288,28,rectangle,1224,499,29797,confirmed,0.857
1288,29,triangle,1760,674,20991,confirmed,1.0
1288,30,trapezoid,1920,1075,7344,coasting,0.0
1289,24,pentagon,864,487,36564,confirmed,0.978
1289,28,rectangle,1234,481,29822,confirmed,0.875
1289,29,triangle,1751,694,21005,confirmed,1.0
1289,30,trapezoid,1921,1078,7344,coasting,0.0
1290,24,pentagon,845,463,36449,confirmed,0.978
1290,28,rectangle,1246,463,29757,confirmed,0.889
1290,29,triangle,1740,713,20805,confirmed,1.0
1290,30,trapezoid,1922,1081,7344,coasting,0.0
1291,24,pentagon,827,440,36640,confirmed,0.978
1291,28,rectangle,1261,446,29983,confirmed,0.9
1291,29,triangle,1729,732,20935,confirmed,1.0
1291,30,trapezoid,1922,1084,7344,coasting,0.0
1292,24,pentagon,811,415,36460,confirmed,0.978
1292,28,rectangle,1276,430,29805,confirmed,0.909
1292,29,triangle,1716,752,20965,confirmed,1.0
1293,24,pentagon,795,391,36492,confirmed,0.978
1293,28,rectangle,1293,414,29820,confirmed,0.917
1293,29,triangle,1703,770,20841,confirmed,1.0
1294,24,pentagon,780,368,36660,confirmed,0.978
1294,28,rectangle,1310,396,29962,confirmed,0.923
1294,29,triangle,1688,789,20794,confirmed,1.0
1295,24,pentagon,763,344,36588,confirmed,0.978
1295,28,rectangle,1327,380,29973,confirmed,0.929
1295,29,triangle,1673,807,20736,confirmed,1.0
1296,24,pentagon,743,321,36497,confirmed,0.978
1296,28,rectangle,1344,364,29919,confirmed,0.933
1296,29,triangle,1656,825,20706,confirmed,1.0
1297,24,pentagon,719,299,36580,confirmed,0.978
1297,28,rectangle,1362,348,29942,confirmed,0.938
1297,29,triangle,1640,843,20793,confirmed,1.0
1298,24,pentagon,692,280,36529,confirmed,0.978
1298,28,rectangle,1379,332,29953,confirmed,0.941
1298,29,triangle,1622,860,20911,confirmed,1.0
1299,24,pentagon,658,263,36604,confirmed,0.978
1299,28,rectangle,1397,318,29820,confirmed,0.944
1299,29,triangle,1605,878,20947,confirmed,1.0
1300,24,pentagon,615,258,36483,confirmed,0.978
1300,28,rectangle,1414,302,29797,confirmed,0.947
1300,29,triangle,1586,894,20862,confirmed,1.0
1301,24,pentagon,576,266,36524,confirmed,0.978
1301,28,rectangle,1432,286,29920,confirmed,0.95
1301,29,triangle,1565,910,20856,confirmed,1.0
1301,31,circle,1859,208,29655,confirmed,0.0
1302,24,pentagon,541,283,36593,confirmed,0.978
1302,28,rectangle,1452,272,29779,confirmed,0.952
1302,29,triangle,1540,925,20975,confirmed,1.0
1302,31,circle,1843,222,31658,confirmed,0.0
1303,24,pentagon,509,302,36540,confirmed,0.978
1303,28,rectangle,1472,256,29912,confirmed,0.955
1303,29,triangle,1508,933,20776,confirmed,1.0
1303,31,circle,1828,243,32665,confirmed,0.0
1304,24,pentagon,477,321,36613,confirmed,0.978
1304,28,rectangle,1493,243,29939,confirmed,0.957
1304,29,triangle,1474,936,20967,confirmed,1.0
1304,31,circle,1816,269,32712,confirmed,0.0
1305,24,pentagon,446,339,36490,confirmed,0.978
1305,28,rectangle,1505,242,29952,confirmed,0.958
1305,29,triangle,1438,938,20866,confirmed,1.0
1305,31,circle,1815,295,30867,confirmed,0.0
1306,24,pentagon,416,357,36518,confirmed,0.978
1306,28,rectangle,1516,233,29935,confirmed,0.96
1306,29,triangle,1406,931,20997,confirmed,1.0
1306,31,circle,1824,309,25578,confirmed,0.0
1307,24,pentagon,387,376,36586,confirmed,0.978
1307,28,rectangle,1531,219,29840,confirmed,0.962
1307,29,triangle,1375,921,20795,confirmed,1.0
1307,31,pentagon,1840,308,20537,confirmed,0.0
1308,24,pentagon,360,395,36513,confirmed,0.978
1308,28,rectangle,1547,203,29842,confirmed,0.963
1308,29,triangle,1344,911,20895,confirmed,1.0
1308,31,pentagon,1859,293,15194,confirmed,0.0
1309,24,pentagon,336,415,36503,confirmed,0.978
1309,28,rectangle,1558,185,29939,confirmed,0.964
1309,29,triangle,1313,902,20889,confirmed,1.0
1309,31,pentagon,1875,268,14696,confirmed,0.0
1310,24,pentagon,315,436,36530,confirmed,0.978
1310,28,rectangle,1565,167,29918,confirmed,0.966
1310,29,triangle,1283,893,20830,confirmed,1.0
1310,31,pentagon,1886,236,15873,confirmed,0.0
1311,24,pentagon,294,458,36627,confirmed,0.978
1311,28,rectangle,1562,150,29777,confirmed,0.967
1311,29,triangle,1253,884,21001,confirmed,1.0
1311,31,pentagon,1890,201,17090,confirmed,0.0
1312,24,pentagon,279,481,36504,confirmed,0.978
1312,28,rectangle,1556,132,29846,confirmed,0.968
1312,29,triangle,1225,873,20840,confirmed,1.0
1312,31,hexagon,1889,165,18423,confirmed,0.0
1313,24,pentagon,270,504,36580,confirmed,0.978
1313,28,rectangle,1544,115,29931,confirmed,0.969
1313,29,triangle,1197,862,20945,confirmed,1.0
1313,31,pentagon,1885,131,19971,confirmed,0.0
1314,24,pentagon,263,528,36597,confirmed,0.978
1314,28,rectangle,1534,99,29124,confirmed,0.969
1314,29,triangle,1171,850,20745,confirmed,1.0
1314,31,hexagon,1877,100,22117,confirmed,0.0
1315,24,pentagon,263,552,36640,confirmed,0.978
1315,28,rectangle,1519,87,27355,confirmed,0.969
1315,29,triangle,1149,836,20774,confirmed,1.0
1315,31,circle,1866,75,23197,confirmed,0.0
1316,24,pentagon,277,573,36511,confirmed,0.978
1316,28,rectangle,1498,79,25727,confirmed,0.969
1316,29,triangle,1130,820,20744,confirmed,1.0
1316,31,circle,1853,57,23710,confirmed,0.0
1317,24,pentagon,308,590,36605,confirmed,0.978
1317,28,rectangle,1471,74,24827,confirmed,0.969
1317,29,triangle,1114,803,20880,confirmed,1.0
1317,31,circle,1837,44,23478,confirmed,0.0
1318,24,pentagon,348,600,36581,confirmed,0.978
1318,28,rectangle,1440,73,24531,confirmed,0.969
1318,29,triangle,1102,785,20809,confirmed,1.0
1318,31,hexagon,1815,36,20591,confirmed,0.0
1319,24,pentagon,390,607,36491,confirmed,1.0
1319,28,rectangle,1406,75,25101,confirmed,0.969
1319,29,triangle,1091,768,21015,confirmed,1.0
1319,31,pentagon,1785,31,17757,confirmed,0.0
1320,24,pentagon,432,613,36624,confirmed,1.0
1320,28,rectangle,1371,80,25963,confirmed,0.969
1320,29,triangle,1080,750,20919,confirmed,1.0
1320,31,pentagon,1747,31,16897,confirmed,0.0
1321,24,pentagon,473,618,36539,confirmed,1.0
1321,28,rectangle,1338,86,27165,confirmed,0.969
1321,29,triangle,1069,732,20909,confirmed,1.0
1321,31,pentagon,1701,33,16542,confirmed,0.0
1322,24,pentagon,515,622,36444,confirmed,1.0
1322,28,rectangle,1307,93,28470,confirmed,0.969
1322,29,triangle,1058,715,20823,confirmed,1.0
1322,31,pentagon,1655,38,19083,confirmed,0.0
1323,24,pentagon,556,626,36571,confirmed,1.0
1323,28,rectangle,1279,101,29968,confirmed,0.969
1323,29,triangle,1050,697,20830,confirmed,1.0
1323,31,hexagon,1610,46,22193,confirmed,0.0
1324,24,pentagon,597,627,36585,confirmed,1.0
1324,28,rectangle,1263,116,29985,confirmed,0.97
1324,29,triangle,1044,678,20791,confirmed,1.0
1324,31,circle,1571,58,25861,confirmed,0.0
1325,24,pentagon,638,627,36610,confirmed,1.0
1325,28,rectangle,1245,131,29790,confirmed,0.971
1325,29,triangle,1038,661,20852,confirmed,1.0
1325,31,circle,1541,72,29624,confirmed,0.0
1326,24,pentagon,680,626,36631,confirmed,1.0
1326,28,rectangle,1231,146,29922,confirmed,0.971
1326,29,triangle,1032,643,20838,confirmed,1.0
1326,31,circle,1524,88,32394,confirmed,0.0
1327,24,pentagon,721,626,36661,confirmed,1.0
1327,28,rectangle,1217,161,29810,confirmed,0.972
1327,29,triangle,1026,625,20826,confirmed,1.0
1327,31,circle,1551,118,32659,confirmed,1.0
1328,24,pentagon,761,625,36514,confirmed,1.0
1328,28,rectangle,1206,177,29764,confirmed,0.973
1328,29,triangle,1020,607,20750,confirmed,1.0
1328,31,circle,1584,129,32659,confirmed,1.0
1329,24,pentagon,802,623,36589,confirmed,1.0
1329,28,rectangle,1196,194,29759,confirmed,0.974
1329,29,triangle,1014,589,20764,confirmed,1.0
1329,31,circle,1604,130,32712,confirmed,1.0
1330,24,pentagon,841,619,36603,confirmed,1.0
1330,28,rectangle,1188,209,29828,confirmed,0.974
1330,29,triangle,1010,570,18820,confirmed,1.0
1330,31,circle,1619,120,30415,confirmed,1.0
1331,24,pentagon,879,611,36546,confirmed,1.0
1331,28,rectangle,1181,226,29838,confirmed,0.975
1331,29,triangle,1005,551,18820,coasting,1.0
1331,31,circle,1622,103,27029,confirmed,1.0
1332,24,pentagon,917,602,36526,confirmed,1.0
1332,28,rectangle,1175,241,29781,confirmed,0.976
1332,29,triangle,1001,535,18820,coasting,1.0
1332,31,circle,1610,83,23407,confirmed,1.0
1333,24,pentagon,951,590,36600,confirmed,1.0
1333,28,rectangle,1168,258,29849,confirmed,0.976
1333,29,triangle,997,520,18820,coasting,1.0
1333,31,circle,1584,63,19826,confirmed,1.0
1334,24,pentagon,983,576,36594,confirmed,1.0
1334,28,rectangle,1162,275,29942,confirmed,0.977
1334,29,triangle,993,506,18820,coasting,1.0
1334,31,circle,1548,45,16622,confirmed,1.0
1335,24,pentagon,1013,562,36572,confirmed,1.0
1335,28,rectangle,1155,290,29953,confirmed,0.977
1335,29,triangle,990,494,18820,coasting,1.0
1335,31,circle,1505,31,13758,confirmed,1.0
1336,24,pentagon,1042,546,36422,confirmed,1.0
1336,28,rectangle,1149,307,29923,confirmed,0.978
1336,29,triangle,987,483,18820,coasting,1.0
1336,31,circle,1458,21,11116,confirmed,1.0
1337,24,pentagon,1070,529,36449,confirmed,1.0
1337,28,rectangle,1143,321,29513,confirmed,0.978
1337,29,triangle,984,473,18820,coasting,1.0
1337,31,circle,1410,15,8577,confirmed,1.0
1338,24,pentagon,1097,513,36477,confirmed,1.0
1338,28,rectangle,1138,335,26184,confirmed,0.978
1338,29,triangle,970,451,17743,confirmed,1.0
1338,31,circle,1363,11,6596,confirmed,1.0
1339,24,pentagon,1123,498,36657,confirmed,1.0
1339,28,rectangle,1130,344,21000,confirmed,0.978
1339,29,triangle,956,427,19486,confirmed,1.0
1339,31,circle,1316,11,7149,confirmed,1.0
1340,24,pentagon,1149,481,36534,confirmed,1.0
1340,28,rectangle,1124,355,21000,coasting,0.978
1340,29,triangle,942,399,20688,confirmed,1.0
1340,31,circle,1270,13,7543,confirmed,1.0
1341,24,pentagon,1175,464,36553,confirmed,1.0
1341,28,rectangle,1118,366,21000,coasting,0.978
1341,29,triangle,934,380,20744,confirmed,1.0
1341,31,circle,1225,17,8169,confirmed,1.0
1342,24,pentagon,1200,448,36623,confirmed,1.0
1342,28,rectangle,1113,375,21000,coasting,0.978
1342,29,triangle,926,364,20916,confirmed,1.0
1342,31,circle,1181,23,9357,confirmed,1.0
1343,24,pentagon,1225,431,36539,confirmed,1.0
1343,28,rectangle,1100,393,24679,confirmed,0.978
1343,29,triangle,919,347,20923,confirmed,1.0
1343,31,circle,1139,28,11523,confirmed,1.0
1344,24,pentagon,1250,414,36570,confirmed,1.0
1344,28,rectangle,1078,425,29273,confirmed,0.978
1344,29,triangle,910,332,21027,confirmed,1.0
1344,31,circle,1099,35,14188,confirmed,1.0
1345,24,pentagon,1274,398,36630,confirmed,1.0
1345,28,rectangle,1064,445,29480,confirmed,0.978
1345,29,triangle,901,315,20801,confirmed,1.0
1345,31,circle,1063,43,17223,confirmed,1.0
1346,24,pentagon,1299,381,36530,confirmed,1.0
1346,28,rectangle,1050,460,29587,confirmed,0.978
1346,29,triangle,891,298,20815,confirmed,1.0
1346,31,circle,1030,51,20635,confirmed,1.0
1347,24,pentagon,1323,365,36516,confirmed,1.0
1347,28,rectangle,1037,472,29820,confirmed,0.978
1347,29,triangle,882,282,20856,confirmed,1.0
1347,31,circle,1001,60,24362,confirmed,1.0
1347,32,pentagon,1890,907,10624,confirmed,0.0
1348,24,pentagon,1347,348,36599,confirmed,1.0
1348,28,rectangle,1022,486,29973,confirmed,0.978
1348,29,triangle,873,266,20935,confirmed,1.0
1348,31,circle,976,71,28048,confirmed,1.0
1348,32,trapezoid,1882,914,10936,confirmed,0.0
1349,24,pentagon,1372,332,36637,confirmed,1.0
1349,28,rectangle,1008,498,29913,confirmed,0.978
1349,29,triangle,864,250,20842,confirmed,1.0
1349,31,circle,955,84,31184,confirmed,1.0
1349,32,trapezoid,1875,901,12124,confirmed,0.0
1350,24,pentagon,1396,315,36442,confirmed,1.0
1350,28,rectangle,992,510,29935,confirmed,0.978
1350,29,triangle,854,235,19405,confirmed,1.0
1350,31,circle,938,99,32795,confirmed,1.0
1350,32,trapezoid,1870,871,12474,confirmed,0.0
1351,24,pentagon,1420,299,36545,confirmed,1.0
1351,28,rectangle,974,523,29931,confirmed,0.978
1351,29,triangle,845,220,19405,coasting,1.0
1351,31,circle,931,126,32663,confirmed,1.0
1351,32,trapezoid,1866,830,13242,confirmed,0.0
1352,24,pentagon,1443,282,36559,confirmed,1.0
1352,28,rectangle,953,533,29903,confirmed,0.978
1352,29,triangle,836,206,19405,coasting,1.0
1352,31,circle,916,152,32682,confirmed,1.0
1352,32,trapezoid,1860,779,17110,confirmed,0.0
1353,24,pentagon,1466,266,36612,confirmed,1.0
1353,28,rectangle,930,542,29856,confirmed,0.978
1353,29,triangle,829,194,19405,coasting,1.0
1353,31,circle,905,176,32714,confirmed,1.0
1353,32,trapezoid,1856,728,15725,confirmed,0.0
1354,24,pentagon,1490,250,36601,confirmed,1.0
1354,28,rectangle,905,547,29893,confirmed,0.978
1354,29,triangle,822,182,19405,coasting,1.0
1354,31,circle,908,201,32690,confirmed,1.0
1354,32,trapezoid,1854,677,16121,confirmed,0.0
1355,24,pentagon,1515,235,36536,confirmed,1.0
1355,28,rectangle,878,551,29923,confirmed,0.978
1355,29,triangle,786,158,18383,confirmed,0.978
1355,31,circle,929,222,32656,confirmed,1.0
1355,32,pentagon,1854,627,17474,confirmed,0.0
1356,24,pentagon,1542,221,36570,confirmed,1.0
1356,28,rectangle,851,555,29969,confirmed,0.978
1356,29,triangle,770,145,20787,confirmed,0.978
1356,31,circle,961,239,32671,confirmed,1.0
1356,32,trapezoid,1854,583,16512,confirmed,0.0
1357,24,pentagon,1572,208,36561,confirmed,1.0
1357,28,rectangle,824,555,29921,confirmed,0.978
1357,29,triangle,751,133,20770,confirmed,0.978
1357,31,circle,999,253,32694,confirmed,1.0
1357,32,trapezoid,1853,542,17644,confirmed,0.0
1358,24,pentagon,1602,196,36592,confirmed,1.0
1358,28,rectangle,798,552,29978,confirmed,0.978
1358,29,triangle,731,121,20843,confirmed,0.978
1358,31,circle,1043,259,32672,confirmed,1.0
1358,32,trapezoid,1853,504,17795,confirmed,0.0
1359,24,pentagon,1632,184,36596,confirmed,1.0
1359,28,rectangle,771,549,29938,confirmed,0.978
1359,29,triangle,708,112,20925,confirmed,0.978
1359,31,circle,1089,255,32701,confirmed,1.0
1359,32,trapezoid,1852,467,18227,confirmed,0.0
1360,24,pentagon,1664,178,36544,confirmed,1.0
1360,28,rectangle,745,546,29810,confirmed,0.978
1360,29,triangle,682,106,20792,confirmed,0.978
1360,31,circle,1126,245,32670,confirmed,1.0
1360,32,trapezoid,1851,432,18644,confirmed,0.0
1361,24,pentagon,1697,183,36502,confirmed,1.0
1361,28,rectangle,719,542,29782,confirmed,0.978
1361,29,triangle,654,104,20927,confirmed,0.978
1361,31,circle,1137,222,32682,confirmed,1.0
1361,32,pentagon,1849,395,22233,confirmed,0.0
1362,24,pentagon,1721,200,36663,confirmed,1.0
1362,28,rectangle,694,536,29789,confirmed,0.978
1362,29,triangle,624,105,20710,confirmed,0.978
1362,31,circle,1136,195,32665,confirmed,1.0
1362,32,trapezoid,1847,359,19850,confirmed,0.0
1363,24,pentagon,1739,218,36486,confirmed,1.0
1363,28,rectangle,672,528,29809,confirmed,0.978
1363,29,triangle,593,107,20781,confirmed,0.978
1363,31,circle,1118,171,32674,confirmed,1.0
1363,32,trapezoid,1852,323,14881,confirmed,0.0
1364,24,pentagon,1753,238,36555,confirmed,1.0
1364,28,rectangle,654,517,29918,confirmed,0.978
1364,29,triangle,562,110,20833,confirmed,0.978
1364,31,circle,1095,148,32686,confirmed,1.0
1364,32,trapezoid,1863,287,10591,confirmed,0.0
1365,24,pentagon,1766,258,36534,confirmed,1.0
1365,28,rectangle,639,505,29941,confirmed,0.978
1365,29,triangle,532,113,20797,confirmed,0.978
1365,31,circle,1068,127,32656,confirmed,1.0
1365,32,pentagon,1876,248,7492,confirmed,0.0
1366,24,pentagon,1776,278,36662,confirmed,1.0
1366,28,rectangle,627,491,29931,confirmed,0.978
1366,29,triangle,505,119,20863,confirmed,0.978
1366,31,circle,1037,109,32677,confirmed,1.0
1366,32,pentagon,1886,211,7492,coasting,0.0
1367,24,pentagon,1784,297,36510,confirmed,1.0
1367,28,rectangle,619,477,29907,confirmed,0.978
1367,29,triangle,486,133,20931,confirmed,0.978
1367,31,circle,1006,92,32344,confirmed,1.0
1367,32,pentagon,1895,177,7492,coasting,0.0
1368,24,pentagon,1792,317,36520,confirmed,1.0
1368,28,rectangle,612,462,29994,confirmed,0.978
1368,29,triangle,465,145,21000,confirmed,0.978
1368,31,circle,970,80,31570,confirmed,1.0
1368,32,pentagon,1903,147,7492,coasting,0.0
1369,24,pentagon,1799,336,36626,confirmed,1.0
1369,28,rectangle,609,448,29949,confirmed,0.978
1369,29,triangle,444,155,20793,confirmed,0.978
1369,31,circle,929,73,30876,confirmed,1.0
1369,32,pentagon,1911,120,7492,coasting,0.0
1370,24,pentagon,1806,355,36589,confirmed,1.0
1370,28,rectangle,606,433,29786,confirmed,0.978
1370,29,triangle,422,164,20870,confirmed,0.978
1370,31,circle,885,70,30093,confirmed,1.0
1370,32,pentagon,1917,96,7492,coasting,0.0
1371,24,pentagon,1814,375,36411,confirmed,1.0
1371,28,rectangle,604,419,29789,confirmed,0.978
1371,29,triangle,401,176,21014,confirmed,0.978
1371,31,circle,841,72,31493,confirmed,1.0
1371,32,pentagon,1923,74,7492,coasting,0.0
1372,24,pentagon,1821,394,35858,confirmed,1.0
1372,28,rectangle,602,406,29808,confirmed,0.978
1372,29,triangle,381,186,20957,confirmed,0.978
1372,31,circle,799,82,32727,confirmed,1.0
1372,32,pentagon,1928,54,7492,coasting,0.0
1373,24,pentagon,1825,413,35988,confirmed,1.0
1373,28,rectangle,601,390,29916,confirmed,0.978
1373,29,triangle,362,197,20844,confirmed,0.978
1373,31,circle,767,114,32712,confirmed,1.0
1373,32,pentagon,1933,36,7492,coasting,0.0
1374,24,pentagon,1826,432,36123,confirmed,1.0
1374,28,rectangle,602,376,29976,confirmed,0.978
1374,29,triangle,344,208,20903,confirmed,0.978
1374,31,circle,737,138,32678,confirmed,1.0
1374,32,pentagon,1937,20,7492,coasting,0.0
1375,24,pentagon,1824,452,36334,confirmed,1.0
1375,28,rectangle,604,362,29905,confirmed,0.978
1375,29,triangle,327,221,20858,confirmed,0.978
1375,31,circle,711,159,32660,confirmed,1.0
1375,32,pentagon,1941,5,7492,coasting,0.0
1376,24,pentagon,1820,471,36404,confirmed,1.0
1376,28,rectangle,602,353,28117,confirmed,0.956
1376,29,triangle,313,234,20937,confirmed,0.978
1376,31,circle,689,181,32690,confirmed,1.0
1376,32,pentagon,1945,-8,7492,coasting,0.0
1376,33,trapezoid,1744,591,24617,confirmed,0.0
1377,24,pentagon,1815,490,36532,confirmed,1.0
1377,28,rectangle,602,343,23448,confirmed,0.956
1377,29,triangle,301,248,20998,confirmed,0.978
1377,31,circle,670,203,32678,confirmed,1.0
1377,32,pentagon,1948,-19,7492,coasting,0.0
1377,33,pentagon,1737,624,27111,confirmed,0.0
1378,24,pentagon,1810,509,36569,confirmed,1.0
1378,28,rectangle,601,332,23448,coasting,0.956
1378,29,triangle,290,261,20748,confirmed,0.978
1378,31,circle,664,227,32659,confirmed,1.0
1378,32,pentagon,1951,-30,7492,coasting,0.0
1378,33,pentagon,1731,647,27111,coasting,0.0
1379,24,pentagon,1805,528,36677,confirmed,1.0
1379,28,rectangle,601,323,23448,coasting,0.956
1379,29,triangle,280,275,20761,confirmed,0.978
1379,31,circle,680,248,32649,confirmed,1.0
1379,32,pentagon,1953,-39,7492,coasting,0.0
1379,33,trapezoid,1720,692,28460,confirmed,0.0
1380,24,pentagon,1801,547,36596,confirmed,1.0
1380,28,rectangle,601,314,23448,coasting,0.956
1380,29,triangle,270,289,20785,confirmed,0.978
1380,31,circle,710,267,32679,confirmed,1.0
1380,32,pentagon,1955,-48,7492,coasting,0.0
1380,33,trapezoid,1707,740,27536,confirmed,0.0
1381,24,pentagon,1798,565,36501,confirmed,1.0
1381,28,rectangle,604,296,26523,confirmed,0.956
1381,29,triangle,263,304,20999,confirmed,0.978
1381,31,circle,748,281,32671,confirmed,1.0
1381,32,pentagon,1957,-55,7492,coasting,0.0
1381,33,8-gon,1687,799,23240,confirmed,1.0
1382,24,pentagon,1793,584,36611,confirmed,1.0
1382,28,rectangle,612,268,29981,confirmed,0.956
1382,29,triangle,259,318,20868,confirmed,0.978
1382,31,circle,793,285,32679,confirmed,1.0
1382,33,8-gon,1674,846,28008,confirmed,1.0
1383,24,pentagon,1788,603,36514,confirmed,1.0
1383,28,rectangle,615,250,29910,confirmed,0.956
1383,29,triangle,254,333,20904,confirmed,0.978
1383,31,circle,826,272,32672,confirmed,1.0
1383,33,8-gon,1660,886,21099,confirmed,1.0
1384,24,pentagon,1784,621,36570,confirmed,1.0
1384,28,rectangle,617,235,29921,confirmed,0.956
1384,29,triangle,248,347,20797,confirmed,0.978
1384,31,circle,828,248,32700,confirmed,1.0
1384,33,8-gon,1648,927,28041,confirmed,1.0
1385,24,pentagon,1779,639,36495,confirmed,1.0
1385,28,rectangle,617,222,29963,confirmed,0.956
1385,29,triangle,240,361,20845,confirmed,0.978
1385,31,circle,808,224,32655,confirmed,1.0
1385,33,8-gon,1634,962,27765,confirmed,1.0
1386,24,pentagon,1774,658,36624,confirmed,1.0
1386,28,rectangle,619,208,28496,confirmed,0.956
1386,29,triangle,227,374,20987,confirmed,0.978
1386,31,circle,781,201,32722,confirmed,1.0
1386,33,8-gon,1620,968,28540,confirmed,1.0
1387,24,pentagon,1768,676,36627,confirmed,1.0
1387,28,rectangle,620,194,24541,confirmed,0.956
1387,29,triangle,211,385,20813,confirmed,0.978
1387,31,circle,755,179,32682,confirmed,1.0
1387,33,8-gon,1607,990,28540,coasting,1.0
1388,24,pentagon,1761,694,36635,confirmed,1.0
1388,28,rectangle,621,180,24541,coasting,0.956
1388,29,triangle,189,393,20861,confirmed,0.978
1388,31,circle,730,158,32672,confirmed,1.0
1388,33,8-gon,1601,947,26323,confirmed,1.0
1389,24,pentagon,1752,711,36508,confirmed,1.0
1389,28,rectangle,622,168,24541,coasting,0.956
1389,29,triangle,165,399,20950,confirmed,0.978
1389,31,circle,705,137,32671,confirmed,1.0
1389,33,8-gon,1591,887,16839,confirmed,1.0
1390,24,pentagon,1742,729,36526,confirmed,1.0
1390,28,rectangle,623,156,24541,coasting,0.956
1390,29,triangle,139,401,20858,confirmed,0.978
1390,31,circle,678,125,41169,confirmed,1.0
1390,33,8-gon,1579,821,18907,confirmed,1.0
1391,24,pentagon,1727,745,36581,confirmed,1.0
1391,28,rectangle,624,146,24541,coasting,0.956
1391,29,triangle,120,394,20699,confirmed,0.978
1391,31,circle,651,105,32627,confirmed,1.0
1391,33,8-gon,1563,751,10508,confirmed,1.0
1392,24,pentagon,1699,750,36545,confirmed,1.0
1392,28,rectangle,625,137,24541,coasting,0.956
1392,29,triangle,110,381,20910,confirmed,0.978
1392,31,circle,620,88,31054,confirmed,1.0
1392,33,8-gon,1553,680,7044,confirmed,1.0
1393,24,pentagon,1667,747,36590,confirmed,1.0
1393,28,rectangle,660,137,27834,confirmed,0.956
1393,29,triangle,109,366,20909,confirmed,0.978
1393,31,circle,586,74,29410,confirmed,1.0
1393,33,8-gon,1546,618,9176,confirmed,1.0
1394,24,pentagon,1635,741,36600,confirmed,1.0
1394,28,rectangle,731,144,29741,confirmed,0.956
1394,29,triangle,110,351,20977,confirmed,0.978
1394,31,circle,547,64,27879,confirmed,1.0
1394,33,8-gon,1556,569,22096,confirmed,1.0
1395,24,pentagon,1605,734,36641,confirmed,1.0
1395,28,rectangle,769,146,29893,confirmed,0.956
1395,29,triangle,111,336,20999,confirmed,0.978
1395,31,circle,505,58,26677,confirmed,1.0
1395,33,8-gon,1568,531,27350,confirmed,1.0
1396,24,pentagon,1574,726,36469,confirmed,1.0
1396,28,rectangle,794,146,29806,confirmed,0.956
1396,29,triangle,110,322,21014,confirmed,0.978
1396,31,circle,460,55,25769,confirmed,1.0
1396,33,8-gon,1580,499,27326,confirmed,1.0
1397,24,pentagon,1545,719,36505,confirmed,1.0
1397,28,rectangle,817,144,29984,confirmed,0.956
1397,29,triangle,109,308,21008,confirmed,0.978
1397,31,circle,415,58,27537,confirmed,1.0
1397,33,8-gon,1590,470,27145,confirmed,1.0
1398,24,pentagon,1516,713,36491,confirmed,1.0
1398,28,rectangle,839,144,29839,confirmed,0.956
1398,29,triangle,108,294,20992,confirmed,0.978
1398,31,circle,372,65,29737,confirmed,1.0
1398,33,8-gon,1595,440,23976,confirmed,1.0
1399,24,pentagon,1486,707,36511,confirmed,1.0
1399,28,rectangle,860,144,29784,confirmed,0.956
1399,29,triangle,106,280,20980,confirmed,0.978
1399,31,circle,336,78,32045,confirmed,1.0
1399,33,8-gon,1590,413,26886,confirmed,0.5
1400,24,pentagon,1458,701,36587,confirmed,1.0
1400,28,rectangle,882,143,29810,confirmed,0.956
1400,29,triangle,105,266,20929,confirmed,0.978
1400,31,circle,326,110,32671,confirmed,1.0
1400,33,8-gon,1585,377,22172,confirmed,0.333
1401,24,pentagon,1429,694,36584,confirmed,1.0
1401,28,rectangle,905,144,29969,confirmed,0.978
1401,29,triangle,104,252,20879,confirmed,0.978
1401,31,circle,316,138,32668,confirmed,1.0
1401,33,8-gon,1583,340,23924,confirmed,0.333
1402,24,pentagon,1401,687,36639,confirmed,1.0
1402,28,rectangle,928,145,29803,confirmed,0.978
1402,29,triangle,103,238,20915,confirmed,0.978
1402,31,circle,307,164,32680,confirmed,1.0
1402,33,8-gon,1580,303,27792,confirmed,0.333
1403,24,pentagon,1374,678,36558,confirmed,1.0
1403,28,rectangle,950,145,29801,confirmed,0.978
1403,29,triangle,103,224,20761,confirmed,0.978
1403,31,circle,300,188,32674,confirmed,1.0
1403,33,8-gon,1575,266,21839,confirmed,0.333
1404,24,pentagon,1349,669,36565,confirmed,1.0
1404,28,rectangle,973,146,29930,confirmed,0.978
1404,29,triangle,109,212,20920,confirmed,0.978
1404,31,circle,298,213,32712,confirmed,1.0
1404,33,trapezoid,1571,217,20068,confirmed,0.5
1405,24,pentagon,1324,659,36547,confirmed,1.0
1405,28,rectangle,994,149,29836,confirmed,0.978
1405,29,triangle,122,201,20059,confirmed,0.978
1405,31,circle,302,238,32664,confirmed,1.0
1405,33,trapezoid,1566,180,27895,confirmed,0.5
1406,24,pentagon,1301,648,36586,confirmed,1.0
1406,28,rectangle,1014,154,29935,confirmed,0.978
1406,29,triangle,144,200,19540,confirmed,0.956
1406,31,circle,316,261,32663,confirmed,1.0
1406,33,trapezoid,1558,146,27565,confirmed,0.5
1407,24,pentagon,1278,637,36573,confirmed,1.0
1407,28,rectangle,1034,160,29854,confirmed,0.978
1407,29,triangle,168,205,19966,confirmed,0.933
1407,31,circle,342,282,32689,confirmed,1.0
1407,33,trapezoid,1545,136,23656,confirmed,0.5
1408,24,pentagon,1257,625,36519,confirmed,1.0
1408,28,rectangle,1053,167,29979,confirmed,0.978
1408,29,triangle,194,212,20393,confirmed,0.933
1408,31,circle,378,297,32695,confirmed,1.0
1408,33,trapezoid,1531,152,23115,confirmed,0.5
1409,24,pentagon,1236,613,36608,confirmed,1.0
1409,28,rectangle,1070,175,29827,confirmed,0.978
1409,29,triangle,219,219,20920,confirmed,0.933
1409,31,circle,420,306,32663,confirmed,1.0
1409,33,trapezoid,1513,189,27600,confirmed,0.5
1410,24,pentagon,1217,600,36582,confirmed,1.0
1410,28,rectangle,1086,184,29800,confirmed,0.978
1410,29,triangle,240,226,21018,confirmed,0.933
1410,31,circle,462,315,32694,confirmed,1.0
1410,33,trapezoid,1492,281,23244,confirmed,0.4
1411,24,pentagon,1198,588,36623,confirmed,1.0
1411,28,rectangle,1101,192,29940,confirmed,0.978
1411,29,triangle,260,233,21041,confirmed,0.933
1411,31,circle,506,314,32657,confirmed,1.0
1411,33,trapezoid,1477,336,27260,confirmed,0.4
1412,24,pentagon,1180,575,36513,confirmed,1.0
1412,28,rectangle,1115,202,29976,confirmed,0.978
1412,29,triangle,278,242,20997,confirmed,0.933
1412,31,circle,552,312,32666,confirmed,1.0
1412,33,trapezoid,1463,384,23491,confirmed,0.4
1413,24,pentagon,1163,561,36501,confirmed,1.0
1413,28,rectangle,1128,212,29772,confirmed,0.978
1413,29,triangle,296,250,21020,confirmed,0.933
1413,31,circle,595,306,32686,confirmed,1.0
1413,33,trapezoid,1448,425,23300,confirmed,0.4
1414,24,pentagon,1146,548,36634,confirmed,1.0
1414,28,rectangle,1141,222,29809,confirmed,0.978
1414,29,triangle,314,258,20985,confirmed,0.933
1414,31,circle,632,293,32667,confirmed,1.0
1414,33,trapezoid,1435,463,22164,confirmed,0.4
1415,24,pentagon,1131,534,36591,confirmed,1.0
1415,28,rectangle,1152,231,29742,confirmed,0.978
1415,29,triangle,331,266,20842,confirmed,0.933
1415,31,circle,661,273,32671,confirmed,1.0
1415,33,trapezoid,1420,496,22365,confirmed,0.4
1416,24,pentagon,1116,520,36616,confirmed,1.0
1416,28,rectangle,1162,242,29945,confirmed,0.978
1416,29,triangle,344,276,20786,confirmed,0.956
1416,31,circle,682,250,32722,confirmed,1.0
1416,33,trapezoid,1403,521,21098,confirmed,0.333
1417,24,pentagon,1102,506,36595,confirmed,1.0
1417,28,rectangle,1172,253,29963,confirmed,0.978
1417,29,triangle,355,288,20923,confirmed,0.956
1417,31,circle,696,226,32694,confirmed,1.0
1417,33,trapezoid,1389,550,21830,confirmed,0.429
1418,24,pentagon,1087,492,36575,confirmed,1.0
1418,28,rectangle,1182,263,29783,confirmed,0.978
1418,29,triangle,363,300,20828,confirmed,0.956
1418,31,circle,701,201,32678,confirmed,1.0
1418,33,trapezoid,1372,585,22254,confirmed,0.429
1419,24,pentagon,1073,478,36533,confirmed,1.0
1419,28,rectangle,1191,274,29766,confirmed,0.978
1419,29,triangle,371,312,20837,confirmed,0.956
1419,31,circle,692,176,32687,confirmed,1.0
1419,33,trapezoid,1355,624,27722,confirmed,0.429
1420,24,pentagon,1059,465,36514,confirmed,1.0
1420,28,rectangle,1199,285,29904,confirmed,0.978
1420,29,triangle,377,324,20953,confirmed,0.956
1420,31,circle,668,155,32677,confirmed,1.0
1420,33,trapezoid,1337,662,21508,confirmed,0.429
1421,24,pentagon,1045,451,36570,confirmed,1.0
1421,28,rectangle,1207,295,29743,confirmed,0.978
1421,29,triangle,382,336,20913,confirmed,0.956
1421,31,circle,630,142,32680,confirmed,1.0
1421,33,trapezoid,1319,702,23678,confirmed,0.429
1422,24,pentagon,1031,437,36574,confirmed,1.0
1422,28,rectangle,1215,306,29890,confirmed,0.978
1422,29,triangle,387,349,20857,confirmed,0.956
1422,31,circle,584,137,32678,confirmed,1.0
1422,33,trapezoid,1303,744,27914,confirmed,0.429
1423,24,pentagon,1018,423,36559,confirmed,1.0
1423,28,rectangle,1222,318,29818,confirmed,0.978
1423,29,triangle,389,361,20731,confirmed,0.956
1423,31,circle,538,135,32676,confirmed,1.0
1423,33,trapezoid,1285,785,27914,coasting,0.429
1424,24,pentagon,1004,409,36490,confirmed,1.0
1424,28,rectangle,1229,328,29778,confirmed,0.978
1424,29,triangle,389,374,20954,confirmed,0.956
1424,31,circle,501,147,32652,confirmed,1.0
1424,33,trapezoid,1269,818,24068,confirmed,0.429
1425,24,pentagon,991,396,36627,confirmed,1.0
1425,28,rectangle,1236,339,29945,confirmed,0.978
1425,29,triangle,389,386,20916,confirmed,0.956
1425,31,circle,472,166,32666,confirmed,1.0
1425,33,trapezoid,1252,852,24648,confirmed,0.429
1426,24,pentagon,978,382,36590,confirmed,1.0
1426,28,rectangle,1243,350,29793,confirmed,0.978
1426,29,triangle,390,398,20808,confirmed,0.956
1426,31,circle,444,187,32711,confirmed,1.0
1426,33,trapezoid,1234,885,22192,confirmed,0.429
1427,24,pentagon,965,369,36627,confirmed,1.0
1427,28,rectangle,1250,361,29954,confirmed,0.978
1427,29,triangle,386,412,20399,confirmed,0.956
1427,31,circle,416,207,32709,confirmed,1.0
1427,33,trapezoid,1218,900,23871,confirmed,0.429
1428,24,pentagon,951,355,36512,confirmed,1.0
1428,28,rectangle,1257,370,29969,confirmed,0.978
1428,29,triangle,382,426,19978,confirmed,0.933
1428,31,circle,389,227,32675,confirmed,1.0
1428,33,trapezoid,1205,892,29061,confirmed,0.429
1429,24,pentagon,938,342,36643,confirmed,1.0
1429,28,rectangle,1264,382,29828,confirmed,0.978
1429,29,triangle,377,440,19671,confirmed,0.911
1429,31,circle,362,247,32663,confirmed,1.0
1429,33,trapezoid,1194,862,23392,confirmed,0.429
1430,24,pentagon,925,329,36529,confirmed,1.0
1430,28,rectangle,1271,391,29739,confirmed,0.978
1430,29,triangle,372,453,19451,confirmed,0.889
1430,31,circle,338,268,32695,confirmed,1.0
1430,33,trapezoid,1186,820,29362,confirmed,0.429
1431,24,pentagon,911,315,36404,confirmed,1.0
1431,28,rectangle,1279,403,29958,confirmed,0.978
1431,29,triangle,368,465,19397,confirmed,0.867
1431,31,circle,315,290,32670,confirmed,1.0
1431,33,trapezoid,1178,767,28406,confirmed,0.429
1432,24,pentagon,897,303,36623,confirmed,1.0
1432,28,rectangle,1287,413,29933,confirmed,0.978
1432,29,triangle,363,476,19117,confirmed,0.844
1432,31,circle,295,312,32675,confirmed,1.0
1432,33,trapezoid,1170,710,22146,confirmed,0.429
1433,24,pentagon,883,290,36598,confirmed,1.0
1433,28,rectangle,1295,423,29930,confirmed,0.978
1433,29,triangle,359,488,19307,confirmed,0.844
1433,31,circle,276,334,32679,confirmed,1.0
1433,33,trapezoid,1162,655,23928,confirmed,0.429
1434,24,pentagon,868,278,36614,confirmed,1.0
1434,28,rectangle,1303,432,29886,confirmed,1.0
1434,29,triangle,355,499,19483,confirmed,0.844
1434,31,circle,259,357,32665,confirmed,1.0
1434,33,trapezoid,1154,604,27827,confirmed,0.429
1435,24,pentagon,852,266,36627,confirmed,1.0
1435,28,rectangle,1311,442,29981,confirmed,1.0
1435,29,triangle,351,509,19264,confirmed,0.844
1435,31,circle,246,381,32693,confirmed,1.0
1435,33,trapezoid,1145,558,21207,confirmed,0.429
1436,24,pentagon,836,254,36580,confirmed,1.0
1436,28,rectangle,1318,453,29976,confirmed,1.0
1436,29,triangle,346,520,19264,coasting,0.844
1436,31,circle,241,406,32662,confirmed,1.0
1436,33,trapezoid,1138,517,28336,confirmed,0.429
1437,24,pentagon,819,243,36552,confirmed,1.0
1437,28,rectangle,1326,463,29977,confirmed,1.0
1437,29,triangle,343,530,19264,coasting,0.844
1437,31,circle,238,430,32688,confirmed,1.0
1437,33,trapezoid,1129,476,23748,confirmed,0.429
1438,24,pentagon,802,232,36599,confirmed,1.0
1438,28,rectangle,1335,471,29765,confirmed,1.0
1438,29,triangle,339,539,19264,coasting,0.844
1438,31,circle,248,453,32698,confirmed,1.0
1438,33,trapezoid,1120,438,23522,confirmed,0.429
1439,24,pentagon,784,222,36652,confirmed,1.0
1439,28,rectangle,1344,481,29807,confirmed,1.0
1439,29,triangle,336,547,19264,coasting,0.844
1439,31,circle,273,473,32662,confirmed,1.0
1439,33,trapezoid,1110,403,24139,confirmed,0.429
1440,24,pentagon,765,212,36592,confirmed,1.0
1440,28,rectangle,1353,490,29935,confirmed,1.0
1440,29,triangle,333,555,19264,coasting,0.844
1440,31,circle,308,489,32718,confirmed,1.0
1440,33,trapezoid,1103,375,23611,confirmed,0.375
1441,24,pentagon,745,203,36489,confirmed,1.0
1441,28,rectangle,1362,500,29910,confirmed,1.0
1441,29,triangle,331,561,19264,coasting,0.844
1441,31,circle,350,500,32710,confirmed,1.0
1441,33,trapezoid,1093,340,24449,confirmed,0.375
1442,24,pentagon,722,196,36464,confirmed,1.0
1442,28,rectangle,1370,510,29810,confirmed,1.0
1442,29,triangle,329,567,19264,coasting,0.844
1442,31,circle,394,506,32660,confirmed,1.0
1442,33,trapezoid,1084,305,23301,confirmed,0.375
1443,24,pentagon,697,194,36521,confirmed,1.0
1443,28,rectangle,1379,519,29952,confirmed,1.0
1443,29,triangle,327,572,19264,coasting,0.844
1443,31,circle,439,507,32671,confirmed,1.0
1443,33,trapezoid,1076,263,24150,confirmed,0.333
1444,24,pentagon,672,194,36598,confirmed,1.0
1444,28,rectangle,1388,528,29938,confirmed,1.0
1444,29,triangle,323,600,20919,confirmed,0.844
1444,31,circle,483,503,32705,confirmed,1.0
1444,33,trapezoid,1067,225,27442,confirmed,0.333
1445,24,pentagon,646,193,36485,confirmed,1.0
1445,28,rectangle,1397,537,29935,confirmed,1.0
1445,29,triangle,321,617,20812,confirmed,0.844
1445,31,circle,528,498,32671,confirmed,1.0
1445,33,hexagon,1059,188,23056,confirmed,0.4
1446,24,pentagon,623,196,36563,confirmed,1.0
1446,28,rectangle,1407,545,29807,confirmed,1.0
1446,29,triangle,318,629,20863,confirmed,0.844
1446,31,circle,534,481,32667,confirmed,1.0
1446,33,hexagon,1049,152,28214,confirmed,0.4
1447,24,pentagon,601,202,36481,confirmed,1.0
1447,28,rectangle,1416,554,29917,confirmed,1.0
1447,29,triangle,317,639,20730,confirmed,0.844
1447,31,circle,502,465,32711,confirmed,1.0
1447,33,hexagon,1040,118,27871,confirmed,0.4
1448,24,pentagon,579,209,36588,confirmed,1.0
1448,28,rectangle,1426,564,29790,confirmed,1.0
1448,29,triangle,317,650,20871,confirmed,0.844
1448,31,circle,457,465,32677,confirmed,1.0
1448,33,hexagon,1030,110,27051,confirmed,0.4
1449,24,pentagon,558,216,36442,confirmed,1.0
1449,28,rectangle,1436,572,29761,confirmed,1.0
1449,29,triangle,316,661,20833,confirmed,0.844
1449,31,circle,420,481,32670,confirmed,1.0
1449,33,hexagon,1018,124,22891,confirmed,0.4
1450,24,pentagon,539,225,36545,confirmed,1.0
1450,28,rectangle,1446,581,29945,confirmed,1.0
1450,29,triangle,315,675,20141,confirmed,0.844
1450,31,circle,393,503,32655,confirmed,1.0
1450,33,hexagon,1003,160,27994,confirmed,0.4
1451,24,pentagon,523,236,36603,confirmed,1.0
1451,28,rectangle,1458,589,29926,confirmed,1.0
1451,29,triangle,313,692,18556,confirmed,0.822
1451,31,circle,369,526,32704,confirmed,1.0
1451,33,hexagon,988,208,24264,confirmed,0.4
1452,24,pentagon,509,247,36666,confirmed,1.0
1452,28,rectangle,1469,596,29824,confirmed,1.0
1452,29,triangle,312,707,17257,confirmed,0.822
1452,31,circle,352,550,32668,confirmed,1.0
1452,33,hexagon,973,263,23631,confirmed,0.4
1453,24,pentagon,496,259,36538,confirmed,1.0
1453,28,rectangle,1481,603,29960,confirmed,1.0
1453,29,triangle,311,722,17257,coasting,0.822
1453,31,circle,341,574,32669,confirmed,1.0
1453,33,hexagon,959,318,23385,confirmed,0.4
1454,24,pentagon,484,271,36554,confirmed,1.0
1454,28,rectangle,1494,609,29841,confirmed,1.0
1454,29,triangle,309,736,17257,coasting,0.822
1454,31,circle,330,599,32672,confirmed,1.0
1454,33,hexagon,943,372,19920,confirmed,0.455
1455,24,pentagon,474,283,36524,confirmed,1.0
1455,28,rectangle,1508,617,29923,confirmed,1.0
1455,29,triangle,308,748,17257,coasting,0.822
1455,31,circle,321,624,32670,confirmed,1.0
1455,33,hexagon,930,409,21453,confirmed,0.417
1456,24,pentagon,465,295,36475,confirmed,1.0
1456,28,rectangle,1522,622,29820,confirmed,1.0
1456,29,triangle,307,759,17257,coasting,0.822
1456,31,circle,316,648,32658,confirmed,1.0
1456,33,hexagon,916,451,21038,confirmed,0.417
1457,24,pentagon,458,308,36620,confirmed,1.0
1457,28,rectangle,1537,627,29935,confirmed,1.0
1457,29,triangle,306,768,17257,coasting,0.822
1457,31,circle,317,673,32673,confirmed,1.0
1457,33,hexagon,901,493,23229,confirmed,0.417
1458,24,pentagon,451,320,36560,confirmed,1.0
1458,28,rectangle,1553,631,29995,confirmed,1.0
1458,29,triangle,306,777,17257,coasting,0.822
1458,31,circle,325,697,32701,confirmed,1.0
1458,33,hexagon,885,534,28706,confirmed,0.417
1459,24,pentagon,443,333,36557,confirmed,1.0
1459,28,rectangle,1569,634,29861,confirmed,1.0
1459,29,triangle,305,785,17257,coasting,0.822
1459,31,circle,344,720,32730,confirmed,1.0
1459,33,hexagon,871,572,23653,confirmed,0.417
1460,24,pentagon,435,345,36530,confirmed,1.0
1460,28,rectangle,1585,636,29949,confirmed,1.0
1460,29,triangle,304,792,17257,coasting,0.822
1460,31,circle,372,740,32693,confirmed,1.0
1460,33,hexagon,858,609,28173,confirmed,0.417
1461,24,pentagon,428,357,36508,confirmed,1.0
1461,28,rectangle,1602,638,29947,confirmed,1.0
1461,29,triangle,304,799,17257,coasting,0.822
1461,31,circle,407,755,32668,confirmed,1.0
1461,33,hexagon,845,645,27969,confirmed,0.417
1462,24,pentagon,421,369,36470,confirmed,1.0
1462,28,rectangle,1619,636,29764,confirmed,1.0
1462,29,triangle,303,804,17257,coasting,0.822
1462,31,circle,449,763,32665,confirmed,1.0
1462,33,hexagon,831,683,27590,confirmed,0.417
1463,24,pentagon,419,382,36551,confirmed,1.0
1463,28,rectangle,1635,635,29918,confirmed,1.0
1463,29,triangle,318,808,20882,confirmed,0.822
1463,31,circle,494,764,32669,confirmed,1.0
1463,33,hexagon,817,719,28400,confirmed,0.417
1464,24,pentagon,417,395,36528,confirmed,1.0
1464,28,rectangle,1652,633,29757,confirmed,1.0
1464,29,triangle,326,817,20923,confirmed,0.822
1464,31,circle,540,763,32687,confirmed,1.0
1464,33,hexagon,804,755,28084,confirmed,0.417
1465,24,pentagon,416,408,36621,confirmed,1.0
1465,28,rectangle,1668,632,29758,confirmed,1.0
1465,29,triangle,335,826,20888,confirmed,0.822
1465,31,circle,579,753,32665,confirmed,1.0
1465,33,hexagon,790,790,27164,confirmed,0.417
1466,24,pentagon,416,421,36530,confirmed,1.0
1466,28,rectangle,1684,629,29913,confirmed,1.0
1466,29,triangle,347,834,21023,confirmed,0.822
1466,31,circle,609,735,32165,confirmed,1.0
1466,33,hexagon,776,828,27368,confirmed,0.417
1467,24,pentagon,415,433,36562,confirmed,1.0
1467,28,rectangle,1699,625,29928,confirmed,1.0
1467,29,triangle,362,840,20748,confirmed,0.822
1467,31,circle,611,711,32671,confirmed,1.0
1467,33,hexagon,761,864,27528,confirmed,0.417
1468,24,pentagon,414,445,36447,confirmed,1.0
1468,28,rectangle,1713,619,29785,confirmed,1.0
1468,29,triangle,376,844,20864,confirmed,0.822
1468,31,circle,594,687,32674,confirmed,1.0
1468,33,hexagon,748,901,27282,confirmed,0.417
1469,24,pentagon,414,458,36606,confirmed,1.0
1469,28,rectangle,1725,614,29774,confirmed,1.0
1469,29,triangle,392,850,20941,confirmed,0.822
1469,31,circle,561,668,32700,confirmed,1.0
1469,33,hexagon,734,937,27266,confirmed,0.417
1470,24,pentagon,415,470,36584,confirmed,1.0
1470,28,rectangle,1736,607,29934,confirmed,1.0
1470,29,triangle,408,854,20851,confirmed,0.822
1470,31,circle,516,663,32544,confirmed,1.0
1470,33,hexagon,721,948,28175,confirmed,0.417
1471,24,pentagon,418,482,36479,confirmed,1.0
1471,28,rectangle,1747,600,29778,confirmed,1.0
1471,29,triangle,424,862,20014,confirmed,0.8
1471,31,circle,471,671,31624,confirmed,1.0
1471,33,hexagon,712,932,27345,confirmed,0.417
1472,24,pentagon,421,494,36429,confirmed,1.0
1472,28,rectangle,1757,594,29865,confirmed,1.0
1472,29,triangle,440,868,19155,confirmed,0.8
1472,31,circle,427,683,31085,confirmed,1.0
1472,33,hexagon,705,894,23334,confirmed,0.417
1473,24,pentagon,426,506,36497,confirmed,1.0
1473,28,rectangle,1766,586,29816,confirmed,1.0
1473,29,triangle,458,870,19390,confirmed,0.8
1473,31,circle,393,699,31664,confirmed,1.0
1473,33,hexagon,702,843,27601,confirmed,0.417
1474,24,pentagon,433,518,36599,confirmed,1.0
1474,28,rectangle,1776,578,29919,confirmed,1.0
1474,29,triangle,474,865,20593,confirmed,0.8
1474,31,circle,366,718,32457,confirmed,1.0
1474,33,hexagon,700,786,27232,confirmed,0.417
1475,24,pentagon,444,528,36593,confirmed,1.0
1475,28,rectangle,1785,571,29860,confirmed,1.0
1475,29,triangle,491,863,20759,confirmed,0.8
1475,31,circle,344,739,32671,confirmed,1.0
1475,33,hexagon,702,728,29344,confirmed,0.417
1476,24,pentagon,458,538,36555,confirmed,1.0
1476,28,rectangle,1793,564,29989,confirmed,1.0
1476,29,triangle,508,862,20702,confirmed,0.8
1476,31,circle,330,763,32722,confirmed,1.0
1476,33,hexagon,701,666,22926,confirmed,0.462
1477,24,pentagon,474,544,36488,confirmed,1.0
1477,28,rectangle,1802,556,29973,confirmed,1.0
1477,29,triangle,525,863,20983,confirmed,0.8
1477,31,circle,320,787,32677,confirmed,1.0
1477,33,hexagon,695,613,38024,confirmed,0.462
1478,24,pentagon,494,550,36589,confirmed,1.0
1478,28,rectangle,1809,549,29869,confirmed,1.0
1478,29,triangle,541,864,20931,confirmed,0.8
1478,31,circle,315,812,32699,confirmed,1.0
1478,33,hexagon,692,570,27872,confirmed,0.462
1479,24,pentagon,514,554,36504,confirmed,1.0
1479,28,rectangle,1817,542,29859,confirmed,1.0
1479,29,triangle,557,862,20863,confirmed,0.8
1479,31,circle,318,838,32668,confirmed,1.0
1479,33,hexagon,692,532,23560,confirmed,0.462
1480,24,pentagon,534,557,36571,confirmed,1.0
1480,28,rectangle,1824,534,29908,confirmed,1.0
1480,29,triangle,573,860,20824,confirmed,0.8
1480,31,circle,329,862,32677,confirmed,1.0
1480,33,hexagon,699,496,13020,confirmed,0.462
1481,24,pentagon,553,561,36549,confirmed,1.0
1481,28,rectangle,1831,527,29930,confirmed,1.0
1481,29,triangle,589,858,20807,confirmed,0.8
1481,31,circle,348,885,32662,confirmed,1.0
1481,33,hexagon,700,461,21829,confirmed,0.462
1482,24,pentagon,572,565,36534,confirmed,1.0
1482,28,rectangle,1837,518,29937,confirmed,1.0
1482,29,triangle,605,857,20919,confirmed,0.8
1482,31,circle,375,905,32674,confirmed,1.0
1482,33,hexagon,698,427,23879,confirmed,0.462
1483,24,pentagon,591,569,36484,confirmed,1.0
1483,28,rectangle,1844,510,30777,confirmed,1.0
1483,29,triangle,621,854,20934,confirmed,0.8
1483,31,circle,408,922,32706,confirmed,1.0
1483,33,hexagon,688,394,26841,confirmed,0.462
1484,24,pentagon,611,573,36576,confirmed,1.0
1484,28,rectangle,1850,502,29696,confirmed,1.0
1484,29,triangle,637,851,20648,confirmed,0.8
1484,31,circle,444,937,32657,confirmed,1.0
1484,33,hexagon,680,360,27304,confirmed,0.462
1485,24,pentagon,630,576,36589,confirmed,1.0
1485,28,rectangle,1854,495,28567,confirmed,1.0
1485,29,triangle,655,848,20249,confirmed,0.778
1485,31,circle,483,949,32669,confirmed,1.0
1485,33,hexagon,672,325,23466,confirmed,0.462
1486,24,pentagon,649,579,36530,confirmed,1.0
1486,28,rectangle,1856,487,27705,confirmed,1.0
1486,29,triangle,672,843,19547,confirmed,0.756
1486,31,circle,524,959,32683,confirmed,1.0
1486,33,hexagon,664,288,23529,confirmed,0.462
1487,24,pentagon,669,581,36601,confirmed,1.0
1487,28,rectangle,1859,479,26818,confirmed,1.0
1487,29,triangle,688,839,19186,confirmed,0.733
1487,31,circle,564,969,32656,confirmed,1.0
1487,33,hexagon,656,251,27588,confirmed,0.462
1488,24,pentagon,688,583,36556,confirmed,1.0
1488,28,rectangle,1860,472,25928,confirmed,1.0
1488,29,triangle,704,835,18599,confirmed,0.733
1488,31,circle,605,978,32859,confirmed,1.0
1488,33,hexagon,642,233,32043,confirmed,0.462
1489,24,pentagon,708,584,36557,confirmed,1.0
1489,28,rectangle,1861,463,24807,confirmed,1.0
1489,29,triangle,719,830,17589,confirmed,0.733
1489,31,circle,647,982,32826,confirmed,1.0
1489,33,hexagon,629,231,27020,confirmed,0.462
1490,24,pentagon,727,586,36639,confirmed,1.0
1490,28,rectangle,1862,456,24080,confirmed,1.0
1490,29,triangle,734,825,17589,coasting,0.733
1490,31,circle,694,971,32688,confirmed,1.0
1490,33,hexagon,616,250,27051,confirmed,0.462
1491,24,pentagon,747,587,36525,confirmed,1.0
1491,28,rectangle,1863,448,23170,confirmed,1.0
1491,29,triangle,748,821,17589,coasting,0.733
1491,31,circle,738,965,32682,confirmed,1.0
1491,33,hexagon,601,333,26950,confirmed,0.429
1492,24,pentagon,766,588,36623,confirmed,1.0
1492,28,rectangle,1865,440,22334,confirmed,1.0
1492,29,triangle,761,817,17589,coasting,0.733
1492,31,circle,782,959,32661,confirmed,1.0
1492,33,hexagon,587,380,24183,confirmed,0.429
1493,24,pentagon,785,589,36569,confirmed,1.0
1493,28,rectangle,1866,433,21397,confirmed,1.0
1493,29,triangle,765,812,17796,confirmed,0.733
1493,31,circle,824,952,32684,confirmed,1.0
1493,33,hexagon,573,426,27134,confirmed,0.429
1494,24,pentagon,804,590,36648,confirmed,1.0
1494,28,rectangle,1869,425,20262,confirmed,1.0
1494,29,triangle,770,807,17992,confirmed,0.733
1494,31,circle,863,939,32662,confirmed,1.0
1494,33,hexagon,559,469,27447,confirmed,0.429
1495,24,pentagon,823,591,36525,confirmed,1.0
1495,28,rectangle,1871,418,19509,confirmed,1.0
1495,29,triangle,776,801,18256,confirmed,0.711
1495,31,circle,898,924,32668,confirmed,1.0
1495,33,hexagon,545,509,28133,confirmed,0.429
1496,24,pentagon,842,591,36490,confirmed,1.0
1496,28,rectangle,1874,410,18660,confirmed,1.0
1496,29,triangle,788,798,18431,confirmed,0.689
1496,31,circle,929,906,32690,confirmed,1.0
1496,33,hexagon,531,548,28260,confirmed,0.429
1497,24,pentagon,860,591,36544,confirmed,1.0
1497,28,rectangle,1876,403,17727,confirmed,1.0
1497,29,triangle,802,795,18612,confirmed,0.667
1497,31,circle,957,887,32683,confirmed,1.0
1497,33,hexagon,518,583,27722,confirmed,0.429
1498,24,pentagon,878,589,36534,confirmed,1.0
1498,28,rectangle,1878,396,16980,confirmed,1.0
1498,29,triangle,816,793,18843,confirmed,0.644
1498,31,circle,984,868,32713,confirmed,1.0
1498,33,hexagon,508,616,27677,confirmed,0.429
1499,24,pentagon,896,587,36521,confirmed,1.0
1499,28,rectangle,1880,388,16064,confirmed,1.0
1499,29,triangle,831,790,19077,confirmed,0.622
1499,31,circle,1007,847,32648,confirmed,1.0
1499,33,hexagon,495,652,27120,confirmed,0.429
1500,24,pentagon,915,585,36516,confirmed,1.0
1500,28,rectangle,1882,381,15166,confirmed,1.0
1500,29,triangle,844,788,19157,confirmed,0.6
1500,31,circle,1023,823,32689,confirmed,1.0
1500,33,hexagon,481,689,27822,confirmed,0.429
1501,24,pentagon,932,583,36513,confirmed,1.0
1501,28,rectangle,1884,374,14392,confirmed,1.0
1501,29,triangle,858,784,18947,confirmed,0.6
1501,31,circle,1034,799,32667,confirmed,1.0
1501,33,hexagon,465,727,27575,confirmed,0.429
1502,24,pentagon,950,581,36524,confirmed,1.0
1502,28,rectangle,1886,367,13490,confirmed,1.0
1502,29,triangle,872,781,19408,confirmed,0.6
1502,31,circle,1043,775,32398,confirmed,1.0
1502,33,hexagon,450,763,27583,confirmed,0.429
1503,24,pentagon,968,579,36639,confirmed,1.0
1503,28,rectangle,1888,360,12720,confirmed,1.0
1503,29,triangle,883,777,17391,confirmed,0.6
1503,31,circle,1045,762,35244,confirmed,1.0
1503,33,hexagon,432,800,27449,confirmed,0.429
1504,24,pentagon,985,576,36555,confirmed,1.0
1504,28,rectangle,1890,353,11884,confirmed,1.0
1504,29,triangle,894,772,16879,confirmed,0.6
1504,31,circle,1043,799,32651,confirmed,1.0
1504,33,hexagon,414,839,31050,confirmed,0.429
1505,24,pentagon,1002,574,36639,confirmed,1.0
1505,28,rectangle,1892,345,10988,confirmed,1.0
1505,29,triangle,906,768,17880,confirmed,0.6
1505,31,circle,1055,831,32681,confirmed,1.0
1505,33,hexagon,398,874,23793,confirmed,0.429
1506,24,pentagon,1019,571,36586,confirmed,1.0
1506,28,rectangle,1894,338,10212,confirmed,1.0
1506,29,triangle,921,765,19099,confirmed,0.6
1506,31,circle,1073,857,32693,confirmed,1.0
1506,33,hexagon,386,892,27926,confirmed,0.429
1507,24,pentagon,1035,567,36551,confirmed,1.0
1507,28,rectangle,1896,331,9376,confirmed,1.0
1507,29,triangle,938,764,20004,confirmed,0.6
1507,31,circle,1093,881,32713,confirmed,1.0
1507,33,hexagon,377,884,27895,confirmed,0.429
1508,24,pentagon,1049,561,36590,confirmed,1.0
1508,28,rectangle,1898,324,9376,coasting,1.0
1508,29,triangle,955,764,20729,confirmed,0.622
1508,31,circle,1118,903,32675,confirmed,1.0
1508,33,hexagon,377,856,27711,confirmed,0.429
1509,24,pentagon,1062,554,36482,confirmed,1.0
1509,28,rectangle,1900,318,9376,coasting,1.0
1509,29,triangle,969,762,20989,confirmed,0.644
1509,31,circle,1148,920,32670,confirmed,1.0
1509,33,hexagon,378,812,27840,confirmed,0.429
1510,24,pentagon,1073,546,36587,confirmed,1.0
1510,28,rectangle,1901,312,9376,coasting,1.0
1510,29,triangle,981,760,20863,confirmed,0.644
1510,31,circle,1184,934,32684,confirmed,1.0
1510,33,hexagon,382,759,27494,confirmed,0.429
1511,24,pentagon,1084,539,36511,confirmed,1.0
1511,28,rectangle,1903,307,9376,coasting,1.0
1511,29,triangle,995,760,20824,confirmed,0.644
1511,31,circle,1225,946,32704,confirmed,1.0
1511,33,hexagon,389,703,27269,confirmed,0.429
1512,24,pentagon,1095,532,36610,confirmed,1.0
1512,28,rectangle,1904,302,9376,coasting,1.0
1512,29,triangle,1008,760,20794,confirmed,0.644
1512,31,circle,1266,954,32712,confirmed,1.0
1512,33,hexagon,395,648,27030,confirmed,0.429
1513,24,pentagon,1106,525,36591,confirmed,1.0
1513,28,rectangle,1905,298,9376,coasting,1.0
1513,29,triangle,1022,761,20709,confirmed,0.644
1513,31,circle,1309,962,32667,confirmed,1.0
1513,33,hexagon,401,596,26928,confirmed,0.429
1514,24,pentagon,1117,518,36669,confirmed,1.0
1514,28,rectangle,1906,294,9376,coasting,1.0
1514,29,triangle,1035,762,20888,confirmed,0.644
1514,31,circle,1350,971,32785,confirmed,1.0
1514,33,hexagon,405,550,27440,confirmed,0.429
1515,24,pentagon,1128,511,36530,confirmed,1.0
1515,28,rectangle,1907,291,9376,coasting,1.0
1515,29,triangle,1047,764,20833,confirmed,0.644
1515,31,circle,1393,971,32663,confirmed,1.0
1515,33,hexagon,408,507,26956,confirmed,0.429
1516,24,pentagon,1139,503,36470,confirmed,1.0
1516,28,rectangle,1908,288,9376,coasting,1.0
1516,29,triangle,1058,768,20844,confirmed,0.644
1516,31,circle,1436,965,32691,confirmed,1.0
1516,33,hexagon,408,471,22690,confirmed,0.4
1517,24,pentagon,1149,496,36573,confirmed,1.0
1517,28,rectangle,1909,285,9376,coasting,1.0
1517,29,triangle,1068,773,21020,confirmed,0.644
1517,31,circle,1479,958,32673,confirmed,1.0
1517,33,hexagon,409,434,22237,confirmed,0.4
1518,24,pentagon,1159,489,36549,confirmed,1.0
1518,28,rectangle,1909,282,9376,coasting,1.0
1518,29,triangle,1077,778,20876,confirmed,0.667
1518,31,circle,1521,950,32665,confirmed,1.0
1518,33,hexagon,408,398,27806,confirmed,0.4
1519,24,pentagon,1169,482,36605,confirmed,1.0
1519,28,rectangle,1910,280,9376,coasting,1.0
1519,29,triangle,1086,784,20852,confirmed,0.667
1519,31,circle,1563,942,32680,confirmed,1.0
1519,33,hexagon,409,364,27251,confirmed,0.4
1520,24,pentagon,1183,477,36587,confirmed,1.0
1520,28,rectangle,1911,278,9376,coasting,1.0
1520,29,triangle,1093,790,20849,confirmed,0.667
1520,31,circle,1604,932,32651,confirmed,1.0
1520,33,trapezoid,412,330,22419,confirmed,0.375
1521,24,pentagon,1198,474,36480,confirmed,1.0
1521,28,rectangle,1911,276,9376,coasting,1.0
1521,29,triangle,1099,797,20842,confirmed,0.667
1521,31,circle,1642,919,32675,confirmed,1.0
1521,33,trapezoid,413,294,27078,confirmed,0.375
1522,24,pentagon,1200,474,36473,confirmed,1.0
1522,28,rectangle,1912,275,9376,coasting,1.0
1522,29,triangle,1103,803,20711,confirmed,0.667
1522,31,circle,1677,904,32688,confirmed,1.0
1522,33,trapezoid,413,257,26994,confirmed,0.375
1523,24,pentagon,1190,475,36577,confirmed,1.0
1523,28,rectangle,1912,273,9376,coasting,1.0
1523,29,triangle,1106,810,20895,confirmed,0.667
1523,31,circle,1708,886,32663,confirmed,1.0
1523,33,trapezoid,413,218,21813,confirmed,0.375
1524,24,pentagon,1198,473,36588,confirmed,1.0
1524,28,rectangle,1907,252,8958,confirmed,1.0
1524,29,triangle,1110,816,20914,confirmed,0.667
1524,31,circle,1733,866,32665,confirmed,1.0
1524,33,trapezoid,413,179,27209,confirmed,0.375
1525,24,pentagon,1211,470,36485,confirmed,1.0
1525,28,rectangle,1902,230,9376,confirmed,1.0
1525,29,triangle,1113,823,20708,confirmed,0.667
1525,31,circle,1756,844,32662,confirmed,1.0
1525,33,trapezoid,408,155,28147,confirmed,0.375
1526,24,pentagon,1226,466,36638,confirmed,1.0
1526,28,rectangle,1896,210,10212,confirmed,1.0
1526,29,triangle,1116,830,20908,confirmed,0.667
1526,31,circle,1775,822,32682,confirmed,1.0
1526,33,trapezoid,401,156,27179,confirmed,0.375
1527,24,pentagon,1241,462,36563,confirmed,1.0
1527,28,rectangle,1892,194,11048,confirmed,1.0
1527,29,triangle,1118,837,20937,confirmed,0.689
1527,31,circle,1791,798,32678,confirmed,1.0
1527,33,trapezoid,391,182,27113,confirmed,0.375
1528,24,pentagon,1256,459,36530,confirmed,1.0
1528,28,rectangle,1888,182,11884,confirmed,1.0
1528,29,triangle,1121,842,20721,confirmed,0.711
1528,31,circle,1804,774,32683,confirmed,1.0
1528,33,trapezoid,380,225,27018,confirmed,0.375
1529,24,pentagon,1271,456,36576,confirmed,1.0
1529,28,rectangle,1886,174,12814,confirmed,1.0
1529,29,triangle,1124,850,20993,confirmed,0.733
1529,31,circle,1811,749,32670,confirmed,1.0
1529,33,trapezoid,367,279,27175,confirmed,0.375
1530,24,pentagon,1285,453,36528,confirmed,1.0
1530,28,rectangle,1883,170,13924,confirmed,1.0
1530,29,triangle,1127,856,20859,confirmed,0.733
1530,31,circle,1815,725,32707,confirmed,1.0
1530,33,trapezoid,355,337,27747,confirmed,0.375
1531,24,pentagon,1298,450,36599,confirmed,1.0
1531,28,rectangle,1881,167,14790,confirmed,1.0
1531,29,triangle,1130,862,20852,confirmed,0.733
1531,31,circle,1820,701,32803,confirmed,1.0
1531,33,trapezoid,344,392,28024,confirmed,0.375
1532,24,pentagon,1312,447,36518,confirmed,1.0
1532,28,rectangle,1879,164,16482,confirmed,1.0
1532,29,triangle,1134,869,20826,confirmed,0.733
1532,31,circle,1824,676,32825,confirmed,1.0
1532,33,trapezoid,330,444,27621,confirmed,0.375
1533,24,pentagon,1325,443,36460,confirmed,1.0
1533,28,rectangle,1876,162,17843,confirmed,1.0
1533,29,triangle,1137,875,20809,confirmed,0.733
1533,31,circle,1826,651,32749,confirmed,1.0
1533,33,trapezoid,318,490,22811,confirmed,0.375
1534,24,pentagon,1338,439,36460,confirmed,1.0
1534,28,rectangle,1873,161,19518,confirmed,1.0
1534,29,triangle,1141,881,20737,confirmed,0.733
1534,31,circle,1826,626,32673,confirmed,1.0
1534,33,trapezoid,306,532,27446,confirmed,0.375
1535,24,pentagon,1351,435,36468,confirmed,1.0
1535,28,rectangle,1870,159,21210,confirmed,1.0
1535,29,triangle,1145,887,20716,confirmed,0.733
1535,31,circle,1811,602,32675,confirmed,1.0
1535,33,trapezoid,296,570,26926,confirmed,0.375
1536,24,pentagon,1363,431,36461,confirmed,1.0
1536,28,rectangle,1865,156,23170,confirmed,1.0
1536,29,triangle,1149,893,20744,confirmed,0.733
1536,31,circle,1795,578,32725,confirmed,1.0
1536,33,trapezoid,284,605,27243,confirmed,0.375
1537,24,pentagon,1376,427,36462,confirmed,1.0
1537,28,rectangle,1861,153,24702,confirmed,1.0
1537,29,triangle,1153,899,20750,confirmed,0.733
1537,31,circle,1777,555,32679,confirmed,1.0
1537,33,trapezoid,273,639,26952,confirmed,0.375
1538,24,pentagon,1388,423,36500,confirmed,1.0
1538,28,rectangle,1856,149,26932,confirmed,1.0
1538,29,triangle,1157,905,20756,confirmed,0.733
1538,31,circle,1761,532,32672,confirmed,1.0
1538,33,trapezoid,264,675,27847,confirmed,0.375
1539,24,pentagon,1399,419,36526,confirmed,1.0
1539,28,rectangle,1851,146,28728,confirmed,1.0
1539,29,triangle,1162,910,20830,confirmed,0.733
1539,31,circle,1745,509,32698,confirmed,1.0
1539,33,trapezoid,252,710,27139,confirmed,0.375
1540,24,pentagon,1411,415,36587,confirmed,1.0
1540,28,rectangle,1846,144,30766,confirmed,1.0
1540,29,triangle,1167,916,20871,confirmed,0.733
1540,31,circle,1728,486,32699,confirmed,1.0
1540,33,trapezoid,240,746,27463,confirmed,0.375
1541,24,pentagon,1423,411,36586,confirmed,1.0
1541,28,rectangle,1835,143,29830,confirmed,1.0
1541,29,triangle,1173,921,20722,confirmed,0.756
1541,31,circle,1706,465,32707,confirmed,1.0
1541,33,trapezoid,229,782,27518,confirmed,0.375
1542,24,pentagon,1435,407,36542,confirmed,1.0
1542,28,rectangle,1824,142,29988,confirmed,1.0
1542,29,triangle,1179,926,20887,confirmed,0.778
1542,31,circle,1681,444,32687,confirmed,1.0
1542,33,trapezoid,218,819,26962,confirmed,0.375
1543,24,pentagon,1446,403,36551,confirmed,1.0
1543,28,rectangle,1813,142,29939,confirmed,1.0
1543,29,triangle,1186,931,20847,confirmed,0.8
1543,31,circle,1647,429,32466,confirmed,1.0
1543,33,trapezoid,208,857,26843,confirmed,0.412
1544,24,pentagon,1458,399,36547,confirmed,1.0
1544,28,rectangle,1803,143,29901,confirmed,1.0
1544,29,triangle,1194,934,20764,confirmed,0.822
1544,31,circle,1617,418,25891,confirmed,1.0
1544,33,trapezoid,202,872,27277,confirmed,0.412
1545,24,pentagon,1470,395,36461,confirmed,1.0
1545,28,rectangle,1793,143,29818,confirmed,1.0
1545,29,triangle,1204,938,20939,confirmed,0.844
1545,31,circle,1591,424,21828,confirmed,1.0
1545,33,trapezoid,207,816,26855,confirmed,0.444
1546,24,pentagon,1482,392,36535,confirmed,1.0
1546,28,rectangle,1784,143,29737,confirmed,1.0
1546,29,triangle,1214,940,20939,confirmed,0.867
1546,31,circle,1569,444,21653,confirmed,1.0
1546,33,trapezoid,210,785,27422,confirmed,0.444
1547,24,pentagon,1494,389,36484,confirmed,1.0
1547,28,rectangle,1774,143,29759,confirmed,1.0
1547,29,triangle,1224,942,20796,confirmed,0.889
1547,31,circle,1554,473,23607,confirmed,1.0
1547,33,trapezoid,218,728,26928,confirmed,0.474
1548,24,pentagon,1507,387,36534,confirmed,1.0
1548,28,rectangle,1766,146,29964,confirmed,1.0
1548,29,triangle,1234,942,20985,confirmed,0.911
1548,31,circle,1548,506,26261,confirmed,1.0
1548,33,trapezoid,224,686,27365,confirmed,0.474
1549,24,pentagon,1519,385,36450,confirmed,1.0
1549,28,rectangle,1758,150,29829,confirmed,1.0
1549,29,triangle,1244,942,20895,confirmed,0.933
1549,31,circle,1548,540,29003,confirmed,1.0
1549,33,trapezoid,230,645,27135,confirmed,0.474
1550,24,pentagon,1532,384,36550,confirmed,1.0
1550,28,rectangle,1749,152,29792,confirmed,1.0
1550,29,triangle,1255,942,20871,confirmed,0.956
1550,31,circle,1571,576,31403,confirmed,1.0
1550,33,trapezoid,237,605,27039,confirmed,0.474
1551,24,pentagon,1545,385,36526,confirmed,1.0
1551,28,rectangle,1741,155,29952,confirmed,1.0
1551,29,triangle,1265,942,20979,confirmed,0.978
1551,31,circle,1593,599,32667,confirmed,1.0
1551,33,trapezoid,242,564,28188,confirmed,0.474
1552,24,pentagon,1558,385,36473,confirmed,1.0
1552,28,rectangle,1733,156,29971,confirmed,1.0
1552,29,triangle,1274,940,20867,confirmed,1.0
1552,31,circle,1616,620,32698,confirmed,1.0
1552,33,trapezoid,247,526,26900,confirmed,0.474
1553,24,pentagon,1570,385,36444,confirmed,1.0
1553,28,rectangle,1725,160,29790,confirmed,1.0
1553,29,triangle,1284,939,20851,confirmed,1.0
1553,31,circle,1645,638,32682,confirmed,1.0
1553,33,trapezoid,253,489,27015,confirmed,0.474
1554,24,pentagon,1583,386,36622,confirmed,1.0
1554,28,rectangle,1717,162,29970,confirmed,1.0
1554,29,triangle,1294,938,20980,confirmed,1.0
1554,31,circle,1685,648,32680,confirmed,1.0
1554,33,trapezoid,257,452,27146,confirmed,0.474
1555,24,pentagon,1593,389,36563,confirmed,1.0
1555,28,rectangle,1710,165,29857,confirmed,1.0
1555,29,triangle,1303,936,20888,confirmed,1.0
1555,31,circle,1728,644,32662,confirmed,1.0
1555,33,trapezoid,257,416,27803,confirmed,0.474
1556,24,pentagon,1602,394,36559,confirmed,1.0
1556,28,rectangle,1704,169,29809,confirmed,1.0
1556,29,triangle,1312,935,20957,confirmed,1.0
1556,31,circle,1769,632,32673,confirmed,1.0
1556,33,trapezoid,253,379,27327,confirmed,0.474
1557,24,pentagon,1611,399,36529,confirmed,1.0
1557,28,rectangle,1698,174,29833,confirmed,1.0
1557,29,triangle,1321,932,20837,confirmed,1.0
1557,31,circle,1809,619,32675,confirmed,1.0
1557,33,trapezoid,245,344,20226,confirmed,0.474
1558,24,pentagon,1620,404,36650,confirmed,1.0
1558,28,rectangle,1693,177,29827,confirmed,1.0
1558,29,triangle,1330,930,20938,confirmed,1.0
1558,31,circle,1841,605,31976,confirmed,1.0
1558,33,trapezoid,235,306,26931,confirmed,0.474
1559,24,pentagon,1629,408,36605,confirmed,1.0
1559,28,rectangle,1688,181,29759,confirmed,1.0
1559,29,triangle,1338,928,21043,confirmed,1.0
1559,31,circle,1863,587,30376,confirmed,1.0
1559,33,trapezoid,226,266,27014,confirmed,0.5
1560,24,pentagon,1638,412,36575,confirmed,1.0
1560,28,rectangle,1684,185,29752,confirmed,1.0
1560,29,triangle,1346,925,20839,confirmed,1.0
1560,31,circle,1876,564,28186,confirmed,1.0
1560,33,trapezoid,220,227,26982,confirmed,0.5
1561,24,pentagon,1647,417,36505,confirmed,1.0
1561,28,rectangle,1680,190,29859,confirmed,1.0
1561,29,triangle,1354,922,20878,confirmed,1.0
1561,31,circle,1881,538,26188,confirmed,1.0
1561,33,trapezoid,226,190,26948,confirmed,0.524
1562,24,pentagon,1655,421,36518,confirmed,1.0
1562,28,rectangle,1677,194,29888,confirmed,1.0
1562,29,triangle,1362,919,20726,confirmed,1.0
1562,31,circle,1880,510,25088,confirmed,1.0
1562,33,trapezoid,226,152,27183,confirmed,0.524
1563,24,pentagon,1664,426,36617,confirmed,1.0
1563,28,rectangle,1673,199,29806,confirmed,1.0
1563,29,triangle,1370,916,20843,confirmed,1.0
1563,31,circle,1876,482,25195,confirmed,1.0
1563,33,trapezoid,222,140,27050,confirmed,0.524
1564,24,pentagon,1672,431,36513,confirmed,1.0
1564,28,rectangle,1671,203,29681,confirmed,1.0
1564,29,triangle,1377,912,20757,confirmed,1.0
1564,31,circle,1868,453,25796,confirmed,1.0
1564,33,trapezoid,218,154,27464,confirmed,0.524
1565,24,pentagon,1679,435,36509,confirmed,1.0
1565,28,rectangle,1668,208,29932,confirmed,1.0
1565,29,triangle,1383,910,20960,confirmed,1.0
1565,31,circle,1861,426,25751,confirmed,1.0
1565,33,trapezoid,212,190,27550,confirmed,0.524
1566,24,pentagon,1686,440,36564,confirmed,1.0
1566,28,rectangle,1665,212,29916,confirmed,1.0
1566,29,triangle,1390,906,20865,confirmed,1.0
1566,31,circle,1853,400,26083,confirmed,1.0
1566,33,trapezoid,207,240,27387,confirmed,0.524
1567,24,pentagon,1693,445,36517,confirmed,1.0
1567,28,rectangle,1663,216,29896,confirmed,1.0
1567,29,triangle,1396,902,20894,confirmed,1.0
1567,31,circle,1844,373,26027,confirmed,1.0
1567,33,trapezoid,197,328,26813,confirmed,0.545
1568,24,pentagon,1700,450,36586,confirmed,1.0
1568,28,rectangle,1658,219,29032,confirmed,0.978
1568,29,triangle,1402,898,20857,confirmed,1.0
1568,31,circle,1827,348,23469,confirmed,1.0
1568,33,trapezoid,191,386,27306,confirmed,0.545
1569,24,pentagon,1706,455,36535,confirmed,1.0
1569,28,rectangle,1654,221,26113,confirmed,0.978
1569,29,triangle,1408,894,20753,confirmed,1.0
1569,31,circle,1800,324,21794,confirmed,1.0
1569,33,trapezoid,190,435,29815,confirmed,0.545
1570,24,pentagon,1712,461,36530,confirmed,1.0
1570,28,rectangle,1649,221,21262,confirmed,0.978
1570,29,triangle,1413,891,20775,confirmed,1.0
1570,31,circle,1764,304,23388,confirmed,1.0
1570,33,trapezoid,189,477,29430,confirmed,0.545
1571,24,pentagon,1718,466,36609,confirmed,1.0
1571,28,rectangle,1644,222,21262,coasting,0.978
1571,29,triangle,1418,888,21011,confirmed,1.0
1571,31,circle,1721,290,26408,confirmed,1.0
1571,33,trapezoid,184,514,26922,confirmed,0.545
1572,24,pentagon,1723,471,36564,confirmed,1.0
1572,28,rectangle,1640,223,21262,coasting,0.978
1572,29,triangle,1423,884,20970,confirmed,1.0
1572,31,circle,1675,281,30231,confirmed,1.0
1572,33,trapezoid,178,548,27148,confirmed,0.545
1573,24,pentagon,1727,476,36549,confirmed,1.0
1573,28,rectangle,1636,223,21262,coasting,0.978
1573,29,triangle,1428,880,20954,confirmed,1.0
1573,31,circle,1632,267,43642,confirmed,1.0
1573,33,trapezoid,172,581,26950,confirmed,0.545
1574,24,pentagon,1732,482,36652,confirmed,1.0
1574,28,rectangle,1633,224,21262,coasting,0.978
1574,29,triangle,1433,876,20897,confirmed,1.0
1574,31,circle,1576,288,32663,confirmed,1.0
1574,33,trapezoid,166,613,26886,confirmed,0.545
1575,24,pentagon,1737,487,36551,confirmed,1.0
1575,28,rectangle,1637,232,22815,confirmed,0.978
1575,29,triangle,1438,872,20856,confirmed,1.0
1575,31,circle,1528,297,32678,confirmed,1.0
1575,33,trapezoid,161,647,27613,confirmed,0.545
1576,24,pentagon,1741,492,36595,confirmed,1.0
1576,28,rectangle,1640,242,28046,confirmed,0.978
1576,29,triangle,1443,868,20935,confirmed,1.0
1576,31,circle,1488,309,32692,confirmed,1.0
1576,33,trapezoid,154,682,27021,confirmed,0.545
1577,24,pentagon,1746,497,36487,confirmed,1.0
1577,28,rectangle,1641,258,29760,confirmed,0.978
1577,29,triangle,1448,864,20808,confirmed,1.0
1577,31,circle,1456,326,32693,confirmed,1.0
1577,33,trapezoid,145,720,26806,confirmed,0.565
1578,24,pentagon,1750,503,36594,confirmed,1.0
1578,28,rectangle,1640,265,29743,confirmed,0.978
1578,29,triangle,1452,861,20777,confirmed,1.0
1578,31,circle,1429,346,32695,confirmed,1.0
1578,33,trapezoid,138,757,27162,confirmed,0.565
1579,24,pentagon,1753,508,36602,confirmed,1.0
1579,28,rectangle,1638,269,29823,confirmed,0.978
1579,29,triangle,1457,858,21023,confirmed,1.0
1579,31,circle,1407,368,32690,confirmed,1.0
1579,33,trapezoid,133,795,27449,confirmed,0.565
1580,24,pentagon,1755,513,36466,confirmed,1.0
1580,28,rectangle,1635,273,29783,confirmed,0.978
1580,29,triangle,1462,854,20908,confirmed,1.0
1580,31,circle,1390,391,32699,confirmed,1.0
1580,33,trapezoid,127,833,26959,confirmed,0.565
1581,24,pentagon,1757,519,36583,confirmed,1.0
1581,28,rectangle,1634,276,29834,confirmed,0.978
1581,29,triangle,1466,850,20802,confirmed,1.0
1581,31,circle,1375,414,32682,confirmed,1.0
1581,33,trapezoid,129,847,27522,confirmed,0.565
1582,24,pentagon,1758,524,36561,confirmed,1.0
1582,28,rectangle,1632,280,29718,confirmed,0.978
1582,29,triangle,1471,846,20847,confirmed,1.0
1582,31,circle,1363,439,32743,confirmed,1.0
1582,33,trapezoid,136,836,27370,confirmed,0.565
1583,24,pentagon,1760,530,36627,confirmed,1.0
1583,28,rectangle,1631,284,29809,confirmed,0.978
1583,29,triangle,1475,843,20732,confirmed,1.0
1583,31,circle,1353,463,32670,confirmed,1.0
1583,33,trapezoid,147,803,26924,confirmed,0.565
1584,24,pentagon,1761,535,36528,confirmed,1.0
1584,28,rectangle,1630,287,29820,confirmed,0.978
1584,29,triangle,1479,840,20995,confirmed,1.0
1584,31,circle,1342,487,32694,confirmed,1.0
1584,33,trapezoid,163,757,27180,confirmed,0.565
1585,24,pentagon,1763,540,36545,confirmed,1.0
1585,28,rectangle,1628,291,29792,confirmed,0.978
1585,29,triangle,1484,836,20890,confirmed,1.0
1585,31,circle,1332,511,32684,confirmed,1.0
1585,33,trapezoid,181,702,27179,confirmed,0.565
1586,24,pentagon,1764,546,36641,confirmed,1.0
1586,28,rectangle,1627,296,29795,confirmed,0.978
1586,29,triangle,1487,832,20914,confirmed,1.0
1586,31,circle,1323,535,32685,confirmed,1.0
1586,33,trapezoid,200,646,26926,confirmed,0.565
1587,24,pentagon,1765,551,36539,confirmed,1.0
1587,28,rectangle,1626,299,29872,confirmed,0.978
1587,29,triangle,1491,828,20862,confirmed,1.0
1587,31,circle,1313,560,32670,confirmed,1.0
1587,33,trapezoid,221,589,27405,confirmed,0.565
1588,24,pentagon,1765,556,36583,confirmed,1.0
1588,28,rectangle,1624,303,29930,confirmed,0.978
1588,29,triangle,1494,825,20771,confirmed,1.0
1588,31,circle,1306,584,32690,confirmed,1.0
1588,33,trapezoid,241,539,27459,confirmed,0.565
1589,24,pentagon,1766,561,36506,confirmed,1.0
1589,28,rectangle,1623,307,29906,confirmed,0.978
1589,29,triangle,1498,822,21019,confirmed,1.0
1589,31,circle,1317,607,32675,confirmed,1.0
1589,33,trapezoid,261,494,27337,confirmed,0.565
1590,24,pentagon,1766,566,36553,confirmed,1.0
1590,28,rectangle,1622,311,29943,confirmed,0.978
1590,29,triangle,1500,818,20932,confirmed,1.0
1590,31,circle,1333,630,32642,confirmed,1.0
1590,33,trapezoid,282,455,26970,confirmed,0.565
1591,24,pentagon,1766,571,36457,confirmed,1.0
1591,28,rectangle,1622,315,29955,confirmed,0.978
1591,29,triangle,1503,814,20884,confirmed,1.0
1591,31,circle,1355,652,32682,confirmed,1.0
1591,33,trapezoid,302,419,28306,confirmed,0.565
1592,24,pentagon,1766,577,36542,confirmed,1.0
1592,28,rectangle,1621,318,29791,confirmed,0.978
1592,29,triangle,1506,810,20878,confirmed,1.0
1592,31,circle,1387,670,32698,confirmed,1.0
1592,33,trapezoid,324,386,27182,confirmed,0.565
1593,24,pentagon,1767,581,36468,confirmed,1.0
1593,28,rectangle,1620,322,29826,confirmed,0.978
1593,29,triangle,1509,810,17737,confirmed,1.0
1593,31,circle,1428,681,32679,confirmed,1.0
1593,33,trapezoid,344,354,22468,confirmed,0.565
1594,24,pentagon,1767,586,36546,confirmed,1.0
1594,28,rectangle,1619,326,29750,confirmed,0.978
1594,29,triangle,1512,808,17737,coasting,1.0
1594,31,circle,1470,675,32688,confirmed,1.0
1594,33,trapezoid,365,322,26983,confirmed,0.565
1595,24,pentagon,1767,591,36544,confirmed,1.0
1595,28,rectangle,1619,329,29892,confirmed,0.978
1595,29,triangle,1514,809,16792,confirmed,1.0
1595,31,circle,1503,658,32652,confirmed,1.0
1595,33,trapezoid,385,290,27179,confirmed,0.565
1596,24,pentagon,1768,596,36591,confirmed,1.0
1596,28,rectangle,1618,332,29970,confirmed,0.978
1596,29,triangle,1515,808,18371,confirmed,0.978
1596,31,circle,1530,636,32680,confirmed,1.0
1596,33,trapezoid,407,257,29230,confirmed,0.565
1597,24,pentagon,1768,601,36554,confirmed,1.0
1597,28,rectangle,1617,336,29754,confirmed,0.978
1597,29,triangle,1516,800,19644,confirmed,0.956
1597,31,circle,1555,614,32664,confirmed,1.0
1597,33,trapezoid,427,223,28017,confirmed,0.565
1598,24,pentagon,1768,605,36451,confirmed,1.0
1598,28,rectangle,1617,340,29772,confirmed,0.978
1598,29,triangle,1518,791,20579,confirmed,0.956
1598,31,circle,1564,589,32556,confirmed,1.0
1598,33,trapezoid,446,187,28102,confirmed,0.565
1599,24,pentagon,1768,610,36561,confirmed,1.0
1599,28,rectangle,1616,342,29973,confirmed,0.978
1599,29,triangle,1520,785,20790,confirmed,0.956
1599,31,circle,1567,564,32459,confirmed,1.0
1599,33,trapezoid,464,148,22485,confirmed,0.565
1600,24,pentagon,1769,615,36563,confirmed,1.0
1600,28,rectangle,1617,343,28689,confirmed,0.978
1600,29,triangle,1522,780,20734,confirmed,0.956
1600,31,circle,1570,539,32572,confirmed,1.0
1600,33,trapezoid,476,129,23279,confirmed,0.565
1601,24,pentagon,1769,619,36485,confirmed,1.0
1601,28,rectangle,1617,343,25901,confirmed,0.978
1601,29,triangle,1524,777,20947,confirmed,0.956
1601,31,circle,1571,513,32674,confirmed,1.0
1601,33,trapezoid,481,135,28078,confirmed,0.565
1602,24,pentagon,1768,624,36591,confirmed,1.0
1602,28,rectangle,1618,342,23024,confirmed,0.978
1602,29,triangle,1526,774,20909,confirmed,0.956
1602,31,circle,1566,488,32702,confirmed,1.0
1602,33,trapezoid,480,166,27091,confirmed,0.565
1603,24,pentagon,1767,628,36523,confirmed,1.0
1603,28,rectangle,1620,341,21153,confirmed,0.978
1603,29,triangle,1527,771,20775,confirmed,0.956
1603,31,circle,1552,465,32673,confirmed,1.0
1603,33,trapezoid,476,210,28596,confirmed,0.565
1604,24,pentagon,1766,633,36531,confirmed,1.0
1604,28,rectangle,1622,342,20300,confirmed,0.978
1604,29,triangle,1529,768,20962,confirmed,0.956
1604,31,circle,1535,442,32694,confirmed,1.0
1604,33,trapezoid,471,241,28048,confirmed,0.565
1605,24,pentagon,1765,637,36501,confirmed,1.0
1605,28,rectangle,1623,342,20300,coasting,0.978
1605,29,triangle,1531,764,20829,confirmed,0.956
1605,31,circle,1517,419,32647,confirmed,1.0
1605,33,trapezoid,465,267,27923,confirmed,0.565
1606,24,pentagon,1764,641,36469,confirmed,1.0
1606,28,rectangle,1622,348,21781,confirmed,0.978
1606,29,triangle,1532,761,20812,confirmed,0.956
1606,31,circle,1499,396,32686,confirmed,1.0
1606,33,trapezoid,458,297,27574,confirmed,0.565
1607,24,pentagon,1762,646,36653,confirmed,1.0
1607,28,rectangle,1619,358,25094,confirmed,0.978
1607,29,triangle,1534,758,20962,confirmed,0.956
1607,31,circle,1480,374,32689,confirmed,1.0
1607,33,trapezoid,454,330,27843,confirmed,0.565
1608,24,pentagon,1761,650,36627,confirmed,1.0
1608,28,rectangle,1615,366,27997,confirmed,0.978
1608,29,triangle,1535,754,20813,confirmed,0.956
1608,31,circle,1458,352,32681,confirmed,1.0
1608,33,trapezoid,449,365,23177,confirmed,0.565
1609,24,pentagon,1759,654,36614,confirmed,1.0
1609,28,rectangle,1610,374,29939,confirmed,0.978
1609,29,triangle,1537,751,20737,confirmed,0.956
1609,31,circle,1433,332,32685,confirmed,1.0
1609,33,trapezoid,447,404,27777,confirmed,0.565
1610,24,pentagon,1757,658,36626,confirmed,1.0
1610,28,rectangle,1608,378,29829,confirmed,0.978
1610,29,triangle,1538,748,20939,confirmed,0.956
1610,31,circle,1405,312,32678,confirmed,1.0
1610,33,trapezoid,445,445,27642,confirmed,0.565
1611,24,pentagon,1754,662,36670,confirmed,1.0
1611,28,rectangle,1608,382,29944,confirmed,0.978
1611,29,triangle,1539,744,20855,confirmed,0.956
1611,31,circle,1374,295,32658,confirmed,1.0
1611,33,trapezoid,444,486,26970,confirmed,0.565
1612,24,pentagon,1751,665,36432,confirmed,1.0
1612,28,rectangle,1608,384,29756,confirmed,0.978
1612,29,triangle,1540,742,20961,confirmed,0.956
1612,31,circle,1337,281,32679,confirmed,1.0
1612,33,trapezoid,443,526,27480,confirmed,0.565
1613,24,pentagon,1748,669,36532,confirmed,1.0
1613,28,rectangle,1607,387,29928,confirmed,0.978
1613,29,triangle,1542,738,20885,confirmed,0.956
1613,31,circle,1297,270,32658,confirmed,1.0
1613,33,trapezoid,441,565,27987,confirmed,0.565
1614,24,pentagon,1745,673,36557,confirmed,1.0
1614,28,rectangle,1606,389,29846,confirmed,0.978
1614,29,triangle,1543,735,20716,confirmed,0.956
1614,31,circle,1255,262,32663,confirmed,1.0
1614,33,trapezoid,442,605,27018,confirmed,0.565
1615,24,pentagon,1741,676,36598,confirmed,1.0
1615,28,rectangle,1606,392,29978,confirmed,0.978
1615,29,triangle,1544,732,20835,confirmed,0.956
1615,31,circle,1212,255,32668,confirmed,1.0
1615,33,trapezoid,445,644,30721,confirmed,0.565
1616,24,pentagon,1738,679,36505,confirmed,1.0
1616,28,rectangle,1605,395,29852,confirmed,0.978
1616,29,triangle,1545,729,20739,confirmed,0.956
1616,31,circle,1169,248,32711,confirmed,1.0
1616,33,trapezoid,444,683,28586,confirmed,0.565
1617,24,pentagon,1734,683,36574,confirmed,1.0
1617,28,rectangle,1604,398,29980,confirmed,0.978
1617,29,triangle,1546,726,20822,confirmed,0.956
1617,31,circle,1127,242,32672,confirmed,1.0
1617,33,trapezoid,441,721,27770,confirmed,0.565
1618,24,pentagon,1730,686,36630,confirmed,1.0
1618,28,rectangle,1604,401,29826,confirmed,0.978
1618,29,triangle,1546,723,20698,confirmed,0.956
1618,31,circle,1085,240,32654,confirmed,1.0
1618,33,trapezoid,439,758,27890,confirmed,0.565
1619,24,pentagon,1727,689,36573,confirmed,1.0
1619,28,rectangle,1603,403,29786,confirmed,0.978
1619,29,triangle,1546,720,20849,confirmed,0.956
1619,31,circle,1045,249,32708,confirmed,1.0
1619,33,trapezoid,434,794,30075,confirmed,0.565
1620,24,pentagon,1723,692,36592,confirmed,1.0
1620,28,rectangle,1603,407,29922,confirmed,0.978
1620,29,triangle,1546,716,20630,confirmed,0.956
1620,31,circle,1007,261,32655,confirmed,1.0
1620,33,trapezoid,433,832,27113,confirmed,0.565
1621,24,pentagon,1719,695,36536,confirmed,1.0
1621,28,rectangle,1602,409,29841,confirmed,0.978
1621,29,triangle,1545,713,20427,confirmed,0.956
1621,31,circle,968,274,32667,confirmed,1.0
1621,33,trapezoid,432,867,27746,confirmed,0.565
1622,24,pentagon,1715,698,36606,confirmed,1.0
1622,28,rectangle,1602,413,30002,confirmed,0.978
1622,29,triangle,1543,710,20204,confirmed,0.956
1622,31,circle,929,286,32678,confirmed,1.0
1622,33,trapezoid,434,906,27468,confirmed,0.565
1623,24,pentagon,1711,701,36559,confirmed,1.0
1623,28,rectangle,1601,415,29896,confirmed,0.978
1623,29,triangle,1542,707,19553,confirmed,0.956
1623,31,circle,892,300,32665,confirmed,1.0
1623,33,trapezoid,443,932,28054,confirmed,0.565
1624,24,pentagon,1707,704,36629,confirmed,1.0
1624,28,rectangle,1600,417,29901,confirmed,0.978
1624,29,triangle,1539,703,18925,confirmed,0.956
1624,31,circle,856,315,32670,confirmed,1.0
1624,33,trapezoid,455,928,28658,confirmed,0.565
1625,24,pentagon,1704,706,36534,confirmed,1.0
1625,28,rectangle,1600,419,29916,confirmed,0.978
1625,29,triangle,1538,699,18224,confirmed,0.956
1625,31,circle,826,333,32678,confirmed,1.0
1625,33,trapezoid,474,903,27643,confirmed,0.565
1626,24,pentagon,1700,709,36516,confirmed,1.0
1626,28,rectangle,1599,423,29901,confirmed,0.978
1626,29,triangle,1537,696,17742,confirmed,0.956
1626,31,circle,798,352,32684,confirmed,1.0
1626,33,trapezoid,496,862,27701,confirmed,0.565
1627,24,pentagon,1696,712,36619,confirmed,1.0
1627,28,rectangle,1598,424,29976,confirmed,0.978
1627,29,triangle,1536,692,17742,coasting,0.956
1627,31,circle,774,373,32698,confirmed,1.0
1627,33,trapezoid,517,811,27313,confirmed,0.565
1628,24,pentagon,1692,714,36566,confirmed,1.0
1628,28,rectangle,1597,428,29763,confirmed,0.978
1628,29,triangle,1534,689,17742,coasting,0.956
1628,31,circle,753,395,32723,confirmed,1.0
1628,33,trapezoid,537,755,27435,confirmed,0.565
1629,24,pentagon,1688,717,36597,confirmed,1.0
1629,28,rectangle,1597,430,29805,confirmed,1.0
1629,29,triangle,1533,686,17742,coasting,0.956
1629,31,circle,735,418,32701,confirmed,1.0
1629,33,trapezoid,557,699,27085,confirmed,0.565
1630,24,pentagon,1684,719,36499,confirmed,1.0
1630,28,rectangle,1596,432,29988,confirmed,1.0
1630,29,triangle,1532,684,17742,coasting,0.956
1630,31,circle,717,441,32662,confirmed,1.0
1630,33,trapezoid,576,648,28625,confirmed,0.565
1631,24,pentagon,1679,721,36484,confirmed,1.0
1631,28,rectangle,1595,435,29952,confirmed,1.0
1631,29,triangle,1531,681,17742,coasting,0.956
1631,31,circle,706,463,31902,confirmed,1.0
1631,33,trapezoid,594,601,27047,confirmed,0.565
1632,24,pentagon,1675,723,36456,confirmed,1.0
1632,28,rectangle,1594,436,29995,confirmed,1.0
1632,29,triangle,1530,679,17742,coasting,0.956
1632,31,circle,698,484,25896,confirmed,1.0
1632,33,trapezoid,608,560,27738,confirmed,0.565
1633,24,pentagon,1670,725,36485,confirmed,1.0
1633,28,rectangle,1593,439,29784,confirmed,1.0
1633,29,triangle,1530,677,17742,coasting,0.956
1633,31,circle,686,506,25896,coasting,1.0
1633,33,trapezoid,620,521,27313,confirmed,0.565
1634,24,pentagon,1666,727,36542,confirmed,1.0
1634,28,rectangle,1593,441,29826,confirmed,1.0
1634,29,triangle,1529,676,17742,coasting,0.956
1634,31,circle,676,526,25896,coasting,1.0
1634,33,trapezoid,632,485,27332,confirmed,0.565
1635,24,pentagon,1661,729,36544,confirmed,1.0
1635,28,rectangle,1592,444,29842,confirmed,1.0
1635,29,triangle,1528,674,17742,coasting,0.956
1635,31,circle,700,547,27575,confirmed,1.0
1635,33,trapezoid,644,457,26923,confirmed,0.583
1636,24,pentagon,1656,730,36564,confirmed,1.0
1636,28,rectangle,1591,446,29722,confirmed,1.0
1636,29,triangle,1528,673,17742,coasting,0.956
1636,31,circle,776,569,32112,confirmed,1.0
1636,33,trapezoid,657,423,27093,confirmed,0.583
1637,24,pentagon,1652,732,36620,confirmed,1.0
1637,28,rectangle,1590,448,29878,confirmed,1.0
1637,29,triangle,1527,672,17742,coasting,0.956
1637,31,circle,828,582,32711,confirmed,1.0
1637,33,trapezoid,671,388,27108,confirmed,0.583
1638,24,pentagon,1647,733,36497,confirmed,1.0
1638,28,rectangle,1590,450,29797,confirmed,1.0
1638,29,triangle,1527,671,17742,coasting,0.956
1638,31,circle,874,584,32695,confirmed,1.0
1638,33,trapezoid,685,351,28019,confirmed,0.583
1639,24,pentagon,1643,735,36589,confirmed,1.0
1639,28,rectangle,1590,452,29607,confirmed,1.0
1639,29,triangle,1527,670,17742,coasting,0.956
1639,31,circle,914,572,32663,confirmed,1.0
1639,33,trapezoid,697,313,22112,confirmed,0.583
1640,24,pentagon,1638,736,36572,confirmed,1.0
1640,28,rectangle,1588,453,29531,confirmed,1.0
1640,29,triangle,1526,669,17742,coasting,0.956
1640,31,circle,945,553,32681,confirmed,1.0
1640,33,trapezoid,710,275,27441,confirmed,0.583
1641,24,pentagon,1634,738,36628,confirmed,1.0
1641,28,rectangle,1588,455,29393,confirmed,1.0
1641,29,triangle,1526,668,17742,coasting,0.956
1641,31,circle,963,529,32669,confirmed,1.0
1641,33,trapezoid,723,237,27062,confirmed,0.583
1642,24,pentagon,1629,739,36500,confirmed,1.0
1642,28,rectangle,1588,456,29201,confirmed,0.978
1642,29,triangle,1526,667,17742,coasting,0.956
1642,31,circle,971,503,32700,confirmed,1.0
1642,33,trapezoid,737,199,27381,confirmed,0.583
1643,24,pentagon,1625,741,36509,confirmed,1.0
1643,28,rectangle,1587,458,29090,confirmed,0.978
1643,29,triangle,1525,666,17742,coasting,0.956
1643,31,circle,976,478,32680,confirmed,1.0
1643,33,trapezoid,752,158,23281,confirmed,0.56
1644,24,pentagon,1621,742,36615,confirmed,1.0
1644,28,rectangle,1586,461,28819,confirmed,0.978
1644,29,triangle,1525,666,17742,coasting,0.956
1644,31,circle,979,453,32712,confirmed,1.0
1644,33,trapezoid,769,122,22684,confirmed,0.538
1645,24,pentagon,1616,743,36531,confirmed,1.0
1645,28,rectangle,1585,464,28705,confirmed,0.978
1645,29,triangle,1525,665,17742,coasting,0.956
1645,31,circle,972,428,32672,confirmed,1.0
1645,33,trapezoid,783,101,23795,confirmed,0.538
1646,24,pentagon,1612,744,36544,confirmed,1.0
1646,28,rectangle,1584,466,28438,confirmed,0.978
1646,29,triangle,1525,665,17742,coasting,0.956
1646,31,circle,962,404,32676,confirmed,1.0
1646,33,trapezoid,792,106,27980,confirmed,0.538
1647,24,pentagon,1608,746,36642,confirmed,1.0
1647,28,rectangle,1584,468,27926,confirmed,0.978
1647,31,circle,950,380,32675,confirmed,1.0
1647,33,trapezoid,795,135,27879,confirmed,0.538
1648,24,pentagon,1604,747,36521,confirmed,1.0
1648,28,rectangle,1583,469,27705,confirmed,0.978
1648,31,circle,937,357,30666,confirmed,1.0
1648,33,trapezoid,796,179,28071,confirmed,0.538
1649,24,pentagon,1600,748,36589,confirmed,1.0
1649,28,rectangle,1583,470,27389,confirmed,0.978
1649,31,circle,919,337,24605,confirmed,1.0
1649,33,trapezoid,793,236,27439,confirmed,0.538
1650,24,pentagon,1596,749,36503,confirmed,1.0
1650,28,rectangle,1582,471,27122,confirmed,0.978
1650,31,circle,904,315,24605,coasting,1.0
1650,33,trapezoid,789,293,27121,confirmed,0.538
1651,24,pentagon,1592,750,36563,confirmed,1.0
1651,28,rectangle,1582,471,26771,confirmed,0.978
1651,31,circle,891,295,24605,coasting,1.0
1651,33,trapezoid,794,339,42990,confirmed,0.538
1652,24,pentagon,1588,751,36471,confirmed,1.0
1652,28,rectangle,1582,472,26384,confirmed,0.978
1652,31,circle,845,280,19776,confirmed,1.0
1652,33,trapezoid,787,399,26773,confirmed,0.556
1653,24,pentagon,1584,753,36523,confirmed,1.0
1653,28,rectangle,1581,473,26048,confirmed,0.978
1653,31,circle,789,280,26343,confirmed,1.0
1653,33,trapezoid,786,448,27010,confirmed,0.556
1654,24,pentagon,1580,753,36489,confirmed,1.0
1654,28,rectangle,1579,474,25850,confirmed,0.978
1654,31,circle,730,292,31026,confirmed,1.0
1654,33,trapezoid,786,491,23554,confirmed,0.556
1655,24,pentagon,1576,754,36596,confirmed,1.0
1655,28,rectangle,1578,475,25675,confirmed,0.978
1655,31,circle,665,334,32670,confirmed,1.0
1655,33,trapezoid,786,531,27797,confirmed,0.556
1656,24,pentagon,1572,755,36516,confirmed,1.0
1656,28,rectangle,1576,477,25405,confirmed,0.978
1656,31,circle,626,359,32730,confirmed,1.0
1656,33,trapezoid,786,568,27331,confirmed,0.556
1657,24,pentagon,1568,755,36541,confirmed,1.0
1657,28,rectangle,1574,478,25235,confirmed,0.978
1657,31,circle,604,382,32659,confirmed,1.0
1657,33,trapezoid,790,604,27536,confirmed,0.556
1658,24,pentagon,1564,755,36489,confirmed,1.0
1658,28,rectangle,1572,479,25066,confirmed,0.978
1658,31,circle,585,404,32673,confirmed,1.0
1658,33,trapezoid,793,638,27893,confirmed,0.556
1659,24,pentagon,1560,755,36475,confirmed,1.0
1659,28,rectangle,1573,479,25054,confirmed,0.978
1659,31,circle,567,426,32698,confirmed,1.0
1659,33,trapezoid,796,672,27327,confirmed,0.556
1660,24,pentagon,1556,756,36646,confirmed,1.0
1660,28,rectangle,1574,478,25153,confirmed,0.978
1660,31,circle,550,449,32689,confirmed,1.0
1660,33,trapezoid,798,707,27756,confirmed,0.556
1661,24,pentagon,1552,756,36626,confirmed,1.0
1661,28,rectangle,1577,476,24781,confirmed,0.978
1661,31,circle,536,472,32659,confirmed,1.0
1661,33,trapezoid,800,743,27503,confirmed,0.556
1662,24,pentagon,1549,756,36592,confirmed,1.0
1662,28,rectangle,1580,475,25810,confirmed,0.978
1662,31,circle,526,497,32657,confirmed,1.0
1662,33,trapezoid,802,779,27467,confirmed,0.556
1663,24,pentagon,1545,756,36588,confirmed,1.0
1663,28,rectangle,1583,473,25970,confirmed,0.978
1663,31,circle,520,521,32656,confirmed,1.0
1663,33,trapezoid,806,817,28968,confirmed,0.556
1664,24,pentagon,1541,756,36577,confirmed,1.0
1664,28,rectangle,1587,471,26381,confirmed,0.956
1664,31,circle,520,546,32691,confirmed,1.0
1664,33,trapezoid,806,856,28394,confirmed,0.556
1665,24,pentagon,1538,756,36560,confirmed,1.0
1665,28,rectangle,1590,471,26547,confirmed,0.933
1665,31,circle,523,571,32696,confirmed,1.0
1665,33,trapezoid,809,895,27730,confirmed,0.556
1666,24,pentagon,1534,756,36539,confirmed,1.0
1666,28,rectangle,1591,471,27048,confirmed,0.911
1666,31,circle,533,595,32680,confirmed,1.0
1666,33,trapezoid,811,934,27730,coasting,0.556
1667,24,pentagon,1531,757,36521,confirmed,1.0
1667,28,rectangle,1592,471,27333,confirmed,0.889
1667,31,circle,554,617,32696,confirmed,1.0
1667,33,trapezoid,812,966,29738,confirmed,0.556
1668,24,pentagon,1527,757,36605,confirmed,1.0
1668,28,rectangle,1594,471,27766,confirmed,0.867
1668,31,circle,589,631,32660,confirmed,1.0
1668,33,trapezoid,813,1000,29738,coasting,0.556
1669,24,pentagon,1524,757,36576,confirmed,1.0
1669,28,rectangle,1595,471,28003,confirmed,0.844
1669,31,circle,634,636,32663,confirmed,1.0
1669,33,trapezoid,821,1002,21288,confirmed,0.556
1670,24,pentagon,1520,757,36528,confirmed,1.0
1670,28,rectangle,1596,470,28457,confirmed,0.822
1670,31,circle,679,637,32663,confirmed,1.0
1670,33,trapezoid,831,982,27739,confirmed,0.556
1671,24,pentagon,1517,757,36498,confirmed,1.0
1671,28,rectangle,1598,470,28625,confirmed,0.8
1671,31,circle,722,629,32655,confirmed,1.0
1671,33,trapezoid,841,943,27781,confirmed,0.556
1672,24,pentagon,1514,757,36494,confirmed,1.0
1672,28,rectangle,1598,469,28841,confirmed,0.778
1672,31,circle,764,619,32675,confirmed,1.0
1672,33,trapezoid,857,895,27566,confirmed,0.556
1673,24,pentagon,1511,758,36651,confirmed,1.0
1673,28,rectangle,1599,469,28965,confirmed,0.756
1673,31,circle,799,603,32672,confirmed,1.0
1673,33,trapezoid,870,837,28715,confirmed,0.556
1674,24,pentagon,1508,758,36625,confirmed,1.0
1674,28,rectangle,1601,469,29285,confirmed,0.733
1674,31,circle,823,582,32679,confirmed,1.0
1674,33,trapezoid,884,781,28050,confirmed,0.556
1675,24,pentagon,1505,758,36594,confirmed,1.0
1675,28,rectangle,1602,469,29486,confirmed,0.711
1675,31,circle,834,556,32491,confirmed,1.0
1675,33,trapezoid,898,726,28879,confirmed,0.556
1676,24,pentagon,1502,758,36554,confirmed,1.0
1676,28,rectangle,1604,469,29445,confirmed,0.711
1676,31,circle,830,530,31967,confirmed,1.0
1676,33,trapezoid,912,678,27516,confirmed,0.556
1677,24,pentagon,1499,758,36532,confirmed,1.0
1677,28,rectangle,1606,468,29724,confirmed,0.711
1677,31,circle,818,504,31677,confirmed,1.0
1677,33,trapezoid,923,636,27761,confirmed,0.556
1678,24,pentagon,1496,759,36630,confirmed,1.0
1678,28,rectangle,1606,467,29643,confirmed,0.711
1678,31,circle,802,481,31916,confirmed,1.0
1678,33,trapezoid,934,600,28219,confirmed,0.556
1679,24,pentagon,1493,759,36605,confirmed,1.0
1679,28,rectangle,1608,466,29793,confirmed,0.711
1679,31,circle,783,459,32494,confirmed,1.0
1679,33,trapezoid,945,566,27212,confirmed,0.556
1680,24,pentagon,1490,759,36575,confirmed,1.0
1680,28,rectangle,1610,466,29918,confirmed,0.711
1680,31,circle,759,438,32686,confirmed,1.0
1680,33,trapezoid,955,534,23679,confirmed,0.536
1681,24,pentagon,1488,759,36554,confirmed,1.0
1681,28,rectangle,1611,466,29818,confirmed,0.711
1681,31,circle,732,419,32662,confirmed,1.0
1681,33,trapezoid,969,499,27409,confirmed,0.536
1682,24,pentagon,1485,759,36532,confirmed,1.0
1682,28,rectangle,1613,465,29929,confirmed,0.711
1682,31,circle,703,400,32703,confirmed,1.0
1682,33,trapezoid,982,463,22471,confirmed,0.536
1683,24,pentagon,1482,759,36502,confirmed,1.0
1683,28,rectangle,1614,464,29756,confirmed,0.711
1683,31,circle,670,383,32665,confirmed,1.0
1683,33,trapezoid,995,425,23827,confirmed,0.517
1684,24,pentagon,1480,760,36650,confirmed,1.0
1684,28,rectangle,1615,464,29811,confirmed,0.711
1684,31,circle,638,366,32676,confirmed,1.0
1684,33,trapezoid,1009,388,27564,confirmed,0.517
1685,24,pentagon,1477,760,36616,confirmed,1.0
1685,28,rectangle,1617,462,29984,confirmed,0.711
1685,31,circle,605,349,32645,confirmed,1.0
1685,33,trapezoid,1022,353,28387,confirmed,0.517
1686,24,pentagon,1475,760,36602,confirmed,1.0
1686,28,rectangle,1618,462,29760,confirmed,0.711
1686,31,circle,568,339,32721,confirmed,1.0
1686,33,trapezoid,1036,317,28246,confirmed,0.517
1687,24,pentagon,1472,760,36606,confirmed,1.0
1687,28,rectangle,1620,462,29778,confirmed,0.711
1687,31,circle,524,335,32658,confirmed,1.0
1687,33,trapezoid,1051,280,23219,confirmed,0.517
1688,24,pentagon,1470,760,36601,confirmed,1.0
1688,28,rectangle,1621,460,30007,confirmed,0.711
1688,31,circle,480,336,32711,confirmed,1.0
1688,33,trapezoid,1068,241,24700,confirmed,0.517
1689,24,pentagon,1468,760,36571,confirmed,1.0
1689,28,rectangle,1622,460,29848,confirmed,0.711
1689,31,circle,443,348,32677,confirmed,1.0
1689,33,trapezoid,1085,204,28069,confirmed,0.517
1690,24,pentagon,1465,760,36552,confirmed,1.0
1690,28,rectangle,1624,460,29797,confirmed,0.711
1690,31,circle,422,370,32671,confirmed,1.0
1690,33,trapezoid,1103,167,21945,confirmed,0.5
1691,24,pentagon,1463,760,36545,confirmed,1.0
1691,28,rectangle,1625,458,29956,confirmed,0.711
1691,31,circle,412,396,32687,confirmed,1.0
1691,33,trapezoid,1117,156,27574,confirmed,0.5
1692,24,pentagon,1461,760,36543,confirmed,1.0
1692,28,rectangle,1626,457,29773,confirmed,0.711
1692,31,circle,409,422,32698,confirmed,1.0
1692,33,trapezoid,1126,170,24379,confirmed,0.5
1693,24,pentagon,1459,761,36528,confirmed,1.0
1693,28,rectangle,1627,457,29847,confirmed,0.711
1693,31,circle,410,448,32694,confirmed,1.0
1693,33,trapezoid,1130,203,22299,confirmed,0.5
1694,24,pentagon,1457,761,36544,confirmed,1.0
1694,28,rectangle,1628,456,29893,confirmed,0.711
1694,31,circle,414,474,32660,confirmed,1.0
1694,33,trapezoid,1131,251,21283,confirmed,0.5
1694,34,triangle,1474,599,19597,confirmed,0.0
1695,24,pentagon,1454,761,36558,confirmed,1.0
1695,28,rectangle,1630,456,29937,confirmed,0.711
1695,31,circle,419,498,32666,confirmed,1.0
1695,33,trapezoid,1131,307,19520,confirmed,0.5
1695,34,triangle,1472,598,19669,confirmed,0.0
1696,24,pentagon,1452,761,36531,confirmed,1.0
1696,28,rectangle,1631,456,29863,confirmed,0.711
1696,31,circle,428,523,32692,confirmed,1.0
1696,33,trapezoid,1131,364,22711,confirmed,0.5
1696,34,triangle,1471,597,19593,confirmed,0.0
1697,24,pentagon,1450,761,36515,confirmed,1.0
1697,28,rectangle,1632,456,29793,confirmed,0.711
1697,31,circle,437,547,32666,confirmed,1.0
1697,33,trapezoid,1130,418,21475,confirmed,0.5
1697,34,triangle,1469,597,19724,confirmed,0.0
1698,24,pentagon,1449,761,36503,confirmed,1.0
1698,28,rectangle,1633,455,29994,confirmed,0.711
1698,31,circle,450,571,32673,confirmed,1.0
1698,33,trapezoid,1132,470,27223,confirmed,0.5
1698,34,triangle,1468,596,19770,confirmed,0.0
1699,24,pentagon,1447,761,36515,confirmed,1.0
1699,28,rectangle,1634,454,29923,confirmed,0.711
1699,31,circle,464,594,32685,confirmed,1.0
1699,33,trapezoid,1135,516,27985,confirmed,0.5
1699,34,triangle,1467,595,19902,confirmed,0.0
1700,24,pentagon,1445,761,36497,confirmed,1.0
1700,28,rectangle,1635,454,29847,confirmed,0.711
1700,31,circle,481,617,32680,confirmed,1.0
1700,33,trapezoid,1136,557,22774,confirmed,0.5
1700,34,triangle,1465,594,19841,confirmed,0.0
1701,24,pentagon,1443,761,36490,confirmed,1.0
1701,28,rectangle,1636,454,29782,confirmed,0.711
1701,31,circle,502,639,32693,confirmed,1.0
1701,33,trapezoid,1140,596,27614,confirmed,0.5
1701,34,triangle,1464,594,19942,confirmed,0.0
1702,24,pentagon,1441,761,36504,confirmed,1.0
1702,28,rectangle,1637,452,29984,confirmed,0.711
1702,31,circle,530,659,32660,confirmed,1.0
1702,33,trapezoid,1143,634,28243,confirmed,0.5
1702,34,triangle,1463,593,19973,confirmed,0.0
1703,24,pentagon,1439,761,36475,confirmed,1.0
1703,28,rectangle,1638,452,29900,confirmed,0.711
1703,31,circle,566,674,32676,confirmed,1.0
1703,33,trapezoid,1145,668,27905,confirmed,0.5
1703,34,triangle,1462,593,20105,confirmed,0.0
1704,24,pentagon,1438,761,36446,confirmed,1.0
1704,28,rectangle,1639,452,29895,confirmed,0.711
1704,31,circle,607,684,32671,confirmed,1.0
1704,33,trapezoid,1149,701,24449,confirmed,0.5
1704,34,triangle,1461,592,20036,confirmed,0.0
1705,24,pentagon,1436,762,36666,confirmed,1.0
1705,28,rectangle,1640,452,29756,confirmed,0.711
1705,31,circle,650,691,32682,confirmed,1.0
1705,33,trapezoid,1157,734,22465,confirmed,0.5
1705,34,triangle,1460,592,20127,confirmed,0.0
1706,24,pentagon,1435,762,36629,confirmed,1.0
1706,28,rectangle,1641,451,30013,confirmed,0.711
1706,31,circle,693,697,32709,confirmed,1.0
1706,33,trapezoid,1168,770,28566,confirmed,0.5
1706,34,triangle,1459,591,20168,confirmed,0.0
1707,24,pentagon,1433,762,36620,confirmed,1.0
1707,28,rectangle,1642,451,29934,confirmed,0.711
1707,31,circle,736,699,32692,confirmed,1.0
1707,33,trapezoid,1179,804,22953,confirmed,0.5
1707,34,triangle,1458,591,20259,confirmed,0.0
1708,24,pentagon,1431,762,36602,confirmed,1.0
1708,28,rectangle,1642,450,29778,confirmed,0.733
1708,31,circle,780,694,32663,confirmed,1.0
1708,33,trapezoid,1192,841,24010,confirmed,0.5
1708,34,triangle,1457,591,20159,confirmed,0.0
1709,24,pentagon,1430,762,36593,confirmed,1.0
1709,28,rectangle,1643,450,29791,confirmed,0.756
1709,31,circle,823,689,32708,confirmed,1.0
1709,33,trapezoid,1206,878,28789,confirmed,0.5
1709,34,triangle,1457,590,20260,confirmed,0.0
1710,24,pentagon,1428,762,36578,confirmed,1.0
1710,28,rectangle,1644,450,29810,confirmed,0.778
1710,31,circle,866,682,32694,confirmed,1.0
1710,33,trapezoid,1216,919,23801,confirmed,0.484
1710,34,triangle,1456,590,20258,confirmed,0.0
1711,24,pentagon,1427,762,36563,confirmed,1.0
1711,28,rectangle,1645,449,29985,confirmed,0.8
1711,31,circle,909,675,32699,confirmed,1.0
1711,33,trapezoid,1228,959,28489,confirmed,0.484
1711,34,triangle,1455,589,20358,confirmed,0.0
1712,24,pentagon,1426,762,36547,confirmed,1.0
1712,28,rectangle,1646,449,29885,confirmed,0.822
1712,31,circle,951,668,32680,confirmed,1.0
1712,33,trapezoid,1245,999,34907,confirmed,0.484
1712,34,triangle,1454,589,20249,confirmed,0.0
1713,24,pentagon,1424,763,36522,confirmed,1.0
1713,28,rectangle,1646,448,29730,confirmed,0.844
1713,31,circle,991,657,32692,confirmed,1.0
1713,33,trapezoid,1258,1033,23371,confirmed,0.484
1713,34,triangle,1453,588,20342,confirmed,0.0
1714,24,pentagon,1423,763,36540,confirmed,1.0
1714,28,rectangle,1647,448,29816,confirmed,0.867
1714,31,circle,1028,643,32677,confirmed,1.0
1714,33,trapezoid,1281,1048,36464,confirmed,0.484
1714,34,triangle,1453,588,20419,confirmed,0.0
1715,24,pentagon,1422,763,36542,confirmed,1.0
1715,28,rectangle,1648,448,29750,confirmed,0.889
1715,31,circle,1062,627,32661,confirmed,1.0
1715,33,trapezoid,1295,1039,28238,confirmed,0.484
1715,34,triangle,1452,587,20385,confirmed,0.0
1716,24,pentagon,1420,763,36505,confirmed,1.0
1716,28,rectangle,1649,447,29998,confirmed,0.911
1716,31,circle,1093,609,32698,confirmed,1.0
1716,33,trapezoid,1308,1009,28479,confirmed,0.484
1716,34,triangle,1451,587,20498,confirmed,0.0
1717,24,pentagon,1419,763,36469,confirmed,1.0
1717,28,rectangle,1649,447,29998,confirmed,0.933
1717,31,circle,1120,589,32686,confirmed,1.0
1717,33,trapezoid,1317,965,20394,confirmed,0.484
1717,34,triangle,1450,587,20578,confirmed,0.0
1718,24,pentagon,1418,763,36465,confirmed,1.0
1718,28,rectangle,1650,447,29935,confirmed,0.956
1718,31,circle,1144,568,32664,confirmed,1.0
1718,33,trapezoid,1326,914,20979,confirmed,0.484
1718,34,triangle,1450,586,20429,confirmed,0.0
1719,24,pentagon,1417,763,36444,confirmed,1.0
1719,28,rectangle,1650,446,29790,confirmed,0.978
1719,31,circle,1165,546,32668,confirmed,1.0
1719,33,trapezoid,1336,875,20979,coasting,0.484
1719,34,triangle,1449,586,20517,confirmed,0.0
1720,24,pentagon,1416,763,36424,confirmed,1.0
1720,28,rectangle,1651,446,29835,confirmed,1.0
1720,31,circle,1182,524,32706,confirmed,1.0
1720,33,trapezoid,1346,840,20979,coasting,0.484
1720,34,triangle,1449,585,20500,confirmed,1.0
1721,24,pentagon,1415,763,36423,confirmed,1.0
1721,28,rectangle,1652,446,29800,confirmed,1.0
1721,31,circle,1190,499,32679,confirmed,1.0
1721,33,trapezoid,1354,808,20979,coasting,0.484
1721,34,triangle,1448,585,20555,confirmed,1.0
1722,24,pentagon,1414,764,36649,confirmed,1.0
1722,28,rectangle,1652,445,29941,confirmed,1.0
1722,31,circle,1192,474,32672,confirmed,1.0
1722,33,trapezoid,1362,779,20979,coasting,0.484
1722,34,triangle,1448,584,19588,confirmed,1.0
1723,24,pentagon,1413,764,36616,confirmed,1.0
1723,28,rectangle,1653,444,29999,confirmed,1.0
1723,31,circle,1192,448,32706,confirmed,1.0
1723,33,trapezoid,1368,754,20979,coasting,0.484
1723,34,triangle,1448,583,19588,coasting,1.0
1724,24,pentagon,1412,764,36621,confirmed,1.0
1724,28,rectangle,1653,444,29999,confirmed,1.0
1724,31,circle,1194,424,32663,confirmed,1.0
1724,33,trapezoid,1374,731,20979,coasting,0.484
1724,34,triangle,1447,583,19588,coasting,1.0
1725,24,pentagon,1411,764,36602,confirmed,1.0
1725,28,rectangle,1654,445,29956,confirmed,1.0
1725,31,circle,1179,401,32666,confirmed,1.0
1725,33,trapezoid,1401,673,26589,confirmed,0.484
1725,34,triangle,1447,582,19588,coasting,1.0
1726,24,pentagon,1410,764,36607,confirmed,1.0
1726,28,rectangle,1654,444,29814,confirmed,1.0
1726,31,circle,1157,380,32695,confirmed,1.0
1726,33,trapezoid,1430,607,22312,confirmed,0.484
1726,34,triangle,1447,582,19588,coasting,1.0
1727,24,pentagon,1409,764,36565,confirmed,1.0
1727,28,rectangle,1655,444,29820,confirmed,1.0
1727,31,circle,1129,360,32696,confirmed,1.0
1727,33,trapezoid,1458,543,21982,confirmed,0.484
1727,34,triangle,1447,581,19588,coasting,1.0
1728,24,pentagon,1408,764,36546,confirmed,1.0
1728,28,rectangle,1657,442,29237,confirmed,0.978
1728,31,circle,1088,353,32689,confirmed,1.0
1728,33,trapezoid,1483,486,27541,confirmed,0.484
1728,34,triangle,1447,581,19588,coasting,1.0
1729,24,pentagon,1407,765,36554,confirmed,1.0
1729,28,rectangle,1657,442,27679,confirmed,0.978
1729,31,circle,1048,364,32708,confirmed,1.0
1729,33,trapezoid,1504,437,27603,confirmed,0.484
1729,34,triangle,1444,591,18360,confirmed,0.667
1730,24,pentagon,1407,765,36549,confirmed,1.0
1730,28,rectangle,1658,443,25805,confirmed,0.978
1730,31,circle,1019,384,32686,confirmed,1.0
1730,33,trapezoid,1512,407,22444,confirmed,0.469
1730,34,triangle,1443,588,20337,confirmed,0.5
1731,24,pentagon,1406,765,36531,confirmed,1.0
1731,28,rectangle,1660,444,25309,confirmed,0.978
1731,31,circle,1002,410,32672,confirmed,1.0
1731,33,trapezoid,1525,370,21286,confirmed,0.469
1731,34,triangle,1443,583,20642,confirmed,0.6
1732,24,pentagon,1405,765,36515,confirmed,1.0
1732,28,rectangle,1659,470,20293,confirmed,0.978
1732,31,circle,989,435,32694,confirmed,1.0
1732,33,trapezoid,1537,333,23529,confirmed,0.469
1732,34,triangle,1442,582,20666,confirmed,0.667
1733,24,pentagon,1405,765,36501,confirmed,1.0
1733,28,rectangle,1659,470,27532,confirmed,0.978
1733,31,circle,990,460,32688,confirmed,1.0
1733,33,trapezoid,1547,297,23087,confirmed,0.469
1733,34,triangle,1442,582,20720,confirmed,0.714
1734,24,pentagon,1404,765,36494,confirmed,1.0
1734,28,rectangle,1658,449,29890,confirmed,0.978
1734,31,circle,999,485,32678,confirmed,1.0
1734,33,trapezoid,1556,262,24069,confirmed,0.455
1734,34,triangle,1441,582,20776,confirmed,0.75
1735,24,pentagon,1403,765,36465,confirmed,1.0
1735,28,rectangle,1658,442,29786,confirmed,0.978
1735,31,circle,1009,510,32680,confirmed,1.0
1735,33,trapezoid,1566,226,22639,confirmed,0.455
1735,34,triangle,1441,582,20821,confirmed,0.778
1736,24,pentagon,1403,765,36459,confirmed,1.0
1736,28,rectangle,1659,441,29844,confirmed,0.978
1736,31,circle,1021,534,32709,confirmed,1.0
1736,33,trapezoid,1571,234,23541,confirmed,0.441
1736,34,triangle,1440,582,20739,confirmed,0.8
1737,24,pentagon,1402,766,36643,confirmed,1.0
1737,28,rectangle,1660,445,28309,confirmed,0.978
1737,31,circle,1037,557,32672,confirmed,1.0
1737,33,trapezoid,1576,242,22028,confirmed,0.441
1737,34,triangle,1440,581,20775,confirmed,0.818
1738,24,pentagon,1402,766,36606,confirmed,1.0
1738,28,rectangle,1661,447,24538,confirmed,0.978
1738,31,circle,1060,579,32698,confirmed,1.0
1738,33,trapezoid,1578,267,24025,confirmed,0.441
1738,34,triangle,1440,581,20820,confirmed,0.833
1739,24,pentagon,1401,766,36590,confirmed,1.0
1739,28,rectangle,1662,448,24538,coasting,0.978
1739,31,circle,1092,596,32675,confirmed,1.0
1739,33,trapezoid,1574,342,23067,confirmed,0.429
1739,34,triangle,1439,581,20871,confirmed,0.846
1740,24,pentagon,1400,766,36581,confirmed,1.0
1740,28,rectangle,1663,448,24538,coasting,0.978
1740,31,circle,1134,603,32695,confirmed,1.0
1740,33,trapezoid,1574,394,22467,confirmed,0.417
1740,34,triangle,1439,581,20896,confirmed,0.857
1741,24,pentagon,1400,766,36555,confirmed,1.0
1741,28,rectangle,1664,449,24538,coasting,0.978
1741,31,circle,1178,599,32672,confirmed,1.0
1741,33,trapezoid,1582,439,26876,confirmed,0.432
1741,34,triangle,1439,581,20679,confirmed,0.867
1742,24,pentagon,1400,766,36562,confirmed,1.0
1742,28,rectangle,1665,450,24538,coasting,0.978
1742,31,circle,1222,590,32696,confirmed,1.0
1742,33,trapezoid,1588,479,26864,confirmed,0.447
1742,34,triangle,1438,581,20575,confirmed,0.875
1743,24,pentagon,1399,767,36528,confirmed,1.0
1743,28,rectangle,1666,450,24538,coasting,0.978
1743,31,circle,1255,574,32707,confirmed,1.0
1743,33,trapezoid,1592,519,27827,confirmed,0.447
1743,34,triangle,1437,581,20131,confirmed,0.875
1744,24,pentagon,1399,767,36569,confirmed,1.0
1744,28,rectangle,1666,443,23282,confirmed,0.978
1744,31,circle,1280,553,32667,confirmed,1.0
1744,33,trapezoid,1597,558,27239,confirmed,0.447
1744,34,triangle,1437,580,20131,coasting,0.875
1745,24,pentagon,1398,767,36575,confirmed,1.0
1745,28,rectangle,1666,438,27114,confirmed,0.978
1745,31,circle,1301,530,32700,confirmed,1.0
1745,33,trapezoid,1603,596,27205,confirmed,0.447
1745,34,triangle,1436,580,20131,coasting,0.875
1746,24,pentagon,1398,767,36575,confirmed,1.0
1746,28,rectangle,1663,440,29914,confirmed,0.978
1746,31,circle,1322,508,32665,confirmed,1.0
1746,33,trapezoid,1608,631,28418,confirmed,0.447
1746,34,triangle,1436,580,20131,coasting,0.875
1747,24,pentagon,1397,767,36550,confirmed,1.0
1747,28,rectangle,1662,440,29916,confirmed,0.978
1747,31,circle,1341,485,32706,confirmed,1.0
1747,33,trapezoid,1613,667,27252,confirmed,0.447
1747,34,triangle,1435,580,20131,coasting,0.875
1748,24,pentagon,1397,767,36528,confirmed,1.0
1748,28,rectangle,1662,441,29916,confirmed,0.978
1748,31,circle,1357,461,32657,confirmed,1.0
1748,33,trapezoid,1618,703,27252,coasting,0.447
1748,34,triangle,1436,584,17229,confirmed,0.875
1749,24,pentagon,1397,767,36533,confirmed,1.0
1749,28,rectangle,1662,441,29916,confirmed,0.978
1749,31,circle,1370,437,32671,confirmed,1.0
1749,33,trapezoid,1621,739,29582,confirmed,0.447
1749,34,triangle,1436,587,18225,confirmed,0.875
1750,24,pentagon,1396,767,36531,confirmed,1.0
1750,28,rectangle,1663,440,29837,confirmed,0.978
1750,31,circle,1379,413,32685,confirmed,1.0
1750,33,trapezoid,1625,774,27627,confirmed,0.447
1750,34,triangle,1437,587,19411,confirmed,0.824
1751,24,pentagon,1396,767,36519,confirmed,1.0
1751,28,rectangle,1663,440,29837,confirmed,0.978
1751,31,circle,1385,388,32678,confirmed,1.0
1751,33,trapezoid,1630,812,27897,confirmed,0.447
1751,34,triangle,1436,583,20352,confirmed,0.833
1752,24,pentagon,1396,767,36525,confirmed,1.0
1752,28,rectangle,1663,440,29837,confirmed,0.978
1752,31,circle,1388,363,32696,confirmed,1.0
1752,33,trapezoid,1637,852,28045,confirmed,0.447
1752,34,triangle,1436,580,20827,confirmed,0.842
1753,24,pentagon,1395,767,36525,confirmed,1.0
1753,28,rectangle,1663,440,29837,confirmed,0.978
1753,31,circle,1387,339,32654,confirmed,1.0
1753,33,trapezoid,1643,890,22780,confirmed,0.447
1753,34,triangle,1436,580,20862,confirmed,0.85
1754,24,pentagon,1395,767,36532,confirmed,1.0
1754,28,rectangle,1663,440,29837,confirmed,0.978
1754,31,circle,1384,314,32655,confirmed,1.0
1754,33,trapezoid,1650,931,20734,confirmed,0.447
1754,34,triangle,1436,580,20886,confirmed,0.857
1755,24,pentagon,1395,767,36517,confirmed,1.0
1755,28,rectangle,1663,440,29837,confirmed,0.978
1755,31,circle,1376,289,32687,confirmed,1.0
1755,33,trapezoid,1657,970,27837,confirmed,0.447
1755,34,triangle,1435,580,20910,confirmed,0.864
1756,24,pentagon,1395,767,36520,confirmed,1.0
1756,28,rectangle,1664,440,29775,confirmed,0.978
1756,31,circle,1365,265,32688,confirmed,1.0
1756,33,trapezoid,1664,1010,29618,confirmed,0.447
1756,34,triangle,1435,580,20938,confirmed,0.87
1757,24,pentagon,1394,767,36535,confirmed,1.0
1757,28,rectangle,1664,440,29791,confirmed,0.978
1757,31,circle,1350,242,32689,confirmed,1.0
1757,33,trapezoid,1670,1042,20972,confirmed,0.447
1757,34,triangle,1435,580,20943,confirmed,0.875
1758,24,pentagon,1394,767,36526,confirmed,1.0
1758,28,rectangle,1664,440,29791,confirmed,0.978
1758,31,circle,1331,220,32661,confirmed,1.0
1758,33,trapezoid,1679,1064,15525,confirmed,0.447
1758,34,triangle,1435,580,20951,confirmed,0.88
1759,24,pentagon,1394,767,36524,confirmed,1.0
1759,28,rectangle,1664,440,29791,confirmed,0.978
1759,31,circle,1306,199,32661,confirmed,1.0
1759,33,trapezoid,1690,1068,24011,confirmed,0.447
1759,34,triangle,1435,579,20971,confirmed,0.885
1760,24,pentagon,1394,767,36526,confirmed,1.0
1760,28,rectangle,1664,440,29791,confirmed,0.978
1760,31,circle,1273,183,32685,confirmed,1.0
1760,33,trapezoid,1701,1051,27325,confirmed,0.447
1760,34,triangle,1435,580,20985,confirmed,0.889
1761,24,pentagon,1394,767,36522,confirmed,1.0
1761,28,rectangle,1664,440,29791,confirmed,0.978
1761,31,circle,1231,182,32692,confirmed,1.0
1761,33,trapezoid,1712,1017,27205,confirmed,0.447
1761,34,triangle,1435,579,20727,confirmed,0.893
1762,24,pentagon,1393,767,36516,confirmed,1.0
1762,28,rectangle,1664,440,29791,confirmed,0.978
1762,31,circle,1208,202,32674,confirmed,1.0
1762,33,trapezoid,1723,968,23478,confirmed,0.447
1762,34,triangle,1434,579,20736,confirmed,0.897
1763,24,pentagon,1393,767,36516,confirmed,1.0
1763,28,rectangle,1664,440,29791,confirmed,0.978
1763,31,circle,1195,228,32673,confirmed,1.0
1763,33,trapezoid,1732,914,27256,confirmed,0.447
1763,34,triangle,1434,579,20735,confirmed,0.9
1764,24,pentagon,1393,767,36509,confirmed,1.0
1764,28,rectangle,1664,440,29791,confirmed,0.978
1764,31,circle,1196,255,32716,confirmed,1.0
1764,33,trapezoid,1738,859,27751,confirmed,0.447
1764,34,triangle,1434,579,20757,confirmed,0.903
1765,24,pentagon,1393,767,36523,confirmed,1.0
1765,28,rectangle,1664,440,29791,confirmed,0.978
1765,31,circle,1203,282,32678,confirmed,1.0
1765,33,trapezoid,1744,806,27450,confirmed,0.447
1765,34,triangle,1434,579,20772,confirmed,0.906
1766,24,pentagon,1393,767,36518,confirmed,1.0
1766,28,rectangle,1665,438,30027,confirmed,0.978
1766,31,circle,1213,307,32671,confirmed,1.0
1766,33,trapezoid,1750,761,27001,confirmed,0.462
1766,34,triangle,1434,579,20758,confirmed,0.909
1767,24,pentagon,1393,767,36527,confirmed,1.0
1767,28,rectangle,1665,438,30027,confirmed,0.978
1767,31,circle,1229,330,32709,confirmed,1.0
1767,33,trapezoid,1755,717,23276,confirmed,0.462
1767,34,triangle,1434,579,20779,confirmed,0.912
1768,24,pentagon,1393,767,36526,confirmed,1.0
1768,28,rectangle,1665,438,30027,confirmed,0.978
1768,31,circle,1256,350,32665,confirmed,1.0
1768,33,trapezoid,1760,675,23276,confirmed,0.462
1768,34,triangle,1434,579,20777,confirmed,0.914
1769,24,pentagon,1393,767,36530,confirmed,1.0
1769,28,rectangle,1665,438,30027,confirmed,0.978
1769,31,circle,1291,366,32719,confirmed,1.0
1769,33,trapezoid,1765,638,26948,confirmed,0.462
1769,34,triangle,1434,579,20779,confirmed,0.917
1770,24,pentagon,1392,767,36547,confirmed,1.0
1770,28,rectangle,1665,438,29683,confirmed,0.978
1770,31,circle,1329,375,32655,confirmed,1.0
1770,33,trapezoid,1768,600,27930,confirmed,0.462
1770,34,triangle,1434,578,20749,confirmed,0.919
1771,24,pentagon,1392,767,36556,confirmed,1.0
1771,28,rectangle,1664,437,27605,confirmed,0.978
1771,31,circle,1358,361,32699,confirmed,1.0
1771,33,trapezoid,1773,564,27597,confirmed,0.462
1771,34,triangle,1434,578,20750,confirmed,0.921
1772,24,pentagon,1392,767,36553,confirmed,1.0
1772,28,rectangle,1662,434,25616,confirmed,0.978
1772,31,circle,1368,335,32685,confirmed,1.0
1772,33,trapezoid,1782,529,30419,confirmed,0.462
1772,34,triangle,1434,578,20765,confirmed,0.923
1773,24,pentagon,1392,767,36546,confirmed,1.0
1773,28,rectangle,1660,431,23543,confirmed,0.978
1773,31,circle,1369,309,32677,confirmed,1.0
1773,33,trapezoid,1788,494,27563,confirmed,0.462
1773,34,triangle,1434,578,20765,confirmed,0.925
1774,24,pentagon,1392,767,36554,confirmed,1.0
1774,28,rectangle,1657,428,21264,confirmed,0.978
1774,31,circle,1366,282,32666,confirmed,1.0
1774,33,trapezoid,1792,460,27390,confirmed,0.462
1774,34,triangle,1434,578,20766,confirmed,0.927
1775,24,pentagon,1392,767,36552,confirmed,1.0
1775,28,rectangle,1654,425,21264,coasting,0.978
1775,31,circle,1359,256,32660,confirmed,1.0
1775,33,trapezoid,1793,425,26717,confirmed,0.462
1775,34,triangle,1434,578,20768,confirmed,0.929
1776,24,pentagon,1392,767,36556,confirmed,1.0
1776,28,rectangle,1655,430,23766,confirmed,0.978
1776,31,circle,1350,231,32717,confirmed,1.0
1776,33,trapezoid,1794,388,22570,confirmed,0.462
1776,34,triangle,1434,578,20769,confirmed,0.93
1777,24,pentagon,1392,767,36557,confirmed,1.0
1777,28,rectangle,1656,436,25520,confirmed,0.978
1777,31,circle,1339,207,32644,confirmed,1.0
1777,33,trapezoid,1795,352,27555,confirmed,0.462
1777,34,triangle,1434,578,20772,confirmed,0.932
1778,24,pentagon,1392,767,36558,confirmed,1.0
1778,28,rectangle,1659,440,27530,confirmed,0.978
1778,31,circle,1325,183,32719,confirmed,1.0
1778,33,trapezoid,1799,314,29509,confirmed,0.462
1778,34,triangle,1434,578,20771,confirmed,0.933
1779,24,pentagon,1392,767,36563,confirmed,1.0
1779,28,rectangle,1664,441,29632,confirmed,0.978
1779,31,circle,1309,160,32671,confirmed,1.0
1779,33,trapezoid,1796,274,35890,confirmed,0.462
1779,34,triangle,1434,578,20779,confirmed,0.933
1780,24,pentagon,1392,767,36563,confirmed,1.0
1780,28,rectangle,1665,439,29951,confirmed,0.978
1780,31,circle,1285,139,32666,confirmed,1.0
1780,33,trapezoid,1798,235,23429,confirmed,0.462
1780,34,triangle,1434,578,20780,confirmed,0.933
1781,24,pentagon,1392,767,36556,confirmed,1.0
1781,28,rectangle,1666,438,29951,confirmed,0.978
1781,31,circle,1249,124,32694,confirmed,1.0
1781,33,trapezoid,1800,204,27248,confirmed,0.462
1781,34,triangle,1434,578,20779,confirmed,0.956
1782,24,pentagon,1392,767,36552,confirmed,1.0
1782,28,rectangle,1665,438,29951,confirmed,0.978
1782,31,circle,1208,114,32697,confirmed,1.0
1782,33,trapezoid,1797,197,38194,confirmed,0.462
1782,34,triangle,1434,578,20774,confirmed,0.978
1783,24,pentagon,1392,767,36553,confirmed,1.0
1783,28,rectangle,1665,439,28007,confirmed,0.978
1783,31,circle,1164,114,32642,confirmed,1.0
1783,33,trapezoid,1795,215,34864,confirmed,0.462
1783,34,triangle,1434,578,20774,confirmed,0.978
1784,24,pentagon,1392,767,36556,confirmed,1.0
1784,28,rectangle,1664,442,24624,confirmed,0.978
1784,31,circle,1124,125,32681,confirmed,1.0
1784,33,trapezoid,1784,254,22308,confirmed,0.462
1784,34,triangle,1434,578,20775,confirmed,0.978
1785,24,pentagon,1392,767,36555,confirmed,1.0
1785,28,rectangle,1663,444,24624,coasting,0.978
1785,31,circle,1094,145,32728,confirmed,1.0
1785,33,trapezoid,1770,306,27253,confirmed,0.462
1785,34,triangle,1434,578,20774,confirmed,0.978
1786,24,pentagon,1392,767,36554,confirmed,1.0
1786,28,rectangle,1662,446,24624,coasting,0.978
1786,31,circle,1078,169,32706,confirmed,1.0
1786,33,trapezoid,1752,364,27039,confirmed,0.462
1786,34,triangle,1434,578,20774,confirmed,0.978
1787,24,pentagon,1392,767,36554,confirmed,1.0
1787,28,rectangle,1662,447,24624,coasting,0.978
1787,31,circle,1076,195,32680,confirmed,1.0
1787,33,trapezoid,1736,406,21747,confirmed,0.462
1787,34,triangle,1434,578,20770,confirmed,0.978
1788,24,pentagon,1392,767,36554,confirmed,1.0
1788,28,rectangle,1662,462,15828,confirmed,0.978
1788,31,circle,1093,215,32665,confirmed,1.0
1788,33,trapezoid,1725,422,27972,confirmed,0.462
1788,34,triangle,1434,578,20770,confirmed,0.978
1789,24,pentagon,1392,767,36554,confirmed,1.0
1789,28,rectangle,1663,475,15828,confirmed,0.978
1789,31,circle,1100,218,32664,confirmed,1.0
1789,33,trapezoid,1719,423,27973,confirmed,0.462
1789,34,triangle,1434,578,20770,confirmed,0.978
1790,24,pentagon,1392,767,36554,confirmed,1.0
1790,28,rectangle,1663,486,15828,confirmed,0.978
1790,31,circle,1102,217,32664,confirmed,1.0
1790,33,trapezoid,1718,414,27973,confirmed,0.462
1790,34,triangle,1434,578,20770,confirmed,0.978
1791,24,pentagon,1392,767,36554,confirmed,1.0
1791,28,rectangle,1664,493,15828,confirmed,0.978
1791,31,circle,1102,216,32664,confirmed,1.0
1791,33,trapezoid,1720,401,27973,confirmed,0.462
1791,34,triangle,1434,578,20770,confirmed,0.978
1792,24,pentagon,1392,767,36554,confirmed,1.0
1792,28,rectangle,1664,496,15828,confirmed,0.978
1792,31,circle,1101,215,32664,confirmed,1.0
1792,33,trapezoid,1723,386,27973,confirmed,0.462
1792,34,triangle,1434,578,20770,confirmed,0.978
1793,24,pentagon,1392,767,36554,confirmed,1.0
1793,28,rectangle,1664,497,15828,confirmed,0.978
1793,31,circle,1101,214,32664,confirmed,1.0
1793,33,trapezoid,1727,374,27973,confirmed,0.462
1793,34,triangle,1434,578,20770,confirmed,0.978
1794,24,pentagon,1392,767,36554,confirmed,1.0
1794,28,rectangle,1664,495,15828,confirmed,0.978
1794,31,circle,1101,214,32664,confirmed,1.0
1794,33,trapezoid,1731,365,27973,confirmed,0.462
1794,34,triangle,1434,578,20770,confirmed,0.978
1795,24,pentagon,1392,767,36554,confirmed,1.0
1795,28,rectangle,1664,492,15828,confirmed,0.978
1795,31,circle,1101,214,32664,confirmed,1.0
1795,33,trapezoid,1734,360,27973,confirmed,0.462
1795,34,triangle,1434,578,20770,confirmed,1.0
1796,24,pentagon,1392,767,36554,confirmed,1.0
1796,28,rectangle,1664,490,15828,confirmed,0.978
1796,31,circle,1101,214,32664,confirmed,1.0
1796,33,trapezoid,1735,358,27973,confirmed,0.462
1796,34,triangle,1434,578,20770,confirmed,1.0
1797,24,pentagon,1392,767,36554,confirmed,1.0
1797,28,rectangle,1664,487,15828,confirmed,0.978
1797,31,circle,1101,214,32664,confirmed,1.0
1797,33,trapezoid,1736,359,27973,confirmed,0.462
1797,34,triangle,1434,578,20770,confirmed,1.0
1798,24,pentagon,1392,767,36554,confirmed,1.0
1798,28,rectangle,1664,485,15828,confirmed,0.978
1798,31,circle,1101,214,32664,confirmed,1.0
1798,33,trapezoid,1736,361,27973,confirmed,0.462
1798,34,triangle,1434,578,20770,confirmed,1.0
1799,24,pentagon,1392,767,36554,confirmed,1.0
1799,28,rectangle,1664,484,15828,confirmed,0.978
1799,31,circle,1101,214,32664,confirmed,1.0
1799,33,trapezoid,1735,364,27973,confirmed,0.462
1799,34,triangle,1434,578,20770,confirmed,1.0
1800,24,pentagon,1392,767,36548,confirmed,1.0
1800,28,rectangle,1664,484,15714,confirmed,0.978
1800,31,circle,1101,215,32655,confirmed,1.0
1800,33,trapezoid,1734,366,27577,confirmed,0.462
1800,34,triangle,1434,578,20793,confirmed,1.0
1801,24,pentagon,1392,767,36548,confirmed,1.0
1801,28,rectangle,1664,484,15716,confirmed,0.978
1801,31,circle,1101,215,32658,confirmed,1.0
1801,33,trapezoid,1732,367,27527,confirmed,0.462
1801,34,triangle,1434,578,20793,confirmed,1.0
1802,24,pentagon,1392,767,36548,confirmed,1.0
1802,28,rectangle,1664,484,15716,confirmed,0.978
1802,31,circle,1101,215,32658,confirmed,1.0
1802,33,trapezoid,1730,367,27527,confirmed,0.462
1802,34,triangle,1434,578,20793,confirmed,1.0
1803,24,pentagon,1392,767,36548,confirmed,1.0
1803,28,rectangle,1664,485,15716,confirmed,0.978
1803,31,circle,1101,215,32658,confirmed,1.0
1803,33,trapezoid,1729,368,27527,confirmed,0.462
1803,34,triangle,1434,578,20793,confirmed,1.0
1804,24,pentagon,1392,767,36548,confirmed,1.0
1804,28,rectangle,1664,486,15716,confirmed,0.978
1804,31,circle,1101,215,32658,confirmed,1.0
1804,33,trapezoid,1729,367,27527,confirmed,0.462
1804,34,triangle,1434,578,20793,confirmed,1.0
1805,24,pentagon,1392,767,36548,confirmed,1.0
1805,28,rectangle,1664,486,15716,confirmed,0.978
1805,31,circle,1101,215,32658,confirmed,1.0
1805,33,trapezoid,1729,367,27527,confirmed,0.462
1805,34,triangle,1434,578,20793,confirmed,1.0
1806,24,pentagon,1392,767,36548,confirmed,1.0
1806,28,rectangle,1664,486,15716,confirmed,0.978
1806,31,circle,1101,215,32658,confirmed,1.0
1806,33,trapezoid,1729,367,27527,confirmed,0.462
1806,34,triangle,1434,578,20793,confirmed,1.0
1807,24,pentagon,1392,767,36548,confirmed,1.0
1807,28,rectangle,1664,486,15716,confirmed,0.978
1807,31,circle,1101,215,32658,confirmed,1.0
1807,33,trapezoid,1729,366,27527,confirmed,0.462
1807,34,triangle,1434,578,20793,confirmed,1.0
1808,24,pentagon,1392,767,36548,confirmed,1.0
1808,28,rectangle,1664,486,15716,confirmed,0.978
1808,31,circle,1101,215,32658,confirmed,1.0
1808,33,trapezoid,1729,366,27527,confirmed,0.462
1808,34,triangle,1434,578,20793,confirmed,1.0
1809,24,pentagon,1392,767,36548,confirmed,1.0
1809,28,rectangle,1664,486,15716,confirmed,0.978
1809,31,circle,1101,215,32658,confirmed,1.0
1809,33,trapezoid,1730,366,27527,confirmed,0.462
1809,34,triangle,1434,578,20793,confirmed,1.0
1810,24,pentagon,1392,767,36548,confirmed,1.0
1810,28,rectangle,1664,486,15716,confirmed,0.978
1810,31,circle,1101,215,32658,confirmed,1.0
1810,33,trapezoid,1730,366,27527,confirmed,0.462
1810,34,triangle,1434,578,20793,confirmed,1.0
1811,24,pentagon,1392,767,36548,confirmed,1.0
1811,28,rectangle,1664,486,15716,confirmed,0.978
1811,31,circle,1101,215,32658,confirmed,1.0
1811,33,trapezoid,1730,366,27527,confirmed,0.462
1811,34,triangle,1434,578,20793,confirmed,1.0
1812,24,pentagon,1392,767,36548,confirmed,1.0
1812,28,rectangle,1664,486,15716,confirmed,0.978
1812,31,circle,1101,215,32658,confirmed,1.0
1812,33,trapezoid,1730,366,27527,confirmed,0.462
1812,34,triangle,1434,578,20793,confirmed,1.0
1813,24,pentagon,1392,767,36548,confirmed,1.0
1813,28,rectangle,1664,486,15716,confirmed,0.978
1813,31,circle,1101,215,32658,confirmed,1.0
1813,33,trapezoid,1730,366,27527,confirmed,0.462
1813,34,triangle,1434,578,20793,confirmed,1.0
1814,24,pentagon,1392,767,36548,confirmed,1.0
1814,28,rectangle,1664,486,15716,confirmed,0.978
1814,31,circle,1101,215,32658,confirmed,1.0
1814,33,trapezoid,1730,366,27527,confirmed,0.462
1814,34,triangle,1434,578,20793,confirmed,1.0
1815,24,pentagon,1392,767,36548,confirmed,1.0
1815,28,rectangle,1664,486,15716,confirmed,0.978
1815,31,circle,1101,215,32658,confirmed,1.0
1815,33,trapezoid,1730,366,27527,confirmed,0.462
1815,34,triangle,1434,578,20793,confirmed,1.0
1816,24,pentagon,1392,767,36548,confirmed,1.0
1816,28,rectangle,1664,486,15716,confirmed,0.978
1816,31,circle,1101,215,32658,confirmed,1.0
1816,33,trapezoid,1730,366,27527,confirmed,0.462
1816,34,triangle,1434,578,20793,confirmed,1.0
1817,24,pentagon,1392,767,36548,confirmed,1.0
1817,28,rectangle,1664,486,15716,confirmed,0.978
1817,31,circle,1101,215,32658,confirmed,1.0
1817,33,trapezoid,1730,366,27527,confirmed,0.462
1817,34,triangle,1434,578,20793,confirmed,1.0
1818,24,pentagon,1392,767,36548,confirmed,1.0
1818,28,rectangle,1664,486,15716,confirmed,0.978
1818,31,circle,1101,215,32658,confirmed,1.0
1818,33,trapezoid,1730,366,27527,confirmed,0.462
1818,34,triangle,1434,578,20793,confirmed,1.0
1819,24,pentagon,1392,767,36548,confirmed,1.0
1819,28,rectangle,1664,486,15716,confirmed,0.978
1819,31,circle,1101,215,32658,confirmed,1.0
1819,33,trapezoid,1730,366,27527,confirmed,0.462
1819,34,triangle,1434,578,20793,confirmed,1.0
1820,24,pentagon,1392,767,36548,confirmed,1.0
1820,28,rectangle,1664,486,15716,confirmed,0.978
1820,31,circle,1101,215,32658,confirmed,1.0
1820,33,trapezoid,1730,366,27527,confirmed,0.462
1820,34,triangle,1434,578,20793,confirmed,1.0
1821,24,pentagon,1392,767,36548,confirmed,1.0
1821,28,rectangle,1664,486,15716,confirmed,0.978
1821,31,circle,1101,215,32658,confirmed,1.0
1821,33,trapezoid,1730,366,27527,confirmed,0.462
1821,34,triangle,1434,578,20793,confirmed,1.0
1822,24,pentagon,1392,767,36548,confirmed,1.0
1822,28,rectangle,1664,486,15716,confirmed,0.978
1822,31,circle,1101,215,32658,confirmed,1.0
1822,33,trapezoid,1730,366,27527,confirmed,0.462
1822,34,triangle,1434,578,20793,confirmed,1.0
1823,24,pentagon,1392,767,36548,confirmed,1.0
1823,28,rectangle,1664,486,15716,confirmed,0.978
1823,31,circle,1101,215,32658,confirmed,1.0
1823,33,trapezoid,1730,366,27527,confirmed,0.462
1823,34,triangle,1434,578,20793,confirmed,1.0
1824,24,pentagon,1392,767,36548,confirmed,1.0
1824,28,rectangle,1664,486,15716,confirmed,0.978
1824,31,circle,1101,215,32658,confirmed,1.0
1824,33,trapezoid,1730,366,27527,confirmed,0.462
1824,34,triangle,1434,578,20793,confirmed,1.0
1825,24,pentagon,1392,767,36548,confirmed,1.0
1825,28,rectangle,1664,486,15716,confirmed,0.978
1825,31,circle,1101,215,32658,confirmed,1.0
1825,33,trapezoid,1730,366,27527,confirmed,0.462
1825,34,triangle,1434,578,20793,confirmed,1.0
1826,24,pentagon,1392,767,36548,confirmed,1.0
1826,28,rectangle,1664,486,15716,confirmed,0.978
1826,31,circle,1101,215,32658,confirmed,1.0
1826,33,trapezoid,1730,366,27527,confirmed,0.462
1826,34,triangle,1434,578,20793,confirmed,1.0
1827,24,pentagon,1392,767,36548,confirmed,1.0
1827,28,rectangle,1664,486,15716,confirmed,0.978
1827,31,circle,1101,215,32658,confirmed,1.0
1827,33,trapezoid,1730,366,27527,confirmed,0.462
1827,34,triangle,1434,578,20793,confirmed,1.0
1828,24,pentagon,1392,767,36548,confirmed,1.0
1828,28,rectangle,1664,486,15716,confirmed,0.978
1828,31,circle,1101,215,32658,confirmed,1.0
1828,33,trapezoid,1730,366,27527,confirmed,0.462
1828,34,triangle,1434,578,20793,confirmed,1.0
1829,24,pentagon,1392,767,36548,confirmed,1.0
1829,28,rectangle,1664,486,15716,confirmed,0.978
1829,31,circle,1101,215,32658,confirmed,1.0
1829,33,trapezoid,1730,366,27527,confirmed,0.462
1829,34,triangle,1434,578,20793,confirmed,1.0
1830,24,pentagon,1392,767,36548,confirmed,1.0
1830,28,rectangle,1664,486,15714,confirmed,0.978
1830,31,circle,1101,215,32655,confirmed,1.0
1830,33,trapezoid,1730,366,27577,confirmed,0.462
1830,34,triangle,1434,578,20793,confirmed,1.0
1831,24,pentagon,1392,767,36548,confirmed,1.0
1831,28,rectangle,1664,486,15716,confirmed,0.978
1831,31,circle,1101,215,32658,confirmed,1.0
1831,33,trapezoid,1730,366,27527,confirmed,0.462
1831,34,triangle,1434,578,20793,confirmed,1.0
1832,24,pentagon,1392,767,36548,confirmed,1.0
1832,28,rectangle,1664,486,15716,confirmed,0.978
1832,31,circle,1101,215,32658,confirmed,1.0
1832,33,trapezoid,1730,366,27527,confirmed,0.462
1832,34,triangle,1434,578,20793,confirmed,1.0
1833,24,pentagon,1392,767,36548,confirmed,1.0
1833,28,rectangle,1664,486,15716,confirmed,0.978
1833,31,circle,1101,215,32658,confirmed,1.0
1833,33,trapezoid,1730,366,27527,confirmed,0.462
1833,34,triangle,1434,578,20793,confirmed,1.0
1834,24,pentagon,1392,767,36548,confirmed,1.0
1834,28,rectangle,1664,486,15716,confirmed,0.978
1834,31,circle,1101,215,32658,confirmed,1.0
1834,33,trapezoid,1730,366,27527,confirmed,0.462
1834,34,triangle,1434,578,20793,confirmed,1.0
1835,24,pentagon,1392,767,36548,confirmed,1.0
1835,28,rectangle,1664,486,15716,confirmed,0.978
1835,31,circle,1101,215,32658,confirmed,1.0
1835,33,trapezoid,1730,366,27527,confirmed,0.462
1835,34,triangle,1434,578,20793,confirmed,1.0
1836,24,pentagon,1392,767,36548,confirmed,1.0
1836,28,rectangle,1664,486,15716,confirmed,0.978
1836,31,circle,1101,215,32658,confirmed,1.0
1836,33,trapezoid,1730,366,27527,confirmed,0.462
1836,34,triangle,1434,578,20793,confirmed,1.0
