frame,track_id,shape,cx,cy,area,state,confidence
0,1,pentagon,1365,773,36186,confirmed,1.0
0,2,circle,1057,191,32438,confirmed,1.0
0,3,rectangle,370,236,29861,confirmed,1.0
0,4,trapezoid,1738,392,27091,confirmed,1.0
0,5,triangle,608,722,20563,confirmed,1.0
1,1,pentagon,1365,773,36186,confirmed,1.0
1,2,circle,1023,186,32434,confirmed,1.0
1,3,rectangle,370,236,29861,confirmed,1.0
1,4,trapezoid,1746,422,27101,confirmed,1.0
1,5,triangle,608,722,20563,confirmed,1.0
2,1,pentagon,1365,773,36186,confirmed,1.0
2,2,circle,977,184,32445,confirmed,1.0
2,3,rectangle,370,236,29861,confirmed,1.0
2,4,trapezoid,1756,461,27018,confirmed,1.0
2,5,triangle,608,722,20563,confirmed,1.0
3,1,pentagon,1365,773,36186,confirmed,1.0
3,2,circle,931,188,32382,confirmed,1.0
3,3,rectangle,370,236,29861,confirmed,1.0
3,4,trapezoid,1767,502,27045,confirmed,1.0
3,5,triangle,608,722,20563,confirmed,1.0
4,1,pentagon,1365,773,36186,confirmed,1.0
4,2,circle,888,198,32389,confirmed,1.0
4,3,rectangle,370,236,29861,confirmed,1.0
4,4,trapezoid,1778,541,27152,confirmed,1.0
4,5,triangle,608,722,20563,confirmed,1.0
5,1,pentagon,1365,773,36186,confirmed,1.0
5,2,circle,855,215,32398,confirmed,1.0
5,3,rectangle,370,236,29861,confirmed,1.0
5,4,trapezoid,1787,580,27061,confirmed,1.0
5,5,triangle,608,722,20563,confirmed,1.0
6,1,pentagon,1365,773,36186,confirmed,1.0
6,2,circle,831,236,32410,confirmed,1.0
6,3,rectangle,370,236,29861,confirmed,1.0
6,4,trapezoid,1798,617,27139,confirmed,1.0
6,5,triangle,608,722,20563,confirmed,1.0
7,1,pentagon,1365,773,36185,confirmed,1.0
7,2,circle,810,259,32379,confirmed,1.0
7,3,rectangle,370,236,29861,confirmed,1.0
7,4,trapezoid,1811,655,26772,confirmed,1.0
7,5,triangle,608,722,20563,confirmed,1.0
8,1,pentagon,1365,773,36186,confirmed,1.0
8,2,circle,795,283,32411,confirmed,1.0
8,3,rectangle,370,236,29861,confirmed,1.0
8,4,trapezoid,1823,691,25513,confirmed,1.0
8,5,triangle,608,722,20563,confirmed,1.0
9,1,pentagon,1365,773,36186,confirmed,1.0
9,2,circle,781,307,32382,confirmed,1.0
9,3,rectangle,370,236,29861,confirmed,1.0
9,4,trapezoid,1834,728,23357,confirmed,1.0
9,5,triangle,608,722,20563,confirmed,1.0
10,1,pentagon,1365,773,36186,confirmed,1.0
10,2,circle,767,331,32380,confirmed,1.0
10,3,rectangle,370,236,29861,confirmed,1.0
10,4,trapezoid,1844,765,21728,confirmed,1.0
10,5,triangle,608,722,20563,confirmed,1.0
11,1,pentagon,1365,773,36186,confirmed,1.0
11,2,circle,755,355,32385,confirmed,1.0
11,3,rectangle,370,236,29861,confirmed,1.0
11,4,trapezoid,1851,802,19883,confirmed,1.0
11,5,triangle,608,722,20563,confirmed,1.0
12,1,pentagon,1365,773,36190,confirmed,1.0
12,2,circle,746,379,32399,confirmed,1.0
12,3,rectangle,370,236,29861,confirmed,1.0
12,4,trapezoid,1858,839,17920,confirmed,1.0
12,5,triangle,608,722,20563,confirmed,1.0
13,1,pentagon,1365,773,36186,confirmed,1.0
13,2,circle,738,404,32381,confirmed,1.0
13,3,rectangle,370,236,29861,confirmed,1.0
13,4,trapezoid,1864,876,15529,confirmed,1.0
13,5,triangle,608,722,20564,confirmed,1.0
14,1,pentagon,1365,773,36189,confirmed,1.0
14,2,circle,731,428,32430,confirmed,1.0
14,3,rectangle,370,236,29861,confirmed,1.0
14,4,trapezoid,1871,900,13345,confirmed,1.0
14,5,triangle,608,722,20568,confirmed,1.0
15,1,pentagon,1365,773,36194,confirmed,1.0
15,2,circle,728,453,32358,confirmed,1.0
15,3,rectangle,370,236,29861,confirmed,1.0
15,4,trapezoid,1877,897,11414,confirmed,1.0
15,5,triangle,608,722,20578,confirmed,1.0
16,1,pentagon,1365,773,36197,confirmed,1.0
16,2,circle,725,478,32361,confirmed,1.0
16,3,rectangle,370,236,29861,confirmed,1.0
16,4,trapezoid,1884,873,9316,confirmed,1.0
16,5,triangle,608,722,20583,confirmed,1.0
17,1,pentagon,1365,773,36206,confirmed,1.0
17,2,circle,723,503,32401,confirmed,1.0
17,3,rectangle,370,236,29861,confirmed,1.0
17,4,trapezoid,1891,832,7059,confirmed,1.0
17,5,triangle,608,722,20586,confirmed,1.0
18,1,pentagon,1365,773,36203,confirmed,1.0
18,2,circle,723,528,32412,confirmed,1.0
18,3,rectangle,370,236,29861,confirmed,1.0
18,4,trapezoid,1898,809,7059,coasting,1.0
18,5,triangle,608,722,20592,confirmed,1.0
19,1,pentagon,1365,773,36208,confirmed,1.0
19,2,circle,724,552,32413,confirmed,1.0
19,3,rectangle,370,236,29861,confirmed,1.0
19,4,trapezoid,1904,789,7059,coasting,1.0
19,5,triangle,608,722,20593,confirmed,1.0
20,1,pentagon,1365,773,36212,confirmed,1.0
20,2,circle,726,577,32394,confirmed,1.0
20,3,rectangle,370,236,29861,confirmed,1.0
20,4,trapezoid,1910,770,7059,coasting,1.0
20,5,triangle,608,722,20590,confirmed,1.0
21,1,pentagon,1365,773,36222,confirmed,1.0
21,2,circle,728,602,32387,confirmed,1.0
21,3,rectangle,368,236,29861,confirmed,1.0
21,4,trapezoid,1915,753,7059,coasting,1.0
21,5,triangle,608,723,20490,confirmed,1.0
22,1,pentagon,1365,773,36232,confirmed,1.0
22,2,circle,729,627,32345,confirmed,1.0
22,3,rectangle,368,236,29861,confirmed,1.0
22,4,trapezoid,1920,738,7059,coasting,1.0
22,5,triangle,608,723,19578,confirmed,1.0
23,1,pentagon,1365,773,36238,confirmed,1.0
23,2,circle,730,652,32321,confirmed,1.0
23,3,rectangle,368,236,29861,confirmed,1.0
23,4,trapezoid,1924,725,7059,coasting,1.0
23,5,triangle,608,723,18185,confirmed,1.0
24,1,pentagon,1365,773,36240,confirmed,1.0
24,2,circle,727,676,32366,confirmed,1.0
24,3,rectangle,368,236,29861,confirmed,1.0
24,4,trapezoid,1927,712,7059,coasting,1.0
24,5,triangle,607,722,15818,confirmed,1.0
25,1,pentagon,1365,773,36256,confirmed,1.0
25,2,circle,720,701,32322,confirmed,1.0
25,3,rectangle,368,236,29861,confirmed,1.0
25,4,trapezoid,1931,701,7059,coasting,1.0
25,5,triangle,601,720,13511,confirmed,1.0
26,1,pentagon,1365,773,36273,confirmed,1.0
26,2,circle,709,725,32349,confirmed,1.0
26,3,rectangle,368,236,29861,confirmed,1.0
26,4,trapezoid,1934,692,7059,coasting,1.0
26,5,triangle,593,717,11655,confirmed,1.0
27,1,pentagon,1365,773,36299,confirmed,1.0
27,2,circle,686,746,32376,confirmed,1.0
27,3,rectangle,368,236,29861,confirmed,1.0
27,4,trapezoid,1936,683,7059,coasting,1.0
27,5,triangle,584,712,8895,confirmed,1.0
28,1,pentagon,1365,773,36335,confirmed,1.0
28,2,circle,654,763,32341,confirmed,1.0
28,3,rectangle,368,236,29861,confirmed,1.0
28,4,trapezoid,1939,675,7059,coasting,1.0
28,5,triangle,577,709,8895,coasting,1.0
29,1,pentagon,1365,773,36342,confirmed,1.0
29,2,circle,616,777,32370,confirmed,1.0
29,3,rectangle,368,238,29575,confirmed,1.0
29,4,trapezoid,1941,667,7059,coasting,1.0
29,5,triangle,571,705,8895,coasting,1.0
30,1,pentagon,1365,772,36355,confirmed,1.0
30,2,circle,573,785,32345,confirmed,1.0
30,3,rectangle,368,238,29575,confirmed,1.0
30,4,trapezoid,1943,661,7059,coasting,1.0
30,5,triangle,590,701,7604,confirmed,1.0
31,1,pentagon,1365,772,36359,confirmed,1.0
31,2,circle,530,792,32350,confirmed,1.0
31,3,rectangle,368,238,29575,confirmed,1.0
31,4,trapezoid,1945,655,7059,coasting,1.0
31,5,triangle,608,701,12705,confirmed,1.0
32,1,pentagon,1365,772,36382,confirmed,1.0
32,2,circle,487,794,32390,confirmed,1.0
32,3,rectangle,368,238,29575,confirmed,1.0
32,4,trapezoid,1946,650,7059,coasting,1.0
32,5,triangle,621,704,16703,confirmed,1.0
33,1,pentagon,1365,771,36127,confirmed,1.0
33,2,circle,444,787,32406,confirmed,1.0
33,3,rectangle,368,238,29575,confirmed,1.0
33,4,trapezoid,1948,645,7059,coasting,1.0
33,5,triangle,619,716,19381,confirmed,0.957
34,1,pentagon,1365,771,36152,confirmed,1.0
34,2,circle,404,777,32392,confirmed,1.0
34,3,rectangle,368,238,29575,confirmed,1.0
34,4,trapezoid,1949,641,7059,coasting,1.0
34,5,triangle,612,722,20768,confirmed,0.958
35,1,pentagon,1365,771,36177,confirmed,1.0
35,2,circle,370,760,32364,confirmed,1.0
35,3,rectangle,368,238,29575,confirmed,1.0
35,4,trapezoid,1950,637,7059,coasting,1.0
35,5,triangle,609,723,20780,confirmed,0.96
36,1,pentagon,1365,771,36215,confirmed,1.0
36,2,circle,344,739,32393,confirmed,1.0
36,3,rectangle,366,238,29575,confirmed,1.0
36,4,trapezoid,1951,634,7059,coasting,1.0
36,5,triangle,610,723,20791,confirmed,0.962
37,1,pentagon,1365,771,36215,confirmed,1.0
37,2,circle,324,716,32360,confirmed,1.0
37,3,rectangle,366,238,29575,confirmed,1.0
37,4,trapezoid,1952,630,7059,coasting,1.0
37,5,triangle,610,723,20842,confirmed,0.963
38,1,pentagon,1365,771,36244,confirmed,1.0
38,2,circle,309,692,32403,confirmed,1.0
38,3,rectangle,366,238,29575,confirmed,1.0
38,5,triangle,610,721,20462,confirmed,0.964
39,1,pentagon,1365,771,36281,confirmed,1.0
39,2,circle,299,668,32417,confirmed,1.0
39,3,rectangle,366,238,29575,confirmed,1.0
39,5,triangle,610,720,20473,confirmed,0.966
40,1,pentagon,1365,771,36335,confirmed,1.0
40,2,circle,292,643,32396,confirmed,1.0
40,3,rectangle,366,238,29575,confirmed,1.0
40,5,triangle,610,720,20509,confirmed,0.967
41,1,pentagon,1365,771,36374,confirmed,1.0
41,2,circle,287,617,32399,confirmed,1.0
41,3,rectangle,366,238,29575,confirmed,1.0
41,5,triangle,610,720,20519,confirmed,0.968
42,1,pentagon,1365,770,36392,confirmed,1.0
42,2,circle,282,593,32407,confirmed,1.0
42,3,rectangle,366,238,29575,confirmed,1.0
42,5,triangle,611,720,20546,confirmed,0.969
43,1,pentagon,1365,770,36119,confirmed,1.0
43,2,circle,278,568,32363,confirmed,1.0
43,3,rectangle,366,238,29575,confirmed,1.0
43,5,triangle,611,720,20611,confirmed,0.97
44,1,pentagon,1365,769,36160,confirmed,1.0
44,2,circle,275,543,32364,confirmed,1.0
44,3,rectangle,364,238,29575,confirmed,1.0
44,5,triangle,611,720,20637,confirmed,0.971
45,1,pentagon,1365,769,36199,confirmed,1.0
45,2,circle,272,519,32380,confirmed,1.0
45,3,rectangle,364,238,29575,confirmed,1.0
45,5,triangle,611,720,20656,confirmed,0.971
46,1,pentagon,1365,769,36211,confirmed,1.0
46,2,circle,272,494,32365,confirmed,1.0
46,3,rectangle,364,238,29575,confirmed,1.0
46,5,triangle,611,720,20693,confirmed,0.972
47,1,pentagon,1365,769,36249,confirmed,1.0
47,2,circle,272,469,32382,confirmed,1.0
47,3,rectangle,364,238,29575,confirmed,1.0
47,5,triangle,612,720,20740,confirmed,0.973
48,1,pentagon,1365,769,36318,confirmed,1.0
48,2,circle,273,444,32394,confirmed,1.0
48,3,rectangle,364,238,29575,confirmed,1.0
48,5,triangle,612,720,20803,confirmed,0.974
49,1,pentagon,1365,768,36342,confirmed,1.0
49,2,circle,272,419,32353,confirmed,1.0
49,3,rectangle,363,236,28734,confirmed,0.978
49,5,triangle,612,720,20805,confirmed,0.974
50,1,pentagon,1365,767,36093,confirmed,1.0
50,2,circle,271,394,32402,confirmed,1.0
50,3,rectangle,365,232,27381,confirmed,0.956
50,5,triangle,612,719,20431,confirmed,0.975
51,1,pentagon,1365,767,36160,confirmed,1.0
51,2,circle,268,370,32394,confirmed,1.0
51,3,rectangle,367,229,25872,confirmed,0.956
51,5,triangle,613,718,20503,confirmed,0.976
52,1,pentagon,1365,767,36184,confirmed,1.0
52,2,circle,259,345,32388,confirmed,0.978
52,3,rectangle,368,228,24907,confirmed,0.956
52,5,triangle,613,718,20564,confirmed,0.976
53,1,pentagon,1365,767,36234,confirmed,1.0
53,2,circle,245,322,32370,confirmed,0.978
53,3,rectangle,369,228,25041,confirmed,0.956
53,5,triangle,613,718,20570,confirmed,0.977
54,1,pentagon,1365,767,36319,confirmed,1.0
54,2,circle,226,299,32380,confirmed,0.978
54,3,rectangle,368,229,26115,confirmed,0.956
54,5,triangle,614,718,20629,confirmed,0.977
55,1,pentagon,1365,766,36340,confirmed,1.0
55,2,circle,204,277,32359,confirmed,0.978
55,3,rectangle,365,232,28578,confirmed,0.956
55,5,triangle,614,718,20723,confirmed,0.978
56,1,pentagon,1365,765,36121,confirmed,1.0
56,2,circle,169,269,32374,confirmed,0.978
56,3,rectangle,361,237,29861,confirmed,0.956
56,5,triangle,614,718,20756,confirmed,0.978
57,1,pentagon,1364,765,36171,confirmed,1.0
57,2,circle,133,282,32401,confirmed,0.978
57,3,rectangle,360,239,29861,confirmed,0.956
57,5,triangle,615,718,20808,confirmed,0.978
57,6,trapezoid,1890,873,8955,confirmed,0.0
58,1,pentagon,1364,765,36251,confirmed,1.0
58,2,circle,111,306,32382,confirmed,0.978
58,3,rectangle,358,239,29861,confirmed,0.956
58,5,triangle,615,716,20467,confirmed,0.978
58,6,trapezoid,1886,836,10509,confirmed,0.0
59,1,pentagon,1364,764,36328,confirmed,1.0
59,2,circle,89,323,32517,confirmed,0.978
59,3,rectangle,358,238,29861,confirmed,0.956
59,5,triangle,615,716,20517,confirmed,0.978
59,6,trapezoid,1879,792,12059,confirmed,0.0
60,1,pentagon,1364,763,36112,confirmed,1.0
60,2,circle,73,345,31517,confirmed,0.978
60,3,rectangle,358,238,29861,confirmed,0.956
60,5,triangle,616,716,20587,confirmed,0.978
60,6,trapezoid,1872,744,13681,confirmed,0.0
61,1,pentagon,1364,763,36174,confirmed,1.0
61,2,circle,63,370,30089,confirmed,0.978
61,3,rectangle,356,240,29575,confirmed,0.956
61,5,triangle,616,716,20654,confirmed,0.978
61,6,trapezoid,1865,696,15198,confirmed,0.0
62,1,pentagon,1364,763,36256,confirmed,1.0
62,2,circle,58,397,28763,confirmed,0.978
62,3,rectangle,356,240,29575,confirmed,0.956
62,5,triangle,617,716,20717,confirmed,0.978
62,6,trapezoid,1858,649,16612,confirmed,0.0
63,1,pentagon,1364,763,36342,confirmed,1.0
63,2,circle,56,425,27380,confirmed,0.978
63,3,rectangle,356,240,29575,confirmed,0.956
63,5,triangle,617,716,20820,confirmed,0.978
63,6,trapezoid,1852,605,17947,confirmed,0.0
64,1,pentagon,1364,761,36141,confirmed,1.0
64,2,circle,55,453,25917,confirmed,0.978
64,3,rectangle,354,240,29575,confirmed,0.956
64,5,triangle,617,715,20435,confirmed,0.978
64,6,trapezoid,1847,563,19374,confirmed,0.0
65,1,pentagon,1364,761,36205,confirmed,1.0
65,2,circle,56,480,24540,confirmed,0.978
65,3,rectangle,354,240,29575,confirmed,0.956
65,5,triangle,618,714,20552,confirmed,0.978
65,6,trapezoid,1841,525,20915,confirmed,0.0
66,1,pentagon,1364,761,36340,confirmed,1.0
66,2,circle,56,507,23490,confirmed,0.978
66,3,rectangle,354,240,29575,confirmed,0.956
66,5,triangle,618,714,20602,confirmed,0.978
66,6,trapezoid,1836,487,22230,confirmed,0.0
67,1,pentagon,1364,760,36106,confirmed,1.0
67,2,circle,56,532,22434,confirmed,0.978
67,3,rectangle,352,240,29575,confirmed,0.956
67,5,triangle,619,714,20697,confirmed,0.978
67,6,trapezoid,1831,451,23654,confirmed,0.0
68,1,pentagon,1364,759,36195,confirmed,1.0
68,2,circle,55,557,21326,confirmed,0.978
68,3,rectangle,352,240,29861,confirmed,0.956
68,5,triangle,619,714,20765,confirmed,0.978
68,6,trapezoid,1826,415,25045,confirmed,0.0
69,1,pentagon,1364,759,36273,confirmed,1.0
69,2,circle,54,582,20268,confirmed,0.978
69,3,rectangle,352,240,29861,confirmed,0.956
69,5,triangle,620,713,20423,confirmed,0.978
69,6,trapezoid,1821,380,26053,confirmed,0.0
70,1,pentagon,1364,758,36332,confirmed,1.0
70,2,circle,51,606,19101,confirmed,0.978
70,3,rectangle,350,240,29861,confirmed,0.956
70,5,triangle,620,712,20516,confirmed,0.978
70,6,trapezoid,1816,344,26750,confirmed,0.0
71,1,pentagon,1364,757,36160,confirmed,1.0
71,2,circle,48,630,17986,confirmed,0.978
71,3,rectangle,350,240,29861,confirmed,0.956
71,5,triangle,621,712,20627,confirmed,0.978
71,6,trapezoid,1809,308,27131,confirmed,0.0
72,1,pentagon,1364,757,36248,confirmed,1.0
72,2,circle,45,654,16851,confirmed,0.978
72,3,rectangle,348,240,29861,confirmed,0.956
72,5,triangle,621,712,20699,confirmed,0.978
72,6,trapezoid,1799,270,27055,confirmed,1.0
73,1,pentagon,1364,756,36318,confirmed,1.0
73,2,circle,44,678,17873,confirmed,0.978
73,3,rectangle,348,240,29861,confirmed,0.956
73,5,triangle,622,712,20834,confirmed,0.978
73,6,trapezoid,1790,233,27187,confirmed,1.0
74,1,pentagon,1364,755,36169,confirmed,1.0
74,2,circle,44,702,19023,confirmed,0.978
74,3,rectangle,346,242,29575,confirmed,0.956
74,5,triangle,623,711,20467,confirmed,0.978
74,6,trapezoid,1779,207,27140,confirmed,1.0
75,1,pentagon,1363,755,36281,confirmed,1.0
75,2,circle,46,727,20266,confirmed,0.978
75,3,rectangle,346,242,29575,confirmed,0.956
75,5,triangle,623,710,20583,confirmed,0.978
75,6,trapezoid,1771,233,27105,confirmed,1.0
76,1,pentagon,1363,753,36093,confirmed,1.0
76,2,circle,50,751,21395,confirmed,0.978
76,3,rectangle,346,242,29575,confirmed,0.956
76,5,triangle,624,710,20721,confirmed,0.978
76,6,trapezoid,1763,274,27106,confirmed,1.0
77,1,pentagon,1363,753,36202,confirmed,1.0
77,2,circle,53,776,22538,confirmed,0.978
77,3,rectangle,344,242,29575,confirmed,0.956
77,5,triangle,624,710,20792,confirmed,0.978
77,6,trapezoid,1755,317,27116,confirmed,1.0
78,1,pentagon,1363,752,36322,confirmed,1.0
78,2,circle,58,801,24075,confirmed,0.978
78,3,rectangle,344,242,29861,confirmed,0.956
78,5,triangle,625,708,20498,confirmed,1.0
78,6,trapezoid,1747,358,27135,confirmed,1.0
79,1,pentagon,1363,751,36181,confirmed,1.0
79,2,circle,64,825,26647,confirmed,0.978
79,3,rectangle,342,242,29861,confirmed,0.956
79,5,triangle,626,708,20590,confirmed,1.0
79,6,trapezoid,1739,396,27138,confirmed,1.0
80,1,pentagon,1363,751,36349,confirmed,1.0
80,2,circle,73,849,30087,confirmed,0.978
80,3,rectangle,342,242,29861,confirmed,0.956
80,5,triangle,626,708,20696,confirmed,1.0
80,6,trapezoid,1731,435,27035,confirmed,1.0
81,1,pentagon,1363,749,36175,confirmed,1.0
81,2,circle,88,870,32498,confirmed,0.978
81,3,rectangle,340,244,29575,confirmed,0.956
81,5,triangle,627,707,20410,confirmed,1.0
81,6,trapezoid,1724,474,27028,confirmed,1.0
82,1,pentagon,1363,749,36284,confirmed,1.0
82,2,circle,133,880,32365,confirmed,0.978
82,3,rectangle,340,244,29575,confirmed,0.956
82,5,triangle,628,706,20545,confirmed,1.0
82,6,trapezoid,1718,512,27057,confirmed,1.0
83,1,pentagon,1363,747,36107,confirmed,1.0
83,2,circle,178,882,32426,confirmed,0.978
83,3,rectangle,338,244,29575,confirmed,0.956
83,5,triangle,629,706,20655,confirmed,1.0
83,6,trapezoid,1712,550,27133,confirmed,1.0
84,1,pentagon,1363,747,36214,confirmed,1.0
84,2,circle,222,873,32373,confirmed,0.978
84,3,rectangle,338,244,29861,confirmed,0.956
84,5,triangle,629,706,20777,confirmed,1.0
84,6,trapezoid,1706,588,27126,confirmed,1.0
85,1,pentagon,1363,746,36074,confirmed,1.0
85,2,circle,264,861,32372,confirmed,0.978
85,3,rectangle,336,244,29861,confirmed,0.956
85,5,triangle,630,704,20517,confirmed,1.0
85,6,trapezoid,1699,625,27028,confirmed,1.0
86,1,pentagon,1363,745,36187,confirmed,1.0
86,2,circle,303,847,32370,confirmed,0.978
86,3,rectangle,336,244,29861,confirmed,0.956
86,5,triangle,631,704,20650,confirmed,1.0
86,6,trapezoid,1693,663,27069,confirmed,1.0
87,1,pentagon,1362,744,36065,confirmed,1.0
87,2,circle,336,830,32399,confirmed,0.978
87,3,rectangle,334,246,29575,confirmed,0.956
87,5,triangle,632,704,20774,confirmed,1.0
87,6,trapezoid,1687,701,27107,confirmed,1.0
88,1,pentagon,1362,743,36198,confirmed,1.0
88,2,circle,363,810,32416,confirmed,0.978
88,3,rectangle,332,246,29575,confirmed,0.956
88,5,triangle,632,703,20471,confirmed,1.0
88,6,trapezoid,1683,739,27171,confirmed,1.0
89,1,pentagon,1362,741,36085,confirmed,1.0
89,2,circle,385,788,32468,confirmed,0.978
89,3,rectangle,332,246,29861,confirmed,0.956
89,5,triangle,633,702,20615,confirmed,1.0
89,6,trapezoid,1679,777,27106,confirmed,1.0
90,1,pentagon,1362,741,36266,confirmed,1.0
90,2,circle,402,764,32415,confirmed,0.978
90,3,rectangle,330,246,29861,confirmed,0.956
90,5,triangle,634,702,20780,confirmed,1.0
90,6,trapezoid,1676,815,27114,confirmed,1.0
91,1,pentagon,1362,739,36163,confirmed,1.0
91,2,circle,414,741,32393,confirmed,0.978
91,3,rectangle,330,246,29861,confirmed,0.956
91,5,triangle,635,700,20527,confirmed,1.0
91,6,trapezoid,1673,853,27168,confirmed,1.0
92,1,pentagon,1362,739,36319,confirmed,1.0
92,2,circle,426,716,32372,confirmed,0.978
92,3,rectangle,328,248,29575,confirmed,0.956
92,5,triangle,636,700,20675,confirmed,1.0
92,6,trapezoid,1672,891,27102,confirmed,1.0
93,1,pentagon,1362,737,36172,confirmed,1.0
93,2,circle,439,692,32400,confirmed,0.978
93,3,rectangle,326,248,29575,confirmed,0.956
93,5,triangle,637,700,20866,confirmed,1.0
93,6,trapezoid,1670,929,27064,confirmed,1.0
94,1,pentagon,1362,737,36326,confirmed,1.0
94,2,circle,445,668,32419,confirmed,0.978
94,3,rectangle,326,248,29861,confirmed,0.956
94,5,triangle,638,698,20581,confirmed,1.0
94,6,trapezoid,1667,967,27054,confirmed,1.0
95,1,pentagon,1362,735,36191,confirmed,1.0
95,2,circle,447,643,32388,confirmed,0.978
95,3,rectangle,324,248,29861,confirmed,0.956
95,5,triangle,639,698,20754,confirmed,1.0
95,6,trapezoid,1661,982,27072,confirmed,1.0
96,1,pentagon,1361,733,36070,confirmed,1.0
96,2,circle,447,618,32395,confirmed,0.978
96,3,rectangle,322,250,29575,confirmed,0.956
96,5,triangle,640,697,20484,confirmed,1.0
96,6,trapezoid,1653,952,27059,confirmed,1.0
97,1,pentagon,1361,733,36284,confirmed,1.0
97,2,circle,449,593,32369,confirmed,0.978
97,3,rectangle,322,250,29575,confirmed,0.956
97,5,triangle,641,696,20655,confirmed,1.0
97,6,trapezoid,1646,933,27096,confirmed,1.0
98,1,pentagon,1361,731,36196,confirmed,1.0
98,2,circle,449,568,32394,confirmed,0.978
98,3,rectangle,320,250,29861,confirmed,0.956
98,5,triangle,642,695,20414,confirmed,1.0
98,6,trapezoid,1636,875,27078,confirmed,1.0
99,1,pentagon,1361,730,36369,confirmed,1.0
99,2,circle,451,544,32392,confirmed,0.978
99,3,rectangle,318,250,29861,confirmed,0.978
99,5,triangle,643,694,20593,confirmed,1.0
99,6,trapezoid,1627,828,27113,confirmed,1.0
100,1,pentagon,1361,729,36243,confirmed,1.0
100,2,circle,452,519,32415,confirmed,0.978
100,3,rectangle,318,252,29575,confirmed,1.0
100,5,triangle,644,694,20791,confirmed,1.0
100,6,trapezoid,1621,787,27146,confirmed,1.0
101,1,pentagon,1360,727,36152,confirmed,1.0
101,2,circle,453,494,32378,confirmed,0.978
101,3,rectangle,316,252,29575,confirmed,1.0
101,5,triangle,645,692,20548,confirmed,1.0
101,6,trapezoid,1616,748,27179,confirmed,1.0
102,1,pentagon,1360,726,36076,confirmed,1.0
102,2,circle,454,469,32379,confirmed,0.978
102,3,rectangle,314,252,29861,confirmed,1.0
102,5,triangle,646,692,20745,confirmed,1.0
102,6,trapezoid,1612,711,27070,confirmed,1.0
103,1,pentagon,1360,725,36328,confirmed,1.0
103,2,circle,455,444,32391,confirmed,0.978
103,3,rectangle,312,254,29575,confirmed,1.0
103,5,triangle,647,690,20541,confirmed,1.0
103,6,trapezoid,1607,673,27041,confirmed,1.0
104,1,pentagon,1360,723,36192,confirmed,1.0
104,2,circle,456,419,32398,confirmed,0.978
104,3,rectangle,311,253,29513,confirmed,1.0
104,5,triangle,648,690,20756,confirmed,1.0
104,6,trapezoid,1602,635,27086,confirmed,1.0
105,1,pentagon,1360,721,36107,confirmed,1.0
105,2,circle,457,394,32455,confirmed,0.978
105,3,rectangle,309,253,29437,confirmed,0.978
105,5,triangle,649,688,20554,confirmed,1.0
105,6,trapezoid,1596,597,27020,confirmed,1.0
106,1,pentagon,1359,720,36319,confirmed,1.0
106,2,circle,458,370,32473,confirmed,0.978
106,3,rectangle,306,252,29022,confirmed,0.956
106,5,triangle,650,688,20739,confirmed,1.0
106,6,trapezoid,1591,559,27039,confirmed,1.0
107,1,pentagon,1359,719,36299,confirmed,1.0
107,2,circle,460,345,32384,confirmed,0.978
107,3,rectangle,303,253,28468,confirmed,0.933
107,5,triangle,651,686,20526,confirmed,1.0
107,6,trapezoid,1585,522,27112,confirmed,1.0
108,1,pentagon,1359,717,36195,confirmed,1.0
108,2,circle,470,321,32413,confirmed,0.978
108,3,rectangle,304,255,29522,confirmed,0.933
108,5,triangle,652,686,20712,confirmed,1.0
108,6,trapezoid,1579,484,27198,confirmed,1.0
109,1,pentagon,1359,715,36122,confirmed,1.0
109,2,circle,498,302,32408,confirmed,0.978
109,3,rectangle,304,258,29575,confirmed,0.933
109,5,triangle,654,684,20521,confirmed,1.0
109,6,trapezoid,1573,446,27107,confirmed,1.0
110,1,pentagon,1358,714,36343,confirmed,1.0
110,2,circle,538,292,32403,confirmed,0.978
110,3,rectangle,302,258,29575,confirmed,0.933
110,5,triangle,655,684,20776,confirmed,1.0
110,6,trapezoid,1566,408,27117,confirmed,1.0
111,1,pentagon,1358,713,36351,confirmed,1.0
111,2,circle,583,290,32384,confirmed,0.978
111,3,rectangle,300,258,29861,confirmed,0.933
111,5,triangle,656,682,20596,confirmed,1.0
111,6,trapezoid,1558,370,27252,confirmed,1.0
112,1,pentagon,1358,711,36255,confirmed,1.0
112,2,circle,626,298,32392,confirmed,0.978
112,3,rectangle,298,260,29575,confirmed,0.933
112,5,triangle,657,682,20794,confirmed,1.0
112,6,trapezoid,1548,332,27131,confirmed,1.0
113,1,pentagon,1357,709,36189,confirmed,1.0
113,2,circle,664,313,32399,confirmed,0.978
113,3,rectangle,298,260,29861,confirmed,0.933
113,5,triangle,659,680,20614,confirmed,1.0
113,6,trapezoid,1536,295,27114,confirmed,1.0
114,1,pentagon,1357,707,36184,confirmed,1.0
114,2,circle,685,335,32406,confirmed,0.978
114,3,rectangle,296,262,29575,confirmed,0.933
114,5,triangle,660,678,20478,confirmed,1.0
114,6,trapezoid,1524,258,27177,confirmed,1.0
115,1,pentagon,1357,705,36140,confirmed,1.0
115,2,circle,699,360,32401,confirmed,0.978
115,3,rectangle,294,262,29861,confirmed,0.933
115,5,triangle,661,678,20692,confirmed,1.0
115,6,trapezoid,1506,221,27125,confirmed,1.0
116,1,pentagon,1356,703,36107,confirmed,1.0
116,2,circle,709,386,32406,confirmed,0.978
116,3,rectangle,292,264,29575,confirmed,0.933
116,5,triangle,663,677,20497,confirmed,1.0
116,6,trapezoid,1490,202,27145,confirmed,1.0
117,1,pentagon,1355,702,36316,confirmed,1.0
117,2,circle,716,410,32349,confirmed,0.978
117,3,rectangle,290,264,29861,confirmed,0.933
117,5,triangle,664,676,20807,confirmed,1.0
117,6,trapezoid,1476,253,27173,confirmed,1.0
118,1,pentagon,1355,700,36343,confirmed,1.0
118,2,circle,722,436,32397,confirmed,0.978
118,3,rectangle,290,266,29575,confirmed,0.933
118,5,triangle,665,674,20610,confirmed,1.0
118,6,trapezoid,1464,281,27178,confirmed,1.0
119,1,pentagon,1354,699,36310,confirmed,1.0
119,2,circle,727,461,32418,confirmed,0.978
119,3,rectangle,288,266,29861,confirmed,0.933
119,5,triangle,667,673,20441,confirmed,1.0
119,6,trapezoid,1461,339,27161,confirmed,1.0
120,1,pentagon,1354,697,36286,confirmed,1.0
120,2,circle,731,485,32417,confirmed,1.0
120,3,rectangle,286,268,29575,confirmed,0.933
120,5,triangle,668,674,20297,confirmed,1.0
120,6,trapezoid,1454,380,27207,confirmed,1.0
121,1,pentagon,1353,695,36294,confirmed,1.0
121,2,circle,733,510,32353,confirmed,1.0
121,3,rectangle,284,268,29861,confirmed,0.933
121,5,triangle,668,677,18983,confirmed,0.978
121,6,trapezoid,1447,422,27166,confirmed,1.0
122,1,pentagon,1352,693,36239,confirmed,1.0
122,2,circle,735,535,32343,confirmed,1.0
122,3,rectangle,284,270,29575,confirmed,0.933
122,5,triangle,669,680,17089,confirmed,0.978
122,6,trapezoid,1441,462,27151,confirmed,1.0
123,1,pentagon,1351,691,36220,confirmed,1.0
123,2,circle,738,560,32351,confirmed,1.0
123,3,rectangle,282,272,29575,confirmed,0.933
123,5,triangle,669,683,15080,confirmed,0.978
123,6,trapezoid,1436,501,27142,confirmed,1.0
124,1,pentagon,1350,689,36217,confirmed,1.0
124,2,circle,741,584,32361,confirmed,1.0
124,3,rectangle,280,272,29861,confirmed,0.933
124,5,triangle,668,686,12230,confirmed,0.978
124,6,trapezoid,1436,538,25144,confirmed,1.0
125,1,pentagon,1350,687,36217,confirmed,1.0
125,2,circle,744,609,32352,confirmed,1.0
125,3,rectangle,278,274,29575,confirmed,0.933
125,5,triangle,666,689,8977,confirmed,0.978
125,6,trapezoid,1441,573,21026,confirmed,1.0
126,1,pentagon,1349,685,36213,confirmed,1.0
126,2,circle,743,634,32303,confirmed,1.0
126,3,rectangle,276,274,29861,confirmed,0.933
126,5,triangle,653,690,5847,confirmed,0.978
126,6,trapezoid,1449,607,15886,confirmed,1.0
127,1,pentagon,1348,683,36233,confirmed,1.0
127,2,circle,738,659,32346,confirmed,1.0
127,3,rectangle,276,276,29861,confirmed,0.933
127,5,triangle,643,678,5763,confirmed,0.978
127,6,trapezoid,1460,643,11730,confirmed,1.0
128,1,pentagon,1347,681,36279,confirmed,1.0
128,2,circle,733,684,32414,confirmed,1.0
128,3,rectangle,274,278,29575,confirmed,0.933
128,5,triangle,635,673,5763,coasting,0.978
128,6,trapezoid,1472,684,10127,confirmed,1.0
129,1,pentagon,1346,679,36273,confirmed,1.0
129,2,circle,727,708,32353,confirmed,1.0
129,3,rectangle,272,278,29861,confirmed,0.933
129,5,triangle,636,656,7386,confirmed,0.978
129,6,trapezoid,1480,726,11051,confirmed,1.0
130,1,pentagon,1345,677,36298,confirmed,1.0
130,2,circle,721,733,32360,confirmed,1.0
130,3,rectangle,270,280,29861,confirmed,0.933
130,5,triangle,642,642,9426,confirmed,0.978
130,6,trapezoid,1466,770,17274,confirmed,1.0
131,1,pentagon,1343,674,36291,confirmed,1.0
131,2,circle,717,758,32344,confirmed,1.0
131,3,rectangle,268,282,29575,confirmed,0.933
131,5,triangle,652,632,12226,confirmed,0.978
131,6,trapezoid,1445,811,22073,confirmed,1.0
132,1,pentagon,1342,671,36064,confirmed,1.0
132,2,circle,713,782,32345,confirmed,1.0
132,3,rectangle,268,282,29861,confirmed,0.933
132,5,triangle,664,630,15787,confirmed,0.978
132,6,trapezoid,1420,849,26427,confirmed,1.0
133,1,pentagon,1341,669,36137,confirmed,1.0
133,2,circle,709,807,32341,confirmed,1.0
133,3,rectangle,266,284,29861,confirmed,0.933
133,5,triangle,677,633,19475,confirmed,0.978
133,6,trapezoid,1396,885,27224,confirmed,1.0
134,1,pentagon,1340,667,36170,confirmed,1.0
134,2,circle,705,832,32394,confirmed,1.0
134,3,rectangle,264,286,29575,confirmed,0.933
134,5,triangle,687,646,20618,confirmed,0.978
134,6,trapezoid,1374,920,27192,confirmed,1.0
135,1,pentagon,1339,665,36169,confirmed,1.0
135,2,circle,701,857,32449,confirmed,1.0
135,3,rectangle,262,288,29575,confirmed,0.933
135,5,triangle,690,649,20576,confirmed,0.978
135,6,trapezoid,1359,954,27072,confirmed,1.0
136,1,pentagon,1337,663,36209,confirmed,1.0
136,2,circle,700,881,32415,confirmed,1.0
136,3,rectangle,260,288,29861,confirmed,0.933
136,5,triangle,690,647,20529,confirmed,0.978
136,6,trapezoid,1343,972,27134,confirmed,1.0
137,1,pentagon,1336,661,36322,confirmed,1.0
137,2,circle,708,905,32423,confirmed,1.0
137,3,rectangle,258,290,29861,confirmed,0.933
137,5,triangle,692,645,20478,confirmed,0.978
137,6,trapezoid,1326,965,27196,confirmed,1.0
138,1,pentagon,1335,658,36346,confirmed,1.0
138,2,circle,728,927,32395,confirmed,1.0
138,3,rectangle,258,292,29861,confirmed,0.933
138,5,triangle,692,643,20402,confirmed,0.978
138,6,trapezoid,1311,889,27154,confirmed,1.0
139,1,pentagon,1334,655,36099,confirmed,1.0
139,2,circle,763,942,32386,confirmed,1.0
139,3,rectangle,256,294,29575,confirmed,0.933
139,5,triangle,694,642,20828,confirmed,0.978
139,6,trapezoid,1294,835,26821,confirmed,1.0
140,1,pentagon,1332,653,36178,confirmed,1.0
140,2,circle,806,949,32373,confirmed,1.0
140,3,rectangle,254,296,29575,confirmed,0.933
140,5,triangle,695,640,20764,confirmed,0.978
140,6,trapezoid,1276,794,23046,confirmed,1.0
141,1,pentagon,1331,651,36298,confirmed,1.0
141,2,circle,852,948,32385,confirmed,1.0
141,3,rectangle,252,298,29575,confirmed,0.933
141,5,triangle,697,638,20755,confirmed,0.978
141,6,trapezoid,1256,756,19776,confirmed,1.0
142,1,pentagon,1330,648,36302,confirmed,1.0
142,2,circle,897,945,32405,confirmed,1.0
142,3,rectangle,250,298,29861,confirmed,0.933
142,5,triangle,699,636,20733,confirmed,0.978
142,6,trapezoid,1234,720,16670,confirmed,1.0
143,1,pentagon,1328,645,36167,confirmed,1.0
143,2,circle,942,939,32409,confirmed,1.0
143,3,rectangle,250,300,29861,confirmed,0.933
143,5,triangle,700,634,20697,confirmed,0.978
143,6,trapezoid,1203,684,14191,confirmed,1.0
144,1,pentagon,1327,643,36231,confirmed,1.0
144,2,circle,983,929,32423,confirmed,1.0
144,3,rectangle,248,302,29861,confirmed,0.933
144,5,triangle,702,632,20704,confirmed,0.978
144,6,trapezoid,1176,646,14973,confirmed,1.0
145,1,pentagon,1325,640,36298,confirmed,1.0
145,2,circle,1022,917,32442,confirmed,1.0
145,3,rectangle,246,304,29861,confirmed,0.933
145,5,triangle,704,630,20692,confirmed,0.978
145,6,trapezoid,1160,607,17812,confirmed,1.0
146,1,pentagon,1324,637,36200,confirmed,1.0
146,2,circle,1060,903,32387,confirmed,1.0
146,3,rectangle,244,306,29861,confirmed,0.933
146,5,triangle,705,628,20676,confirmed,0.978
146,6,trapezoid,1151,566,21263,confirmed,1.0
147,1,pentagon,1323,635,36213,confirmed,1.0
147,2,circle,1096,889,32397,confirmed,1.0
147,3,rectangle,244,308,29861,confirmed,0.933
147,5,triangle,707,626,20686,confirmed,0.978
147,6,trapezoid,1161,528,24442,confirmed,0.977
148,1,pentagon,1321,632,36349,confirmed,1.0
148,2,circle,1131,874,32384,confirmed,1.0
148,3,rectangle,242,310,29861,confirmed,0.933
148,5,triangle,709,624,20718,confirmed,0.978
148,6,trapezoid,1160,494,26771,confirmed,0.955
149,1,pentagon,1319,629,36157,confirmed,1.0
149,2,circle,1165,858,32423,confirmed,1.0
149,3,rectangle,240,312,29861,confirmed,0.933
149,5,triangle,711,622,20749,confirmed,0.978
149,6,trapezoid,1156,458,27244,confirmed,0.955
150,1,pentagon,1318,627,36329,confirmed,1.0
150,2,circle,1198,840,32407,confirmed,1.0
150,3,rectangle,240,314,29861,confirmed,0.956
150,5,triangle,713,620,20759,confirmed,0.978
150,6,trapezoid,1148,421,27176,confirmed,0.955
151,1,pentagon,1316,623,36158,confirmed,1.0
151,2,circle,1229,823,32306,confirmed,1.0
151,3,rectangle,238,316,29861,confirmed,0.978
151,5,triangle,715,618,20758,confirmed,0.978
151,6,trapezoid,1138,384,27233,confirmed,0.955
152,1,pentagon,1315,621,36219,confirmed,1.0
152,2,circle,1259,809,31008,confirmed,1.0
152,3,rectangle,238,318,29861,confirmed,1.0
152,5,triangle,716,616,20778,confirmed,0.978
152,6,trapezoid,1122,346,27246,confirmed,0.956
153,1,pentagon,1313,617,36112,confirmed,1.0
153,2,circle,1288,793,28417,confirmed,1.0
153,3,rectangle,236,320,29861,confirmed,1.0
153,5,triangle,718,613,20407,confirmed,0.978
153,6,trapezoid,1111,309,27166,confirmed,0.956
154,1,pentagon,1311,615,36229,confirmed,1.0
154,2,circle,1317,779,25559,confirmed,1.0
154,3,rectangle,236,322,29861,confirmed,1.0
154,5,triangle,720,610,20473,confirmed,0.978
154,6,trapezoid,1100,271,27139,confirmed,0.956
155,1,pentagon,1309,611,36054,confirmed,1.0
155,2,circle,1345,763,23420,confirmed,1.0
155,3,rectangle,234,326,29575,confirmed,1.0
155,5,triangle,722,608,20540,confirmed,0.978
155,6,trapezoid,1091,233,27149,confirmed,0.956
156,1,pentagon,1308,609,36200,confirmed,1.0
156,2,circle,1371,744,22271,confirmed,1.0
156,3,rectangle,234,328,29575,confirmed,1.0
156,5,triangle,724,606,20608,confirmed,0.978
156,6,trapezoid,1080,195,27066,confirmed,0.956
157,1,pentagon,1306,605,36091,confirmed,1.0
157,2,circle,1395,723,21704,confirmed,1.0
157,3,rectangle,232,330,29575,confirmed,1.0
157,5,triangle,726,604,20655,confirmed,0.978
157,6,trapezoid,1065,158,27079,confirmed,0.956
158,1,pentagon,1304,603,36265,confirmed,1.0
158,2,circle,1418,699,22147,confirmed,1.0
158,3,rectangle,232,332,29861,confirmed,1.0
158,5,triangle,728,602,20738,confirmed,0.978
158,6,trapezoid,1059,178,27108,confirmed,0.956
159,1,pentagon,1302,599,36116,confirmed,1.0
159,2,circle,1441,674,23303,confirmed,1.0
159,3,rectangle,230,334,29861,confirmed,1.0
159,5,triangle,730,600,20790,confirmed,0.978
159,6,trapezoid,1057,218,27120,confirmed,0.956
160,1,pentagon,1300,596,36261,confirmed,1.0
160,2,circle,1459,646,24291,confirmed,1.0
160,3,rectangle,230,336,29861,confirmed,1.0
160,5,triangle,732,596,20458,confirmed,0.978
160,6,trapezoid,1056,261,27122,confirmed,0.956
161,1,pentagon,1299,593,36151,confirmed,1.0
161,2,circle,1471,617,25471,confirmed,1.0
161,3,rectangle,230,340,29575,confirmed,1.0
161,5,triangle,734,594,20557,confirmed,0.978
161,6,trapezoid,1055,303,27157,confirmed,0.956
162,1,pentagon,1297,589,36074,confirmed,1.0
162,2,circle,1477,588,27071,confirmed,1.0
162,3,rectangle,228,342,29575,confirmed,1.0
162,5,triangle,736,592,20619,confirmed,0.978
162,6,trapezoid,1055,343,27121,confirmed,0.956
163,1,pentagon,1295,587,36294,confirmed,1.0
163,2,circle,1480,560,28487,confirmed,1.0
163,3,rectangle,228,344,29861,confirmed,1.0
163,5,triangle,739,590,20720,confirmed,0.978
163,6,trapezoid,1055,382,27139,confirmed,0.956
164,1,pentagon,1293,583,36184,confirmed,1.0
164,2,circle,1479,533,29721,confirmed,1.0
164,3,rectangle,226,346,29861,confirmed,1.0
164,5,triangle,741,587,20402,confirmed,0.978
164,6,trapezoid,1055,420,27092,confirmed,0.956
165,1,pentagon,1291,579,36116,confirmed,1.0
165,2,circle,1476,507,30471,confirmed,1.0
165,3,rectangle,226,350,29575,confirmed,1.0
165,5,triangle,743,584,20556,confirmed,0.978
165,6,trapezoid,1055,458,27061,confirmed,0.956
166,1,pentagon,1289,576,36333,confirmed,1.0
166,2,circle,1470,482,30970,confirmed,1.0
166,3,rectangle,226,352,29861,confirmed,1.0
166,5,triangle,745,582,20658,confirmed,0.978
166,6,trapezoid,1055,496,27031,confirmed,0.956
167,1,pentagon,1287,573,36237,confirmed,1.0
167,2,circle,1455,459,31488,confirmed,1.0
167,3,rectangle,226,354,29861,confirmed,1.0
167,5,triangle,747,580,20761,confirmed,0.978
167,6,trapezoid,1055,534,27008,confirmed,0.956
168,1,pentagon,1285,569,36184,confirmed,1.0
168,2,circle,1442,437,32099,confirmed,1.0
168,3,rectangle,224,358,29575,confirmed,1.0
168,5,triangle,750,577,20493,confirmed,0.978
168,6,trapezoid,1054,572,27031,confirmed,0.956
169,1,pentagon,1283,565,36134,confirmed,1.0
169,2,circle,1429,414,32422,confirmed,1.0
169,3,rectangle,224,360,29861,confirmed,1.0
169,5,triangle,752,574,20666,confirmed,0.978
169,6,trapezoid,1053,610,27057,confirmed,0.956
170,1,pentagon,1281,562,36377,confirmed,1.0
170,2,circle,1416,390,32385,confirmed,1.0
170,3,rectangle,224,364,29575,confirmed,1.0
170,5,triangle,754,572,20773,confirmed,0.978
170,6,trapezoid,1053,648,27023,confirmed,0.956
171,1,pentagon,1279,559,36321,confirmed,1.0
171,2,circle,1402,367,32400,confirmed,1.0
171,3,rectangle,224,366,29575,confirmed,1.0
171,5,triangle,757,568,20518,confirmed,0.978
171,6,trapezoid,1053,686,27050,confirmed,0.956
172,1,pentagon,1277,555,36216,confirmed,1.0
172,2,circle,1386,344,32416,confirmed,1.0
172,3,rectangle,222,368,29861,confirmed,1.0
172,5,triangle,759,566,20695,confirmed,0.978
172,6,trapezoid,1052,724,27104,confirmed,0.956
173,1,pentagon,1275,551,36164,confirmed,1.0
173,2,circle,1368,321,32424,confirmed,1.0
173,3,rectangle,222,372,29575,confirmed,1.0
173,5,triangle,761,563,20419,confirmed,0.978
173,6,trapezoid,1051,762,27094,confirmed,0.956
174,1,pentagon,1273,547,36135,confirmed,1.0
174,2,circle,1348,299,32451,confirmed,1.0
174,3,rectangle,222,374,29861,confirmed,1.0
174,5,triangle,764,560,20592,confirmed,0.978
174,6,trapezoid,1048,800,27111,confirmed,0.956
175,1,pentagon,1270,543,36146,confirmed,1.0
175,2,circle,1326,277,32403,confirmed,1.0
175,3,rectangle,222,378,29575,confirmed,1.0
175,5,triangle,766,558,20750,confirmed,0.978
175,6,trapezoid,1042,838,27075,confirmed,0.956
176,1,pentagon,1268,539,36132,confirmed,1.0
176,2,circle,1303,256,32396,confirmed,1.0
176,3,rectangle,220,380,29861,confirmed,1.0
176,5,triangle,769,554,20532,confirmed,0.978
176,6,trapezoid,1036,876,27012,confirmed,0.956
177,1,pentagon,1266,535,36136,confirmed,1.0
177,2,circle,1278,235,32400,confirmed,1.0
177,3,rectangle,220,384,29575,confirmed,1.0
177,5,triangle,771,552,20723,confirmed,0.978
177,6,trapezoid,1028,894,27135,confirmed,0.956
178,1,pentagon,1264,531,36072,confirmed,1.0
178,2,circle,1251,215,32385,confirmed,1.0
178,3,rectangle,220,386,29861,confirmed,1.0
178,5,triangle,774,548,20514,confirmed,1.0
178,6,trapezoid,1017,865,27150,confirmed,0.956
179,1,pentagon,1261,527,36045,confirmed,1.0
179,2,circle,1223,197,32421,confirmed,1.0
179,3,rectangle,218,390,29575,confirmed,1.0
179,5,triangle,776,546,20676,confirmed,1.0
179,6,trapezoid,1006,824,27118,confirmed,0.956
180,1,pentagon,1259,523,36114,confirmed,1.0
180,2,circle,1193,179,32419,confirmed,1.0
180,3,rectangle,218,392,29861,confirmed,1.0
180,5,triangle,779,542,20524,confirmed,1.0
180,6,trapezoid,995,781,27171,confirmed,0.956
181,1,pentagon,1257,519,36076,confirmed,1.0
181,2,circle,1156,164,32406,confirmed,1.0
181,3,rectangle,218,396,29575,confirmed,1.0
181,5,triangle,782,540,20711,confirmed,1.0
181,6,trapezoid,985,746,27205,confirmed,0.956
182,1,pentagon,1254,515,36076,confirmed,1.0
182,2,circle,1114,157,32462,confirmed,1.0
182,3,rectangle,218,398,29861,confirmed,1.0
182,5,triangle,784,536,20532,confirmed,1.0
182,6,trapezoid,973,703,27146,confirmed,0.956
183,1,pentagon,1251,511,36085,confirmed,1.0
183,2,circle,1070,151,32411,confirmed,1.0
183,3,rectangle,216,402,29861,confirmed,1.0
183,5,triangle,786,534,20674,confirmed,1.0
183,6,trapezoid,961,664,27085,confirmed,0.956
184,1,pentagon,1248,507,36112,confirmed,1.0
184,2,circle,1032,156,32412,confirmed,1.0
184,3,rectangle,216,406,29575,confirmed,1.0
184,5,triangle,786,529,19598,confirmed,0.978
184,6,trapezoid,950,626,27077,confirmed,0.956
185,1,pentagon,1245,503,36140,confirmed,1.0
185,2,circle,1009,176,32383,confirmed,1.0
185,3,rectangle,216,408,29861,confirmed,1.0
185,5,triangle,784,523,18310,confirmed,0.956
185,6,trapezoid,940,589,26998,confirmed,0.956
186,1,pentagon,1242,499,36169,confirmed,1.0
186,2,circle,993,201,32391,confirmed,1.0
186,3,rectangle,214,412,29575,confirmed,1.0
186,5,triangle,780,517,16109,confirmed,0.933
186,6,trapezoid,929,551,26926,confirmed,0.956
187,1,pentagon,1239,495,36172,confirmed,1.0
187,2,circle,981,226,32417,confirmed,1.0
187,3,rectangle,214,416,29575,confirmed,1.0
187,5,triangle,773,510,12880,confirmed,0.911
187,6,trapezoid,915,513,26909,confirmed,0.956
188,1,pentagon,1236,491,36184,confirmed,1.0
188,2,circle,972,252,32429,confirmed,1.0
188,3,rectangle,214,418,29861,confirmed,1.0
188,5,triangle,780,509,13945,confirmed,0.911
188,6,trapezoid,900,477,26977,confirmed,0.956
189,1,pentagon,1232,487,36240,confirmed,1.0
189,2,circle,965,276,31874,confirmed,1.0
189,3,rectangle,212,422,29575,confirmed,1.0
189,5,triangle,788,514,13836,confirmed,0.911
189,6,trapezoid,885,440,26862,confirmed,0.956
190,1,pentagon,1229,483,36304,confirmed,1.0
190,2,circle,959,298,26911,confirmed,1.0
190,3,rectangle,212,426,29575,confirmed,1.0
190,5,triangle,804,525,16385,confirmed,0.889
190,6,trapezoid,871,402,26851,confirmed,0.956
191,1,pentagon,1226,478,36374,confirmed,1.0
191,2,circle,959,319,21108,confirmed,1.0
191,3,rectangle,212,428,29861,confirmed,1.0
191,5,triangle,810,518,19276,confirmed,0.867
191,6,trapezoid,856,365,26823,confirmed,0.956
192,1,pentagon,1223,473,36145,confirmed,1.0
192,2,circle,959,346,22067,confirmed,1.0
192,3,rectangle,210,432,29861,confirmed,1.0
192,5,triangle,813,508,20423,confirmed,0.867
192,6,trapezoid,841,328,26835,confirmed,0.956
193,1,pentagon,1219,469,36163,confirmed,1.0
193,2,circle,956,374,27583,confirmed,1.0
193,3,rectangle,210,436,29575,confirmed,1.0
193,5,triangle,816,500,20509,confirmed,0.867
193,6,trapezoid,827,291,26979,confirmed,0.956
194,1,pentagon,1216,465,36222,confirmed,1.0
194,2,circle,949,402,31836,confirmed,1.0
194,3,rectangle,210,440,29575,confirmed,1.0
194,5,triangle,819,495,20536,confirmed,0.867
194,6,trapezoid,813,254,27021,confirmed,0.956
195,1,pentagon,1212,461,36282,confirmed,1.0
195,2,circle,945,426,32400,confirmed,1.0
195,3,rectangle,208,444,29575,confirmed,1.0
195,5,triangle,822,491,18430,confirmed,0.867
195,6,trapezoid,798,217,27105,confirmed,0.956
196,1,pentagon,1208,455,36049,confirmed,1.0
196,2,circle,951,450,32384,confirmed,1.0
196,3,rectangle,208,446,29861,confirmed,1.0
196,5,triangle,824,487,17008,confirmed,0.867
196,6,trapezoid,783,180,27057,confirmed,0.956
197,1,pentagon,1204,451,36137,confirmed,1.0
197,2,circle,960,474,32373,confirmed,1.0
197,3,rectangle,208,450,29861,confirmed,1.0
197,5,triangle,823,483,16376,confirmed,0.867
197,6,trapezoid,768,150,27070,confirmed,0.956
198,1,pentagon,1200,447,36183,confirmed,1.0
198,2,circle,970,499,32404,confirmed,1.0
198,3,rectangle,206,454,29861,confirmed,1.0
198,5,triangle,821,478,16714,confirmed,0.867
198,6,trapezoid,758,185,27088,confirmed,0.956
199,1,pentagon,1195,443,36308,confirmed,1.0
199,2,circle,979,523,32383,confirmed,1.0
199,3,rectangle,206,458,29575,confirmed,1.0
199,5,triangle,822,473,17803,confirmed,0.867
199,6,trapezoid,749,205,27124,confirmed,0.956
200,1,pentagon,1191,438,36055,confirmed,1.0
200,2,circle,989,547,32430,confirmed,1.0
200,3,rectangle,206,462,29575,confirmed,1.0
200,5,triangle,828,471,18801,confirmed,0.844
200,6,trapezoid,748,265,27159,confirmed,0.956
201,1,pentagon,1186,433,36210,confirmed,1.0
201,2,circle,1001,571,32345,confirmed,1.0
201,3,rectangle,204,466,29575,confirmed,1.0
201,5,triangle,835,473,18990,confirmed,0.822
201,6,trapezoid,749,313,27063,confirmed,0.956
202,1,pentagon,1181,429,36209,confirmed,1.0
202,2,circle,1018,594,32377,confirmed,1.0
202,3,rectangle,204,470,29575,confirmed,1.0
202,5,triangle,841,474,17433,confirmed,0.822
202,6,trapezoid,749,353,26933,confirmed,0.978
203,1,pentagon,1177,424,36294,confirmed,1.0
203,2,circle,1037,616,32378,confirmed,1.0
203,3,rectangle,204,474,29575,confirmed,1.0
203,5,triangle,847,471,15694,confirmed,0.822
203,6,trapezoid,749,392,26836,confirmed,1.0
204,1,pentagon,1172,419,36087,confirmed,1.0
204,2,circle,1060,638,32475,confirmed,1.0
204,3,rectangle,204,478,29575,confirmed,1.0
204,5,triangle,852,466,13328,confirmed,0.822
204,6,trapezoid,748,430,26818,confirmed,1.0
205,1,pentagon,1166,415,36200,confirmed,1.0
205,2,circle,1086,659,32410,confirmed,1.0
205,3,rectangle,202,482,29575,confirmed,1.0
205,5,triangle,865,456,12253,confirmed,0.822
205,6,trapezoid,747,468,26928,confirmed,1.0
206,1,pentagon,1161,411,36258,confirmed,1.0
206,2,circle,1113,678,32386,confirmed,1.0
206,3,rectangle,202,486,29575,confirmed,1.0
206,5,triangle,874,447,14848,confirmed,0.822
206,6,trapezoid,747,506,26966,confirmed,1.0
207,1,pentagon,1155,406,36357,confirmed,1.0
207,2,circle,1143,696,32389,confirmed,1.0
207,3,rectangle,202,490,29575,confirmed,1.0
207,5,triangle,877,440,17555,confirmed,0.822
207,6,trapezoid,746,544,26995,confirmed,1.0
208,1,pentagon,1149,401,36130,confirmed,1.0
208,2,circle,1176,713,32429,confirmed,1.0
208,3,rectangle,202,494,29575,confirmed,1.0
208,5,triangle,868,442,20470,confirmed,0.822
208,6,trapezoid,746,582,27067,confirmed,1.0
209,1,pentagon,1144,397,36204,confirmed,1.0
209,2,circle,1211,729,32417,confirmed,1.0
209,3,rectangle,200,498,29575,confirmed,1.0
209,5,triangle,867,440,20506,confirmed,0.822
209,6,trapezoid,745,620,27071,confirmed,1.0
210,1,pentagon,1138,392,36360,confirmed,1.0
210,2,circle,1247,743,32389,confirmed,1.0
210,3,rectangle,200,502,29575,confirmed,1.0
210,5,triangle,870,436,20488,confirmed,0.822
210,6,trapezoid,745,658,27062,confirmed,1.0
211,1,pentagon,1132,387,36087,confirmed,1.0
211,2,circle,1285,755,32416,confirmed,1.0
211,3,rectangle,200,506,29861,confirmed,1.0
211,5,triangle,873,432,20534,confirmed,0.822
211,6,trapezoid,745,696,27090,confirmed,1.0
212,1,pentagon,1125,383,36210,confirmed,1.0
212,2,circle,1325,766,32375,confirmed,1.0
212,3,rectangle,200,510,29861,confirmed,1.0
212,5,triangle,877,428,20592,confirmed,0.822
212,6,trapezoid,744,734,27032,confirmed,1.0
213,1,pentagon,1119,379,36242,confirmed,1.0
213,2,circle,1365,776,32422,confirmed,1.0
213,3,rectangle,200,514,29861,confirmed,1.0
213,5,triangle,880,424,20652,confirmed,0.822
213,6,trapezoid,743,772,27003,confirmed,1.0
214,1,pentagon,1112,374,36356,confirmed,1.0
214,2,circle,1407,785,32408,confirmed,1.0
214,3,rectangle,198,518,29861,confirmed,1.0
214,5,triangle,883,420,20728,confirmed,0.822
214,6,trapezoid,742,810,27121,confirmed,1.0
215,1,pentagon,1105,369,36137,confirmed,1.0
215,2,circle,1449,794,32413,confirmed,1.0
215,3,rectangle,198,524,29575,confirmed,1.0
215,5,triangle,886,416,20805,confirmed,0.822
215,6,trapezoid,738,846,27025,confirmed,1.0
216,1,pentagon,1098,365,36202,confirmed,1.0
216,2,circle,1492,799,32385,confirmed,1.0
216,3,rectangle,198,528,29575,confirmed,1.0
216,5,triangle,889,411,20471,confirmed,0.822
216,6,trapezoid,729,822,27028,confirmed,1.0
217,1,pentagon,1091,361,36309,confirmed,1.0
217,2,circle,1536,802,32383,confirmed,1.0
217,3,rectangle,198,532,29861,confirmed,1.0
217,5,triangle,892,406,20579,confirmed,0.822
217,6,trapezoid,720,781,27045,confirmed,1.0
218,1,pentagon,1084,356,36347,confirmed,1.0
218,2,circle,1579,805,32401,confirmed,1.0
218,3,rectangle,198,536,29861,confirmed,1.0
218,5,triangle,895,402,20692,confirmed,0.822
218,6,trapezoid,711,738,27089,confirmed,1.0
219,1,pentagon,1077,351,36156,confirmed,1.0
219,2,circle,1616,795,32419,confirmed,1.0
219,3,rectangle,198,542,29575,confirmed,1.0
219,5,triangle,898,398,20812,confirmed,0.822
219,6,trapezoid,701,697,27024,confirmed,1.0
220,1,pentagon,1069,347,36235,confirmed,1.0
220,2,circle,1650,778,32401,confirmed,1.0
220,3,rectangle,198,546,29575,confirmed,1.0
220,5,triangle,900,392,20402,confirmed,0.822
220,6,trapezoid,691,657,27040,confirmed,1.0
221,1,pentagon,1061,343,36317,confirmed,1.0
221,2,circle,1682,761,32442,confirmed,1.0
221,3,rectangle,198,550,29861,confirmed,1.0
221,5,triangle,901,387,19822,confirmed,0.822
221,6,trapezoid,676,619,26991,confirmed,1.0
222,1,pentagon,1053,338,36058,confirmed,1.0
222,2,circle,1711,741,32406,confirmed,1.0
222,3,rectangle,198,556,29575,confirmed,1.0
222,5,triangle,900,382,18695,confirmed,0.822
222,6,trapezoid,661,582,27000,confirmed,1.0
223,1,pentagon,1045,333,36160,confirmed,1.0
223,2,circle,1736,720,32408,confirmed,1.0
223,3,rectangle,198,560,29575,confirmed,1.0
223,5,triangle,899,377,16749,confirmed,0.822
223,6,trapezoid,645,545,27056,confirmed,1.0
224,1,pentagon,1037,329,36232,confirmed,1.0
224,2,circle,1758,699,32392,confirmed,1.0
224,3,rectangle,198,564,29861,confirmed,1.0
224,5,triangle,898,371,15102,confirmed,0.822
224,6,trapezoid,628,508,27026,confirmed,1.0
225,1,pentagon,1029,325,36306,confirmed,1.0
225,2,circle,1778,676,32350,confirmed,1.0
225,3,rectangle,198,570,29575,confirmed,1.0
225,5,triangle,897,366,13328,confirmed,0.822
225,6,trapezoid,613,471,27097,confirmed,1.0
226,1,pentagon,1020,320,36350,confirmed,1.0
226,2,circle,1797,653,32463,confirmed,1.0
226,3,rectangle,198,574,29861,confirmed,1.0
226,5,triangle,896,361,11058,confirmed,0.822
226,6,trapezoid,597,434,27040,confirmed,1.0
227,1,pentagon,1011,316,36090,confirmed,1.0
227,2,circle,1813,630,32417,confirmed,1.0
227,3,rectangle,198,578,29861,confirmed,1.0
227,5,triangle,886,373,8764,confirmed,0.822
227,6,trapezoid,580,397,27015,confirmed,1.0
228,1,pentagon,1002,311,36164,confirmed,1.0
228,2,circle,1829,607,32197,confirmed,1.0
228,3,rectangle,198,584,29575,confirmed,1.0
228,5,triangle,880,377,6936,confirmed,0.822
228,6,trapezoid,564,361,27044,confirmed,1.0
229,1,pentagon,993,307,36179,confirmed,1.0
229,2,circle,1841,584,31039,confirmed,1.0
229,3,rectangle,198,588,29861,confirmed,1.0
229,5,triangle,876,378,5541,confirmed,0.822
229,6,trapezoid,547,324,27054,confirmed,1.0
230,1,pentagon,984,303,36182,confirmed,1.0
230,2,circle,1850,560,29832,confirmed,1.0
230,3,rectangle,198,594,29575,confirmed,1.0
230,5,triangle,872,379,4136,confirmed,0.822
230,6,trapezoid,530,287,27092,confirmed,1.0
231,1,pentagon,974,299,36290,confirmed,1.0
231,2,circle,1856,536,28410,confirmed,1.0
231,3,rectangle,198,598,29861,confirmed,1.0
231,5,triangle,868,380,4136,coasting,0.822
231,6,trapezoid,513,250,27090,confirmed,1.0
232,1,pentagon,964,295,36245,confirmed,1.0
232,2,circle,1859,511,26920,confirmed,1.0
232,3,rectangle,198,604,29575,confirmed,1.0
232,5,triangle,864,382,4136,coasting,0.822
232,6,trapezoid,497,213,27052,confirmed,1.0
233,1,pentagon,955,291,36292,confirmed,1.0
233,2,circle,1861,486,25342,confirmed,1.0
233,3,rectangle,198,608,29861,confirmed,1.0
233,5,triangle,860,383,4136,coasting,0.822
233,6,trapezoid,479,177,27111,confirmed,1.0
234,1,pentagon,944,287,36249,confirmed,1.0
234,2,circle,1863,461,23578,confirmed,1.0
234,3,rectangle,198,614,29861,confirmed,1.0
234,5,triangle,857,384,4136,coasting,0.822
234,6,trapezoid,457,141,27109,confirmed,1.0
235,1,pentagon,934,283,36196,confirmed,1.0
235,2,circle,1865,437,21784,confirmed,1.0
235,3,rectangle,200,620,29575,confirmed,1.0
235,5,triangle,854,385,4136,coasting,0.822
235,6,trapezoid,436,104,27059,confirmed,1.0
236,1,pentagon,923,279,36207,confirmed,1.0
236,2,circle,1868,412,20242,confirmed,1.0
236,3,rectangle,200,624,29861,confirmed,1.0
236,5,triangle,851,386,4136,coasting,0.822
236,6,trapezoid,416,68,26395,confirmed,1.0
237,1,pentagon,912,275,36181,confirmed,1.0
237,2,circle,1869,388,21309,confirmed,1.0
237,3,rectangle,200,630,29575,confirmed,1.0
237,5,triangle,849,387,4136,coasting,0.822
237,6,trapezoid,396,39,20032,confirmed,1.0
238,1,pentagon,902,271,36164,confirmed,1.0
238,2,circle,1867,363,22413,confirmed,1.0
238,3,rectangle,202,634,29861,confirmed,1.0
238,5,triangle,904,370,3010,confirmed,0.822
238,6,trapezoid,377,17,16216,confirmed,1.0
239,1,pentagon,891,267,36144,confirmed,1.0
239,2,circle,1865,338,23475,confirmed,1.0
239,3,rectangle,204,640,29861,confirmed,1.0
239,5,triangle,990,335,3859,confirmed,0.822
239,6,trapezoid,365,15,23243,confirmed,1.0
240,1,pentagon,880,263,36135,confirmed,1.0
240,2,circle,1861,314,24612,confirmed,1.0
240,3,rectangle,206,646,29575,confirmed,1.0
240,5,triangle,1030,315,4744,confirmed,0.822
240,6,trapezoid,373,70,27036,confirmed,1.0
241,1,pentagon,868,260,36372,confirmed,1.0
241,2,circle,1856,289,25885,confirmed,1.0
241,3,rectangle,206,650,29861,confirmed,1.0
241,5,triangle,1009,307,5873,confirmed,0.822
241,6,trapezoid,377,119,27023,confirmed,1.0
242,1,pentagon,857,257,36308,confirmed,1.0
242,2,circle,1851,265,27569,confirmed,1.0
242,3,rectangle,208,656,29861,confirmed,1.0
242,5,triangle,993,299,6819,confirmed,0.822
242,6,trapezoid,379,162,27050,confirmed,1.0
243,1,pentagon,845,253,36228,confirmed,1.0
243,2,circle,1844,240,29705,confirmed,1.0
243,3,rectangle,210,662,29575,confirmed,1.0
243,5,triangle,981,281,9239,confirmed,0.822
243,6,trapezoid,378,202,27048,confirmed,1.0
244,1,pentagon,833,249,36216,confirmed,1.0
244,2,circle,1834,217,31981,confirmed,1.0
244,3,rectangle,212,668,29575,confirmed,1.0
244,5,triangle,968,263,10460,confirmed,0.822
244,6,trapezoid,378,240,27013,confirmed,1.0
245,1,pentagon,821,246,36333,confirmed,1.0
245,2,circle,1806,198,32426,confirmed,1.0
245,3,rectangle,214,672,29861,confirmed,1.0
245,5,triangle,954,250,11774,confirmed,0.822
245,6,trapezoid,376,278,27046,confirmed,1.0
246,1,pentagon,808,243,36179,confirmed,1.0
246,2,circle,1772,182,32416,confirmed,1.0
246,3,rectangle,218,678,29861,confirmed,1.0
246,5,triangle,942,240,12787,confirmed,0.822
246,6,trapezoid,374,316,27072,confirmed,1.0
247,1,pentagon,795,241,36293,confirmed,1.0
247,2,circle,1734,168,32418,confirmed,1.0
247,3,rectangle,220,684,29575,confirmed,1.0
247,5,triangle,931,234,13697,confirmed,0.822
247,6,trapezoid,372,354,26998,confirmed,1.0
248,1,pentagon,782,238,36357,confirmed,1.0
248,2,circle,1692,160,32407,confirmed,1.0
248,3,rectangle,222,690,29575,confirmed,1.0
248,5,triangle,922,230,14754,confirmed,0.822
248,6,trapezoid,371,392,27126,confirmed,1.0
249,1,pentagon,769,235,36099,confirmed,1.0
249,2,circle,1649,164,32403,confirmed,1.0
249,3,rectangle,224,694,29861,confirmed,1.0
249,5,triangle,913,227,15508,confirmed,0.822
249,6,trapezoid,369,430,27064,confirmed,1.0
250,1,pentagon,755,234,36061,confirmed,1.0
250,2,circle,1606,174,32413,confirmed,1.0
250,3,rectangle,228,700,29861,confirmed,1.0
250,5,triangle,905,226,16444,confirmed,0.822
250,6,trapezoid,366,468,27033,confirmed,1.0
251,1,pentagon,741,233,36300,confirmed,1.0
251,2,circle,1571,187,32353,confirmed,1.0
251,3,rectangle,232,706,29575,confirmed,1.0
251,5,triangle,897,224,17028,confirmed,0.822
251,6,trapezoid,364,506,27055,confirmed,1.0
252,1,pentagon,727,231,36173,confirmed,1.0
252,2,circle,1551,210,32399,confirmed,1.0
252,3,rectangle,233,712,29453,confirmed,1.0
252,5,triangle,889,221,17907,confirmed,0.822
252,6,trapezoid,362,544,26985,confirmed,1.0
253,1,pentagon,713,231,36194,confirmed,1.0
253,2,circle,1533,233,32383,confirmed,1.0
253,3,rectangle,236,719,27435,confirmed,1.0
253,5,triangle,881,218,18340,confirmed,0.822
253,6,trapezoid,361,582,26880,confirmed,1.0
254,1,pentagon,698,231,36253,confirmed,1.0
254,2,circle,1516,257,32488,confirmed,1.0
254,3,rectangle,238,727,25454,confirmed,1.0
254,5,triangle,873,214,19118,confirmed,0.822
254,6,trapezoid,359,620,26856,confirmed,1.0
255,1,pentagon,684,231,36314,confirmed,1.0
255,2,circle,1500,280,32439,confirmed,1.0
255,3,rectangle,240,734,23185,confirmed,1.0
255,5,triangle,864,209,19469,confirmed,0.822
255,6,trapezoid,357,658,26813,confirmed,1.0
256,1,pentagon,669,230,36359,confirmed,1.0
256,2,circle,1486,304,32466,confirmed,1.0
256,3,rectangle,242,742,20443,confirmed,1.0
256,5,triangle,855,205,20200,confirmed,0.822
256,6,trapezoid,355,696,26849,confirmed,1.0
257,1,pentagon,654,230,36327,confirmed,1.0
257,2,circle,1476,328,32427,confirmed,1.0
257,3,rectangle,249,746,18969,confirmed,1.0
257,5,triangle,846,200,20314,confirmed,0.822
257,6,trapezoid,353,734,26795,confirmed,1.0
258,1,pentagon,640,231,36225,confirmed,1.0
258,2,circle,1468,353,32404,confirmed,1.0
258,3,rectangle,255,749,18358,confirmed,1.0
258,5,triangle,837,196,20740,confirmed,0.822
258,6,trapezoid,350,772,26743,confirmed,1.0
259,1,pentagon,625,233,36319,confirmed,1.0
259,2,circle,1463,377,32482,confirmed,1.0
259,3,rectangle,258,745,16844,confirmed,1.0
259,5,triangle,830,190,20604,confirmed,0.822
259,6,trapezoid,346,792,26827,confirmed,1.0
260,1,pentagon,610,233,36090,confirmed,1.0
260,2,circle,1457,402,32384,confirmed,1.0
260,3,rectangle,266,749,15292,confirmed,1.0
260,5,triangle,821,186,20795,confirmed,0.822
260,6,trapezoid,342,764,26823,confirmed,1.0
261,1,pentagon,595,235,36180,confirmed,1.0
261,2,circle,1453,427,32379,confirmed,1.0
261,3,rectangle,269,761,16013,confirmed,1.0
261,5,triangle,812,181,20483,confirmed,0.822
261,6,trapezoid,339,723,26811,confirmed,1.0
262,1,pentagon,580,237,36216,confirmed,1.0
262,2,circle,1450,452,32386,confirmed,1.0
262,3,rectangle,281,797,18712,confirmed,1.0
262,5,triangle,803,176,20602,confirmed,0.822
262,6,trapezoid,335,680,26841,confirmed,1.0
263,1,pentagon,565,239,36194,confirmed,1.0
263,2,circle,1447,476,32421,confirmed,1.0
263,3,rectangle,290,794,24713,confirmed,1.0
263,5,triangle,794,172,20642,confirmed,0.822
263,6,trapezoid,331,638,26899,confirmed,1.0
264,1,pentagon,550,241,36182,confirmed,1.0
264,2,circle,1446,501,32369,confirmed,1.0
264,3,rectangle,296,782,29861,confirmed,1.0
264,5,triangle,783,168,20610,confirmed,0.822
264,6,trapezoid,326,599,27064,confirmed,1.0
265,1,pentagon,535,243,36140,confirmed,1.0
265,2,circle,1446,526,32416,confirmed,1.0
265,3,rectangle,304,782,29575,confirmed,1.0
265,5,triangle,773,164,20543,confirmed,0.822
265,6,trapezoid,318,560,27038,confirmed,1.0
266,1,pentagon,520,247,36318,confirmed,1.0
266,2,circle,1448,551,32427,confirmed,1.0
266,3,rectangle,312,785,29861,confirmed,1.0
266,5,triangle,762,162,20760,confirmed,0.822
266,6,trapezoid,309,522,26995,confirmed,1.0
267,1,pentagon,506,251,36280,confirmed,1.0
267,2,circle,1450,576,32382,confirmed,1.0
267,3,rectangle,320,791,29575,confirmed,1.0
267,5,triangle,750,158,20527,confirmed,0.822
267,6,trapezoid,299,485,27024,confirmed,1.0
268,1,pentagon,492,255,36203,confirmed,1.0
268,2,circle,1454,601,32407,confirmed,1.0
268,3,rectangle,328,796,29861,confirmed,1.0
268,5,triangle,738,156,20585,confirmed,0.844
268,6,trapezoid,290,447,27044,confirmed,1.0
269,1,pentagon,479,260,36326,confirmed,1.0
269,2,circle,1460,625,32394,confirmed,1.0
269,3,rectangle,338,800,29861,confirmed,1.0
269,5,triangle,726,154,20631,confirmed,0.867
269,6,trapezoid,281,409,26976,confirmed,1.0
270,1,pentagon,465,265,36136,confirmed,1.0
270,2,circle,1466,650,32414,confirmed,1.0
270,3,rectangle,346,806,29575,confirmed,1.0
270,5,triangle,714,152,20652,confirmed,0.889
270,6,trapezoid,272,371,27017,confirmed,1.0
271,1,pentagon,453,271,36162,confirmed,1.0
271,2,circle,1475,674,32457,confirmed,1.0
271,3,rectangle,354,810,29575,confirmed,1.0
271,5,triangle,701,150,20689,confirmed,0.911
271,6,trapezoid,263,334,27038,confirmed,1.0
272,1,pentagon,440,277,36195,confirmed,1.0
272,2,circle,1485,698,32394,confirmed,1.0
272,3,rectangle,364,814,29861,confirmed,1.0
272,5,triangle,689,148,20767,confirmed,0.933
272,6,trapezoid,252,296,25088,confirmed,1.0
273,1,pentagon,427,283,36242,confirmed,1.0
273,2,circle,1497,722,32445,confirmed,1.0
273,3,rectangle,374,818,29861,confirmed,1.0
273,5,triangle,676,146,20752,confirmed,0.956
273,6,trapezoid,241,258,24261,confirmed,1.0
274,1,pentagon,415,289,36165,confirmed,1.0
274,2,circle,1511,746,32422,confirmed,1.0
274,3,rectangle,384,822,29861,confirmed,1.0
274,5,triangle,664,144,20812,confirmed,0.956
274,6,trapezoid,230,219,24717,confirmed,1.0
275,1,pentagon,403,296,36074,confirmed,1.0
275,2,circle,1526,769,32398,confirmed,1.0
275,3,rectangle,394,826,29861,confirmed,1.0
275,5,triangle,651,141,20449,confirmed,0.956
275,6,trapezoid,224,181,26299,confirmed,0.978
276,1,pentagon,392,303,36188,confirmed,1.0
276,2,circle,1543,792,32421,confirmed,1.0
276,3,rectangle,404,830,29861,confirmed,1.0
276,5,triangle,638,140,20684,confirmed,0.978
276,6,trapezoid,217,145,27008,confirmed,0.978
277,1,pentagon,381,311,36360,confirmed,1.0
277,2,circle,1563,814,32407,confirmed,1.0
277,3,rectangle,414,834,29861,confirmed,1.0
277,5,triangle,626,142,20418,confirmed,1.0
277,6,trapezoid,210,108,27019,confirmed,0.978
278,1,pentagon,370,317,36131,confirmed,1.0
278,2,circle,1585,836,32379,confirmed,1.0
278,3,rectangle,424,838,29861,confirmed,1.0
278,5,triangle,614,145,20697,confirmed,1.0
278,6,trapezoid,202,81,27096,confirmed,0.978
279,1,pentagon,360,325,36137,confirmed,1.0
279,2,circle,1613,856,32446,confirmed,1.0
279,3,rectangle,434,842,29861,confirmed,1.0
279,5,triangle,601,148,20597,confirmed,1.0
279,6,trapezoid,198,106,27029,confirmed,0.978
280,1,pentagon,350,333,36161,confirmed,1.0
280,2,circle,1646,872,32406,confirmed,1.0
280,3,rectangle,446,846,29861,confirmed,1.0
280,5,triangle,588,150,20484,confirmed,1.0
280,6,trapezoid,193,147,26968,confirmed,0.978
281,1,pentagon,340,341,36147,confirmed,1.0
281,2,circle,1682,886,32444,confirmed,1.0
281,3,rectangle,456,850,29861,confirmed,1.0
281,5,triangle,575,154,20660,confirmed,1.0
281,6,trapezoid,186,189,26783,confirmed,0.978
282,1,pentagon,331,350,36337,confirmed,1.0
282,2,circle,1720,900,32396,confirmed,1.0
282,3,rectangle,468,854,29861,confirmed,1.0
282,5,triangle,563,158,20748,confirmed,1.0
282,6,trapezoid,176,229,25475,confirmed,0.956
283,1,pentagon,322,359,36261,confirmed,1.0
283,2,circle,1757,914,32403,confirmed,1.0
283,3,rectangle,480,858,29575,confirmed,1.0
283,5,triangle,552,162,20557,confirmed,1.0
283,6,trapezoid,166,265,23471,confirmed,0.956
284,1,pentagon,313,367,36190,confirmed,1.0
284,2,circle,1795,913,32382,confirmed,1.0
284,3,rectangle,490,862,29575,confirmed,1.0
284,5,triangle,542,168,20652,confirmed,1.0
284,6,trapezoid,156,302,21635,confirmed,0.956
285,1,pentagon,305,376,36327,confirmed,1.0
285,2,circle,1833,913,30966,confirmed,1.0
285,3,rectangle,502,864,29861,confirmed,1.0
285,5,triangle,533,174,20541,confirmed,1.0
285,6,trapezoid,145,340,20256,confirmed,0.956
286,1,pentagon,297,385,36183,confirmed,1.0
286,2,circle,1866,907,24347,confirmed,1.0
286,3,rectangle,514,868,29575,confirmed,1.0
286,5,triangle,526,181,20770,confirmed,1.0
286,6,trapezoid,134,380,19394,confirmed,0.956
287,1,pentagon,289,395,36261,confirmed,1.0
287,2,circle,1892,897,16672,confirmed,1.0
287,3,rectangle,526,870,29861,confirmed,1.0
287,5,triangle,519,188,20527,confirmed,1.0
287,6,trapezoid,120,424,19646,confirmed,0.956
288,1,pentagon,282,404,36332,confirmed,1.0
288,2,circle,1911,881,9985,confirmed,1.0
288,3,rectangle,540,872,29861,confirmed,1.0
288,5,triangle,514,196,20627,confirmed,1.0
288,6,trapezoid,115,465,21385,confirmed,0.956
289,1,pentagon,275,413,36088,confirmed,1.0
289,2,circle,1924,860,4842,confirmed,1.0
289,3,rectangle,552,876,29575,confirmed,1.0
289,5,triangle,508,204,20691,confirmed,1.0
289,6,trapezoid,114,505,23257,confirmed,0.956
290,1,pentagon,269,423,36186,confirmed,1.0
290,2,circle,1943,845,4842,coasting,1.0
290,3,rectangle,566,878,29575,confirmed,1.0
290,5,triangle,504,212,20746,confirmed,1.0
290,6,trapezoid,116,543,24814,confirmed,0.956
291,1,pentagon,263,433,36164,confirmed,1.0
291,2,circle,1960,831,4842,coasting,1.0
291,3,rectangle,578,880,29575,confirmed,1.0
291,5,triangle,500,220,20776,confirmed,1.0
291,6,trapezoid,121,578,25992,confirmed,0.956
292,1,pentagon,257,443,36176,confirmed,1.0
292,2,circle,1976,818,4842,coasting,1.0
292,3,rectangle,592,882,29861,confirmed,1.0
292,5,triangle,496,228,20762,confirmed,1.0
292,6,trapezoid,121,613,26843,confirmed,0.956
293,1,pentagon,251,453,36212,confirmed,1.0
293,3,rectangle,606,884,29861,confirmed,1.0
293,5,triangle,493,236,20741,confirmed,1.0
293,6,trapezoid,119,650,27034,confirmed,0.956
294,1,pentagon,245,463,36135,confirmed,1.0
294,3,rectangle,618,886,29861,confirmed,1.0
294,5,triangle,490,244,20639,confirmed,1.0
294,6,trapezoid,116,687,26981,confirmed,0.956
295,1,pentagon,241,474,36319,confirmed,1.0
295,3,rectangle,632,888,29861,confirmed,1.0
295,5,triangle,489,252,20555,confirmed,1.0
295,6,trapezoid,112,725,26856,confirmed,0.956
296,1,pentagon,239,485,36200,confirmed,1.0
296,3,rectangle,646,888,29575,confirmed,1.0
296,5,triangle,487,261,20443,confirmed,1.0
296,6,trapezoid,125,745,26998,confirmed,0.956
297,1,pentagon,237,495,36106,confirmed,1.0
297,3,rectangle,660,887,29861,confirmed,1.0
297,5,triangle,486,270,20744,confirmed,1.0
297,6,trapezoid,132,717,26969,confirmed,0.956
298,1,pentagon,235,507,36333,confirmed,1.0
298,3,rectangle,674,886,29861,confirmed,1.0
298,5,triangle,484,278,20604,confirmed,1.0
298,6,trapezoid,139,700,25990,confirmed,0.956
299,1,pentagon,233,517,36177,confirmed,1.0
299,3,rectangle,688,886,29575,confirmed,1.0
299,5,triangle,484,287,20436,confirmed,1.0
299,6,trapezoid,146,672,20635,confirmed,0.956
300,1,pentagon,231,529,36323,confirmed,1.0
300,3,rectangle,704,884,29861,confirmed,1.0
300,5,triangle,484,296,20707,confirmed,1.0
300,6,trapezoid,152,637,12801,confirmed,0.956
301,1,pentagon,229,539,36129,confirmed,1.0
301,3,rectangle,718,884,29575,confirmed,1.0
301,5,triangle,484,304,20534,confirmed,1.0
301,6,trapezoid,141,593,6043,confirmed,0.956
302,1,pentagon,227,551,36235,confirmed,1.0
302,3,rectangle,732,884,29575,confirmed,1.0
302,5,triangle,485,314,20767,confirmed,1.0
302,6,trapezoid,135,540,5212,confirmed,0.956
303,1,pentagon,226,561,36121,confirmed,1.0
303,3,rectangle,748,884,29575,confirmed,1.0
303,5,triangle,487,322,20619,confirmed,1.0
303,6,trapezoid,155,486,12112,confirmed,0.956
304,1,pentagon,225,573,36211,confirmed,1.0
304,3,rectangle,762,882,29861,confirmed,1.0
304,5,triangle,488,332,20807,confirmed,1.0
304,6,trapezoid,184,438,21842,confirmed,0.956
305,1,pentagon,225,585,36317,confirmed,1.0
305,3,rectangle,778,882,29861,confirmed,1.0
305,5,triangle,490,340,20639,confirmed,1.0
305,6,trapezoid,214,395,26819,confirmed,0.956
306,1,pentagon,226,596,36314,confirmed,1.0
306,3,rectangle,792,882,29861,confirmed,1.0
306,5,triangle,493,349,20435,confirmed,1.0
306,6,trapezoid,246,364,27061,confirmed,0.956
307,1,pentagon,227,607,36132,confirmed,1.0
307,3,rectangle,808,882,29861,confirmed,1.0
307,5,triangle,496,358,20633,confirmed,1.0
307,6,trapezoid,262,329,27052,confirmed,0.956
308,1,pentagon,229,619,36200,confirmed,1.0
308,3,rectangle,822,882,29575,confirmed,1.0
308,5,triangle,500,367,20423,confirmed,1.0
308,6,trapezoid,273,292,27029,confirmed,0.956
309,1,pentagon,232,631,36250,confirmed,1.0
309,3,rectangle,838,880,29861,confirmed,1.0
309,5,triangle,504,376,20677,confirmed,1.0
309,6,trapezoid,283,255,27062,confirmed,0.956
310,1,pentagon,236,642,36341,confirmed,1.0
310,3,rectangle,852,878,29861,confirmed,1.0
310,5,triangle,509,384,20482,confirmed,1.0
310,6,trapezoid,295,217,27041,confirmed,0.956
311,1,pentagon,242,653,36134,confirmed,1.0
311,3,rectangle,868,876,29575,confirmed,1.0
311,5,triangle,514,394,20692,confirmed,1.0
311,6,trapezoid,307,180,27082,confirmed,0.956
312,1,pentagon,249,665,36234,confirmed,1.0
312,3,rectangle,882,872,29575,confirmed,1.0
312,5,triangle,520,402,20579,confirmed,1.0
312,6,trapezoid,320,143,27082,confirmed,0.956
313,1,pentagon,257,675,36139,confirmed,1.0
313,3,rectangle,895,868,29575,confirmed,1.0
313,5,triangle,527,411,20393,confirmed,1.0
313,6,trapezoid,334,105,27019,confirmed,0.956
314,1,pentagon,267,686,36340,confirmed,1.0
314,3,rectangle,906,863,29575,confirmed,1.0
314,5,triangle,534,420,20715,confirmed,1.0
314,6,trapezoid,348,68,26371,confirmed,0.956
315,1,pentagon,279,697,36302,confirmed,1.0
315,3,rectangle,918,856,29575,confirmed,1.0
315,5,triangle,542,428,20542,confirmed,1.0
315,6,trapezoid,364,38,20012,confirmed,0.956
316,1,pentagon,291,706,36320,confirmed,1.0
316,3,rectangle,930,850,29575,confirmed,1.0
316,5,triangle,549,437,20445,confirmed,1.0
316,6,trapezoid,381,13,12857,confirmed,0.956
317,1,pentagon,306,715,36146,confirmed,1.0
317,3,rectangle,942,844,29575,confirmed,1.0
317,5,triangle,557,446,20767,confirmed,1.0
317,6,trapezoid,399,-4,8696,confirmed,0.956
318,1,pentagon,321,723,36050,confirmed,1.0
318,3,rectangle,952,836,29861,confirmed,1.0
318,5,triangle,566,454,20630,confirmed,1.0
318,6,trapezoid,411,-3,16427,confirmed,0.956
319,1,pentagon,338,731,36067,confirmed,1.0
319,3,rectangle,964,830,29861,confirmed,1.0
319,5,triangle,574,462,20525,confirmed,1.0
319,6,trapezoid,417,12,23478,confirmed,0.956
320,1,pentagon,356,739,36195,confirmed,1.0
320,3,rectangle,976,824,29575,confirmed,1.0
320,5,triangle,584,471,20490,confirmed,1.0
320,6,trapezoid,407,74,27042,confirmed,0.956
320,7,pentagon,1890,350,12813,confirmed,0.0
321,1,pentagon,375,745,36146,confirmed,1.0
321,3,rectangle,986,816,29861,confirmed,1.0
321,5,triangle,593,480,20831,confirmed,1.0
321,6,trapezoid,403,123,27126,confirmed,0.956
321,7,pentagon,1884,373,15158,confirmed,0.0
322,1,pentagon,395,751,36205,confirmed,1.0
322,3,rectangle,998,810,29861,confirmed,1.0
322,5,triangle,604,488,20816,confirmed,1.0
322,6,trapezoid,402,165,27038,confirmed,0.956
322,7,pentagon,1878,401,16850,confirmed,0.0
323,1,pentagon,416,756,36366,confirmed,1.0
323,3,rectangle,1008,802,29861,confirmed,1.0
323,5,triangle,614,496,20785,confirmed,1.0
323,6,trapezoid,402,204,27101,confirmed,0.956
323,7,pentagon,1873,431,18593,confirmed,0.0
324,1,pentagon,438,760,36316,confirmed,1.0
324,3,rectangle,1020,796,29575,confirmed,1.0
324,5,triangle,625,504,20827,confirmed,1.0
324,6,trapezoid,402,242,27088,confirmed,0.956
324,7,hexagon,1867,462,20221,confirmed,0.0
325,1,pentagon,460,765,36308,confirmed,1.0
325,3,rectangle,1030,788,29861,confirmed,1.0
325,5,triangle,636,512,20761,confirmed,1.0
325,6,trapezoid,402,280,27092,confirmed,0.956
325,7,trapezoid,1863,491,21869,confirmed,0.0
326,1,pentagon,482,768,36208,confirmed,1.0
326,3,rectangle,1040,782,29575,confirmed,1.0
326,5,triangle,647,520,20814,confirmed,1.0
326,6,trapezoid,401,318,27132,confirmed,0.956
326,7,hexagon,1858,520,23488,confirmed,0.0
327,1,pentagon,504,765,36366,confirmed,1.0
327,3,rectangle,1050,774,29575,confirmed,1.0
327,5,triangle,659,527,20442,confirmed,1.0
327,6,trapezoid,398,355,27058,confirmed,0.956
327,7,circle,1854,547,25054,confirmed,0.0
328,1,pentagon,527,762,36142,confirmed,1.0
328,3,rectangle,1060,766,29575,confirmed,1.0
328,5,triangle,671,534,20524,confirmed,1.0
328,6,trapezoid,395,393,27055,confirmed,0.956
328,7,circle,1851,572,25863,confirmed,0.0
329,1,pentagon,549,759,36256,confirmed,1.0
329,3,rectangle,1068,757,29861,confirmed,1.0
329,5,triangle,683,542,20544,confirmed,1.0
329,6,trapezoid,393,431,27105,confirmed,0.956
329,7,circle,1850,597,25164,confirmed,0.0
330,1,pentagon,572,755,36114,confirmed,1.0
330,3,rectangle,1076,748,29861,confirmed,1.0
330,5,triangle,696,550,20661,confirmed,1.0
330,6,trapezoid,391,469,27088,confirmed,0.956
330,7,circle,1851,621,24410,confirmed,0.0
331,1,pentagon,595,753,36268,confirmed,1.0
331,3,rectangle,1083,740,29575,confirmed,1.0
331,5,triangle,710,558,20783,confirmed,1.0
331,6,trapezoid,389,507,27046,confirmed,0.956
331,7,7-gon,1853,644,23636,confirmed,0.0
332,1,pentagon,618,749,36177,confirmed,1.0
332,3,rectangle,1090,730,29861,confirmed,1.0
332,5,triangle,723,564,20534,confirmed,1.0
332,6,trapezoid,387,545,27063,confirmed,0.956
332,7,pentagon,1856,668,22738,confirmed,0.0
333,1,pentagon,641,745,36113,confirmed,1.0
333,3,rectangle,1096,722,29575,confirmed,1.0
333,5,triangle,738,571,20286,confirmed,1.0
333,6,trapezoid,387,583,26983,confirmed,0.956
333,7,hexagon,1860,691,21866,confirmed,0.0
334,1,pentagon,663,741,36199,confirmed,1.0
334,3,rectangle,1102,712,29861,confirmed,1.0
334,5,triangle,754,577,19733,confirmed,0.978
334,6,trapezoid,387,621,27023,confirmed,0.956
334,7,trapezoid,1864,715,20658,confirmed,0.0
335,1,pentagon,685,737,36299,confirmed,1.0
335,3,rectangle,1108,702,29861,confirmed,1.0
335,5,triangle,771,582,18595,confirmed,0.956
335,6,trapezoid,388,659,27016,confirmed,0.956
335,7,pentagon,1869,740,18476,confirmed,0.0
336,1,pentagon,707,731,36220,confirmed,1.0
336,3,rectangle,1114,694,29575,confirmed,1.0
336,5,triangle,789,585,17287,confirmed,0.933
336,6,trapezoid,388,697,27067,confirmed,0.956
336,7,pentagon,1876,763,14882,confirmed,0.0
337,1,pentagon,729,725,36193,confirmed,1.0
337,3,rectangle,1122,684,29861,confirmed,1.0
337,5,triangle,807,589,15594,confirmed,0.911
337,6,trapezoid,388,735,27078,confirmed,0.956
337,7,trapezoid,1885,786,9634,confirmed,0.0
338,1,pentagon,752,719,36157,confirmed,1.0
338,3,rectangle,1128,674,29861,confirmed,1.0
338,5,triangle,824,591,13454,confirmed,0.889
338,6,trapezoid,390,773,27037,confirmed,0.956
338,7,trapezoid,1892,809,9634,coasting,0.0
339,1,pentagon,773,713,36206,confirmed,1.0
339,3,rectangle,1134,666,29575,confirmed,1.0
339,5,triangle,842,593,11125,confirmed,0.889
339,6,trapezoid,392,811,27065,confirmed,0.956
339,7,trapezoid,1898,830,9634,coasting,0.0
340,1,pentagon,795,706,36329,confirmed,1.0
340,3,rectangle,1140,656,29575,confirmed,1.0
340,5,triangle,859,596,8708,confirmed,0.889
340,6,trapezoid,399,849,27015,confirmed,0.956
340,7,trapezoid,1904,849,9634,coasting,0.0
341,1,pentagon,815,699,36300,confirmed,1.0
341,3,rectangle,1146,646,29575,confirmed,1.0
341,5,triangle,873,591,5509,confirmed,0.889
341,6,trapezoid,405,832,27064,confirmed,0.956
341,7,trapezoid,1909,865,9634,coasting,0.0
342,1,pentagon,835,690,36132,confirmed,1.0
342,3,rectangle,1152,636,29861,confirmed,1.0
342,5,triangle,888,589,5509,coasting,0.889
342,6,trapezoid,411,820,27091,confirmed,0.956
342,7,trapezoid,1914,881,9634,coasting,0.0
343,1,pentagon,854,681,36234,confirmed,1.0
343,3,rectangle,1158,626,29861,confirmed,1.0
343,5,triangle,902,588,5509,coasting,0.889
343,6,trapezoid,424,758,27084,confirmed,0.956
343,7,trapezoid,1918,894,9634,coasting,0.0
344,1,pentagon,872,671,36183,confirmed,1.0
344,3,rectangle,1164,616,29861,confirmed,1.0
344,5,triangle,915,587,5509,coasting,0.889
344,6,trapezoid,437,710,27133,confirmed,0.956
344,7,trapezoid,1921,907,9634,coasting,0.0
345,1,pentagon,890,661,36193,confirmed,1.0
345,3,rectangle,1170,606,29861,confirmed,1.0
345,5,triangle,926,586,5509,coasting,0.889
345,6,trapezoid,450,669,27027,confirmed,0.956
345,7,trapezoid,1925,918,9634,coasting,0.0
346,1,pentagon,907,651,36260,confirmed,1.0
346,3,rectangle,1176,596,29861,confirmed,1.0
346,5,triangle,937,585,5509,coasting,0.889
346,6,trapezoid,463,629,27053,confirmed,0.956
346,7,trapezoid,1928,928,9634,coasting,0.0
347,1,pentagon,924,639,36116,confirmed,1.0
347,3,rectangle,1184,586,29861,confirmed,1.0
347,5,triangle,946,585,5509,coasting,0.889
347,6,trapezoid,475,592,27036,confirmed,0.956
347,7,trapezoid,1931,937,9634,coasting,0.0
348,1,pentagon,940,629,36348,confirmed,1.0
348,3,rectangle,1190,576,29861,confirmed,1.0
348,5,triangle,954,584,5509,coasting,0.889
348,6,trapezoid,488,556,27020,confirmed,0.956
348,7,trapezoid,1933,945,9634,coasting,0.0
349,1,pentagon,955,617,36228,confirmed,1.0
349,3,rectangle,1198,568,29575,confirmed,1.0
349,5,triangle,962,637,7934,confirmed,0.889
349,6,trapezoid,500,519,27076,confirmed,0.956
349,7,trapezoid,1935,952,9634,coasting,0.0
350,1,pentagon,969,605,36223,confirmed,1.0
350,3,rectangle,1206,558,29575,confirmed,1.0
350,5,triangle,974,725,10909,confirmed,0.867
350,6,trapezoid,516,482,27049,confirmed,0.956
350,7,trapezoid,1937,958,9634,coasting,0.0
351,1,pentagon,983,592,36344,confirmed,1.0
351,3,rectangle,1212,548,29575,confirmed,1.0
351,5,triangle,988,748,13553,confirmed,0.844
351,6,trapezoid,533,445,27072,confirmed,0.978
351,7,trapezoid,1939,964,9634,coasting,0.0
352,1,pentagon,996,579,36176,confirmed,1.0
352,3,rectangle,1221,538,29575,confirmed,1.0
352,5,triangle,1002,751,16180,confirmed,0.822
352,6,trapezoid,550,408,27053,confirmed,0.978
352,7,trapezoid,1941,970,9634,coasting,0.0
353,1,pentagon,1008,567,36340,confirmed,1.0
353,3,rectangle,1230,528,29575,confirmed,1.0
353,5,triangle,1017,748,18071,confirmed,0.8
353,6,trapezoid,567,371,27033,confirmed,0.978
353,7,trapezoid,1942,974,9634,coasting,0.0
354,1,pentagon,1020,553,36163,confirmed,1.0
354,3,rectangle,1238,518,29861,confirmed,1.0
354,5,triangle,1031,747,19294,confirmed,0.778
354,6,trapezoid,584,334,27051,confirmed,0.978
354,7,trapezoid,1943,979,9634,coasting,0.0
355,1,pentagon,1032,540,36044,confirmed,1.0
355,3,rectangle,1248,508,29861,confirmed,1.0
355,5,triangle,1045,750,20050,confirmed,0.778
355,6,trapezoid,601,298,27074,confirmed,0.978
355,7,trapezoid,1945,983,9634,coasting,0.0
356,1,pentagon,1045,527,36244,confirmed,1.0
356,3,rectangle,1256,498,29861,confirmed,1.0
356,5,triangle,1056,757,20745,confirmed,0.778
356,6,trapezoid,617,261,27092,confirmed,0.978
356,7,trapezoid,1946,986,9634,coasting,0.0
357,1,pentagon,1057,513,36200,confirmed,1.0
357,3,rectangle,1264,488,29861,confirmed,1.0
357,5,triangle,1064,768,20481,confirmed,0.778
357,6,trapezoid,634,224,27032,confirmed,0.978
357,7,trapezoid,1947,989,9634,coasting,0.0
358,1,pentagon,1069,499,36062,confirmed,1.0
358,3,rectangle,1274,478,29861,confirmed,1.0
358,5,triangle,1071,779,20673,confirmed,0.778
358,6,trapezoid,649,187,27108,confirmed,0.978
359,1,pentagon,1083,487,36278,confirmed,1.0
359,3,rectangle,1282,468,29861,confirmed,1.0
359,5,triangle,1078,791,20378,confirmed,0.778
359,6,trapezoid,664,150,27098,confirmed,1.0
360,1,pentagon,1097,473,36123,confirmed,1.0
360,3,rectangle,1292,458,29861,confirmed,1.0
360,5,triangle,1085,802,20558,confirmed,0.778
360,6,trapezoid,685,129,27066,confirmed,1.0
361,1,pentagon,1112,461,36278,confirmed,1.0
361,3,rectangle,1300,448,29861,confirmed,1.0
361,5,triangle,1092,814,20629,confirmed,0.778
361,6,trapezoid,691,157,27063,confirmed,1.0
362,1,pentagon,1126,447,36174,confirmed,1.0
362,3,rectangle,1310,439,29789,confirmed,1.0
362,5,triangle,1097,826,20653,confirmed,0.778
362,6,trapezoid,698,175,27092,confirmed,1.0
363,1,pentagon,1141,434,36347,confirmed,1.0
363,3,rectangle,1320,429,29634,confirmed,1.0
363,5,triangle,1100,838,20604,confirmed,0.778
363,6,trapezoid,696,234,27000,confirmed,1.0
364,1,pentagon,1156,421,36181,confirmed,1.0
364,3,rectangle,1331,419,29385,confirmed,1.0
364,5,triangle,1102,850,20573,confirmed,0.778
364,6,trapezoid,697,282,27064,confirmed,1.0
365,1,pentagon,1171,407,36069,confirmed,1.0
365,3,rectangle,1343,409,29188,confirmed,1.0
365,5,triangle,1108,862,20576,confirmed,0.778
365,6,trapezoid,698,323,27094,confirmed,1.0
365,8,pentagon,1887,258,17035,confirmed,0.0
366,1,pentagon,1187,395,36209,confirmed,1.0
366,3,rectangle,1354,399,28835,confirmed,1.0
366,5,triangle,1122,872,20459,confirmed,0.778
366,6,trapezoid,701,362,27003,confirmed,1.0
366,8,hexagon,1874,240,23421,confirmed,0.0
367,1,pentagon,1203,383,36320,confirmed,1.0
367,3,rectangle,1365,389,28115,confirmed,1.0
367,5,triangle,1142,876,20814,confirmed,0.778
367,6,trapezoid,704,399,27073,confirmed,1.0
367,8,circle,1856,221,29782,confirmed,0.0
368,1,pentagon,1220,369,36168,confirmed,1.0
368,3,rectangle,1377,379,27873,confirmed,1.0
368,5,triangle,1165,873,20444,confirmed,0.778
368,6,trapezoid,707,437,27070,confirmed,1.0
368,8,circle,1814,199,32413,confirmed,1.0
369,1,pentagon,1238,357,36200,confirmed,1.0
369,3,rectangle,1390,370,27351,confirmed,1.0
369,5,triangle,1188,870,20744,confirmed,0.778
369,6,trapezoid,709,475,27019,confirmed,1.0
369,8,circle,1772,185,32398,confirmed,1.0
370,1,pentagon,1256,345,36219,confirmed,1.0
370,3,rectangle,1403,361,26036,confirmed,1.0
370,5,triangle,1211,866,20430,confirmed,0.778
370,6,trapezoid,710,513,27009,confirmed,1.0
370,8,circle,1735,191,32442,confirmed,1.0
371,1,pentagon,1275,333,36230,confirmed,1.0
371,3,rectangle,1416,352,25341,confirmed,1.0
371,5,triangle,1226,858,20831,confirmed,0.778
371,6,trapezoid,710,551,27016,confirmed,1.0
371,8,circle,1702,208,32391,confirmed,1.0
372,1,pentagon,1296,322,36367,confirmed,1.0
372,3,rectangle,1431,343,23757,confirmed,1.0
372,5,triangle,1241,847,20788,confirmed,0.778
372,6,trapezoid,710,589,27012,confirmed,1.0
372,8,circle,1669,228,32397,confirmed,1.0
373,1,pentagon,1318,311,36183,confirmed,1.0
373,3,rectangle,1447,336,22261,confirmed,1.0
373,5,triangle,1255,837,20828,confirmed,0.778
373,6,trapezoid,710,627,27020,confirmed,1.0
373,8,circle,1638,247,32398,confirmed,1.0
374,1,pentagon,1342,302,36352,confirmed,1.0
374,3,rectangle,1463,330,19052,confirmed,1.0
374,5,triangle,1269,826,20783,confirmed,0.778
374,6,trapezoid,710,665,27065,confirmed,1.0
374,8,circle,1611,267,32438,confirmed,1.0
375,1,pentagon,1369,294,36095,confirmed,1.0
375,3,rectangle,1480,341,9118,confirmed,1.0
375,5,triangle,1283,816,20832,confirmed,0.778
375,6,trapezoid,711,704,27111,confirmed,1.0
375,8,circle,1587,288,32390,confirmed,1.0
376,1,pentagon,1397,290,36095,confirmed,1.0
376,3,rectangle,1497,343,9118,coasting,1.0
376,5,triangle,1298,805,20411,confirmed,0.778
376,6,trapezoid,711,742,27071,confirmed,1.0
376,8,circle,1566,309,29570,confirmed,1.0
377,1,pentagon,1426,288,36181,confirmed,1.0
377,3,rectangle,1512,345,9118,coasting,1.0
377,5,triangle,1312,794,20447,confirmed,0.778
377,6,trapezoid,712,780,27108,confirmed,1.0
377,8,circle,1550,333,23077,confirmed,1.0
378,1,pentagon,1456,286,36107,confirmed,1.0
378,3,rectangle,1525,347,9118,coasting,1.0
378,5,triangle,1327,784,20555,confirmed,0.778
378,6,trapezoid,712,818,27064,confirmed,1.0
378,8,circle,1538,362,19018,confirmed,1.0
379,1,pentagon,1486,285,36096,confirmed,1.0
379,3,rectangle,1559,315,5936,confirmed,1.0
379,5,triangle,1341,774,20637,confirmed,0.778
379,6,trapezoid,716,856,27077,confirmed,1.0
379,8,circle,1526,393,17917,confirmed,1.0
380,1,pentagon,1516,284,36255,confirmed,1.0
380,3,rectangle,1582,300,5936,coasting,1.0
380,5,triangle,1355,764,20811,confirmed,0.778
380,6,trapezoid,722,894,27061,confirmed,1.0
380,8,circle,1510,423,20215,confirmed,1.0
381,1,pentagon,1546,285,36316,confirmed,1.0
381,3,rectangle,1602,286,5936,coasting,1.0
381,5,triangle,1368,752,20586,confirmed,0.778
381,6,trapezoid,735,872,27021,confirmed,1.0
381,8,circle,1493,447,26333,confirmed,1.0
382,1,pentagon,1576,284,36368,confirmed,1.0
382,3,rectangle,1621,274,5936,coasting,1.0
382,5,triangle,1382,741,20405,confirmed,0.778
382,6,trapezoid,746,832,27108,confirmed,1.0
382,8,circle,1478,466,30844,confirmed,1.0
383,1,pentagon,1606,283,36153,confirmed,1.0
383,3,rectangle,1637,263,5936,coasting,1.0
383,5,triangle,1395,730,20688,confirmed,0.778
383,6,trapezoid,756,789,27077,confirmed,1.0
383,8,circle,1469,479,32379,confirmed,1.0
384,1,pentagon,1636,284,36303,confirmed,1.0
384,3,rectangle,1652,253,5936,coasting,1.0
384,5,triangle,1407,718,20630,confirmed,0.778
384,6,trapezoid,765,747,27081,confirmed,1.0
384,8,circle,1461,500,32401,confirmed,1.0
385,1,pentagon,1666,287,36218,confirmed,1.0
385,3,rectangle,1666,244,5936,coasting,1.0
385,5,triangle,1419,711,19355,confirmed,0.756
385,6,trapezoid,774,708,27084,confirmed,1.0
385,8,circle,1454,524,32411,confirmed,1.0
386,1,pentagon,1697,289,36237,confirmed,1.0
386,3,rectangle,1678,236,5936,coasting,1.0
386,5,triangle,1431,705,16499,confirmed,0.756
386,6,trapezoid,783,669,27073,confirmed,1.0
386,8,circle,1448,549,32380,confirmed,1.0
387,1,pentagon,1727,291,36143,confirmed,1.0
387,3,rectangle,1689,229,5936,coasting,1.0
387,5,triangle,1443,701,12566,confirmed,0.756
387,6,trapezoid,793,631,27055,confirmed,1.0
387,8,circle,1443,574,32355,confirmed,1.0
388,1,pentagon,1757,295,36387,confirmed,1.0
388,3,rectangle,1699,222,5936,coasting,1.0
388,5,triangle,1456,699,7842,confirmed,0.756
388,6,trapezoid,802,593,27128,confirmed,1.0
388,8,circle,1438,599,32319,confirmed,1.0
389,1,pentagon,1785,302,36183,confirmed,1.0
389,3,rectangle,1707,216,5936,coasting,1.0
389,5,triangle,1469,696,7842,coasting,0.756
389,6,trapezoid,812,556,27045,confirmed,1.0
389,8,circle,1433,624,32374,confirmed,1.0
390,1,pentagon,1813,309,36214,confirmed,1.0
390,3,rectangle,1715,211,5936,coasting,1.0
390,5,triangle,1481,692,7842,coasting,0.756
390,6,trapezoid,822,518,27074,confirmed,1.0
390,8,circle,1427,648,32489,confirmed,1.0
391,1,pentagon,1837,319,34527,confirmed,1.0
391,3,rectangle,1753,210,5115,confirmed,1.0
391,5,triangle,1501,664,9115,confirmed,0.756
391,6,trapezoid,832,481,27089,confirmed,1.0
391,8,circle,1422,673,32345,confirmed,1.0
392,1,pentagon,1856,331,31480,confirmed,1.0
392,3,rectangle,1795,214,6178,confirmed,1.0
392,5,triangle,1519,632,10316,confirmed,0.756
392,6,trapezoid,843,443,27107,confirmed,1.0
392,8,circle,1441,695,32381,confirmed,1.0
393,1,pentagon,1868,345,28585,confirmed,1.0
393,3,rectangle,1833,220,6700,confirmed,1.0
393,5,triangle,1532,603,13019,confirmed,0.756
393,6,trapezoid,852,405,27068,confirmed,1.0
393,8,circle,1466,716,32350,confirmed,1.0
394,1,pentagon,1876,361,25912,confirmed,1.0
394,3,rectangle,1863,229,6529,confirmed,1.0
394,5,triangle,1538,583,17071,confirmed,0.756
394,6,trapezoid,863,368,27109,confirmed,1.0
394,8,circle,1496,734,32379,confirmed,1.0
395,1,pentagon,1879,379,23365,confirmed,1.0
395,3,rectangle,1884,241,6204,confirmed,1.0
395,5,triangle,1542,568,19479,confirmed,0.756
395,6,trapezoid,873,330,27125,confirmed,1.0
395,8,circle,1538,741,32386,confirmed,1.0
396,1,pentagon,1881,397,20975,confirmed,1.0
396,3,rectangle,1898,255,5519,confirmed,1.0
396,5,triangle,1541,565,20458,confirmed,0.756
396,6,trapezoid,883,293,27171,confirmed,1.0
396,8,circle,1584,741,32388,confirmed,1.0
397,1,pentagon,1881,416,18871,confirmed,1.0
397,3,rectangle,1905,270,5082,confirmed,1.0
397,5,triangle,1546,556,20782,confirmed,0.756
397,6,trapezoid,894,255,27125,confirmed,1.0
397,8,circle,1629,737,32414,confirmed,1.0
398,1,pentagon,1881,436,16714,confirmed,1.0
398,3,rectangle,1910,286,4289,confirmed,1.0
398,5,triangle,1554,543,20710,confirmed,0.756
398,6,trapezoid,907,218,27087,confirmed,1.0
398,8,circle,1671,728,32421,confirmed,1.0
399,1,pentagon,1882,456,14514,confirmed,1.0
399,3,rectangle,1912,303,3394,confirmed,1.0
399,5,triangle,1562,529,20648,confirmed,0.756
399,6,trapezoid,921,181,27166,confirmed,1.0
399,8,circle,1710,714,32402,confirmed,1.0
400,1,pentagon,1884,475,12774,confirmed,1.0
400,3,rectangle,1918,318,3394,coasting,1.0
400,5,triangle,1570,514,20595,confirmed,0.778
400,6,trapezoid,934,143,27108,confirmed,1.0
400,8,circle,1744,697,32388,confirmed,1.0
401,1,pentagon,1886,495,11134,confirmed,1.0
401,3,rectangle,1924,332,3394,coasting,1.0
401,5,triangle,1578,500,20556,confirmed,0.8
401,6,trapezoid,948,106,27076,confirmed,1.0
401,8,circle,1775,678,32367,confirmed,1.0
402,1,pentagon,1889,514,9536,confirmed,1.0
402,3,rectangle,1928,345,3394,coasting,1.0
402,5,triangle,1586,487,20529,confirmed,0.822
402,6,trapezoid,955,122,27135,confirmed,1.0
402,8,circle,1803,660,32348,confirmed,1.0
403,1,pentagon,1893,532,7977,confirmed,1.0
403,3,rectangle,1933,356,3394,coasting,1.0
403,5,triangle,1594,473,20523,confirmed,0.844
403,6,trapezoid,959,161,27081,confirmed,1.0
403,8,circle,1830,643,29393,confirmed,1.0
404,1,pentagon,1897,550,6449,confirmed,1.0
404,3,rectangle,1937,367,3394,coasting,1.0
404,5,triangle,1603,458,20538,confirmed,0.867
404,6,trapezoid,963,187,27166,confirmed,1.0
404,8,circle,1851,626,23583,confirmed,1.0
405,1,pentagon,1901,567,4972,confirmed,1.0
405,3,rectangle,1940,376,3394,coasting,1.0
405,5,triangle,1611,444,20558,confirmed,0.889
405,6,trapezoid,962,241,27129,confirmed,1.0
405,8,circle,1866,610,17753,confirmed,1.0
406,1,pentagon,1905,581,3522,confirmed,1.0
406,3,rectangle,1943,384,3394,coasting,1.0
406,5,triangle,1619,430,20603,confirmed,0.911
406,6,trapezoid,962,285,27169,confirmed,1.0
406,8,circle,1878,590,13522,confirmed,1.0
407,1,pentagon,1908,595,2796,confirmed,1.0
407,3,rectangle,1946,392,3394,coasting,1.0
407,5,triangle,1627,416,20636,confirmed,0.933
407,6,trapezoid,964,325,27133,confirmed,1.0
407,8,circle,1888,564,10522,confirmed,1.0
408,1,pentagon,1911,610,2796,coasting,1.0
408,3,rectangle,1949,398,3394,coasting,1.0
408,5,triangle,1630,402,20790,confirmed,0.956
408,6,trapezoid,966,365,27196,confirmed,1.0
408,8,circle,1894,535,10314,confirmed,1.0
409,1,pentagon,1914,624,2796,coasting,1.0
409,3,rectangle,1951,405,3394,coasting,1.0
409,5,triangle,1631,386,20572,confirmed,0.978
409,6,trapezoid,967,402,27169,confirmed,1.0
409,8,circle,1897,508,10468,confirmed,1.0
410,1,pentagon,1917,636,2796,coasting,1.0
410,3,rectangle,1953,410,3394,coasting,1.0
410,5,triangle,1632,372,20760,confirmed,0.978
410,6,trapezoid,970,439,27127,confirmed,1.0
410,8,circle,1899,483,9796,confirmed,1.0
411,1,pentagon,1919,647,2796,coasting,1.0
411,3,rectangle,1955,415,3394,coasting,1.0
411,5,triangle,1630,356,20576,confirmed,0.978
411,6,trapezoid,973,477,27099,confirmed,1.0
411,8,circle,1900,458,8669,confirmed,1.0
412,1,pentagon,1921,656,2796,coasting,1.0
412,3,rectangle,1956,419,3394,coasting,1.0
412,5,triangle,1620,342,20567,confirmed,0.978
412,6,trapezoid,975,515,27166,confirmed,1.0
412,8,circle,1900,434,7645,confirmed,1.0
413,1,pentagon,1923,665,2796,coasting,1.0
413,3,rectangle,1958,423,3394,coasting,1.0
413,5,triangle,1605,329,20587,confirmed,0.978
413,6,trapezoid,978,553,27040,confirmed,1.0
413,8,circle,1900,410,7062,confirmed,1.0
414,1,pentagon,1925,673,2796,coasting,1.0
414,3,rectangle,1959,427,3394,coasting,1.0
414,5,triangle,1585,319,20725,confirmed,0.978
414,6,trapezoid,981,591,27075,confirmed,1.0
414,8,circle,1900,386,6748,confirmed,1.0
415,1,pentagon,1927,680,2796,coasting,1.0
415,3,rectangle,1961,430,3394,coasting,1.0
415,5,triangle,1563,309,20674,confirmed,0.978
415,6,trapezoid,984,629,27128,confirmed,1.0
415,8,circle,1899,362,6793,confirmed,1.0
416,1,pentagon,1928,687,2796,coasting,1.0
416,3,rectangle,1962,433,3394,coasting,1.0
416,5,triangle,1539,301,20764,confirmed,0.978
416,6,trapezoid,987,667,27232,confirmed,1.0
416,8,circle,1898,338,7564,confirmed,1.0
417,1,pentagon,1918,727,7313,confirmed,1.0
417,3,rectangle,1963,436,3394,coasting,1.0
417,5,triangle,1515,294,20653,confirmed,0.978
417,6,trapezoid,992,705,27104,confirmed,1.0
417,8,circle,1895,313,8980,confirmed,1.0
418,1,pentagon,1904,768,12432,confirmed,1.0
418,3,rectangle,1963,438,3394,coasting,1.0
418,5,triangle,1490,286,20463,confirmed,0.978
418,6,trapezoid,995,743,27169,confirmed,1.0
418,8,circle,1892,289,11030,confirmed,1.0
419,1,pentagon,1887,804,18546,confirmed,1.0
419,3,rectangle,1964,440,3394,coasting,1.0
419,5,triangle,1464,280,20442,confirmed,0.978
419,6,trapezoid,999,781,27097,confirmed,1.0
419,8,circle,1886,264,14145,confirmed,1.0
420,1,pentagon,1869,832,24827,confirmed,1.0
420,5,triangle,1437,275,20788,confirmed,0.978
420,6,trapezoid,1003,819,27268,confirmed,1.0
420,8,circle,1879,241,18083,confirmed,1.0
421,1,pentagon,1850,852,30389,confirmed,1.0
421,5,triangle,1411,270,20730,confirmed,0.978
421,6,trapezoid,1007,857,27236,confirmed,1.0
421,8,circle,1870,219,22620,confirmed,1.0
422,1,pentagon,1830,867,35183,confirmed,1.0
422,5,triangle,1384,266,20777,confirmed,0.978
422,6,trapezoid,1016,839,27092,confirmed,1.0
422,8,circle,1857,197,27277,confirmed,1.0
423,1,pentagon,1800,860,36190,confirmed,1.0
423,5,triangle,1357,261,20433,confirmed,0.978
423,6,trapezoid,1026,800,27129,confirmed,1.0
423,8,circle,1842,177,31265,confirmed,1.0
424,1,pentagon,1765,861,36342,confirmed,1.0
424,5,triangle,1330,257,20500,confirmed,0.978
424,6,trapezoid,1036,757,27117,confirmed,1.0
424,8,circle,1811,161,32445,confirmed,1.0
425,1,pentagon,1730,865,36209,confirmed,1.0
425,5,triangle,1302,252,20559,confirmed,0.978
425,6,trapezoid,1046,723,27194,confirmed,1.0
425,8,circle,1779,144,32421,confirmed,1.0
426,1,pentagon,1694,869,36297,confirmed,1.0
426,5,triangle,1275,248,20543,confirmed,0.978
426,6,trapezoid,1057,678,27084,confirmed,1.0
426,8,circle,1749,125,32432,confirmed,1.0
427,1,pentagon,1658,871,36059,confirmed,1.0
427,5,triangle,1247,245,20452,confirmed,0.978
427,6,trapezoid,1068,638,27076,confirmed,1.0
427,8,circle,1720,107,32519,confirmed,1.0
428,1,pentagon,1621,875,36162,confirmed,1.0
428,5,triangle,1219,242,20586,confirmed,0.978
428,6,trapezoid,1080,600,27080,confirmed,1.0
428,8,circle,1690,90,31378,confirmed,1.0
429,1,pentagon,1585,879,36238,confirmed,1.0
429,5,triangle,1191,244,20561,confirmed,0.978
429,6,trapezoid,1092,563,27099,confirmed,1.0
429,8,circle,1659,75,29255,confirmed,1.0
430,1,pentagon,1550,878,36067,confirmed,1.0
430,5,triangle,1163,249,20534,confirmed,0.978
430,6,trapezoid,1104,525,27094,confirmed,1.0
430,8,circle,1626,64,27045,confirmed,1.0
431,1,pentagon,1515,874,36341,confirmed,1.0
431,5,triangle,1135,254,20431,confirmed,0.978
431,6,trapezoid,1116,487,27156,confirmed,1.0
431,8,circle,1589,56,25044,confirmed,1.0
431,9,rectangle,1894,787,13028,confirmed,0.0
432,1,pentagon,1479,867,36336,confirmed,1.0
432,5,triangle,1107,260,20735,confirmed,0.978
432,6,trapezoid,1128,450,27165,confirmed,1.0
432,8,circle,1550,50,23176,confirmed,1.0
432,9,rectangle,1888,800,15512,confirmed,0.0
433,1,pentagon,1444,861,36350,confirmed,1.0
433,5,triangle,1079,266,20775,confirmed,0.978
433,6,trapezoid,1140,413,27170,confirmed,1.0
433,8,circle,1508,47,21373,confirmed,1.0
433,9,rectangle,1881,816,18588,confirmed,0.0
434,1,pentagon,1409,853,36249,confirmed,1.0
434,5,triangle,1049,269,17625,confirmed,0.978
434,6,trapezoid,1152,375,27056,confirmed,1.0
434,8,circle,1465,46,20185,confirmed,1.0
434,9,rectangle,1872,832,21722,confirmed,0.0
435,1,pentagon,1376,844,36257,confirmed,1.0
435,5,triangle,1015,273,17441,confirmed,0.956
435,6,trapezoid,1164,338,27141,confirmed,1.0
435,8,circle,1421,47,21471,confirmed,1.0
435,9,rectangle,1863,848,25694,confirmed,0.0
436,1,pentagon,1348,830,36210,confirmed,1.0
436,5,triangle,994,283,19065,confirmed,0.933
436,6,trapezoid,1176,301,27146,confirmed,1.0
436,8,circle,1378,52,23542,confirmed,1.0
436,9,rectangle,1852,863,29588,confirmed,0.0
437,1,pentagon,1323,814,36327,confirmed,1.0
437,5,triangle,977,298,20766,confirmed,0.933
437,6,trapezoid,1187,263,27187,confirmed,1.0
437,8,circle,1338,60,26539,confirmed,1.0
437,9,rectangle,1829,872,29861,confirmed,1.0
438,1,pentagon,1302,796,36269,confirmed,1.0
438,5,triangle,958,311,20644,confirmed,0.933
438,6,trapezoid,1199,226,27113,confirmed,1.0
438,8,circle,1302,70,28948,confirmed,1.0
438,9,rectangle,1803,879,29575,confirmed,1.0
439,1,pentagon,1284,778,36336,confirmed,1.0
439,5,triangle,940,326,20699,confirmed,0.933
439,6,trapezoid,1210,188,27012,confirmed,1.0
439,8,circle,1274,77,24357,confirmed,1.0
439,9,rectangle,1777,887,29575,confirmed,1.0
440,1,pentagon,1266,758,36203,confirmed,1.0
440,5,triangle,926,340,20511,confirmed,0.933
440,6,trapezoid,1223,151,26877,confirmed,1.0
440,8,circle,1253,82,12493,confirmed,1.0
440,9,rectangle,1749,886,29861,confirmed,1.0
441,1,pentagon,1249,739,36334,confirmed,1.0
441,5,triangle,915,356,20509,confirmed,0.956
441,6,trapezoid,1233,168,27022,confirmed,1.0
441,8,circle,1233,88,12036,confirmed,1.0
441,9,rectangle,1721,885,29575,confirmed,1.0
442,1,pentagon,1233,719,36228,confirmed,1.0
442,5,triangle,907,373,20467,confirmed,0.956
442,6,trapezoid,1238,208,27021,confirmed,1.0
442,8,circle,1209,105,15864,confirmed,1.0
442,9,rectangle,1696,877,29861,confirmed,1.0
443,1,pentagon,1218,699,36245,confirmed,1.0
443,5,triangle,902,390,20729,confirmed,0.956
443,6,trapezoid,1242,250,26892,confirmed,1.0
443,8,circle,1187,131,19870,confirmed,1.0
443,9,rectangle,1675,866,29575,confirmed,1.0
444,1,pentagon,1207,678,36338,confirmed,1.0
444,5,triangle,897,406,20573,confirmed,0.956
444,6,trapezoid,1246,292,26896,confirmed,1.0
444,8,circle,1169,163,23848,confirmed,1.0
444,9,rectangle,1657,853,29575,confirmed,1.0
445,1,pentagon,1197,657,36175,confirmed,1.0
445,5,triangle,893,424,20734,confirmed,0.956
445,6,trapezoid,1251,329,27011,confirmed,1.0
445,8,circle,1152,199,27299,confirmed,1.0
445,9,rectangle,1641,839,29861,confirmed,1.0
446,1,pentagon,1188,636,36346,confirmed,1.0
446,5,triangle,890,440,20476,confirmed,0.956
446,6,trapezoid,1256,368,27055,confirmed,1.0
446,8,circle,1138,235,30030,confirmed,1.0
446,9,rectangle,1627,825,29861,confirmed,1.0
447,1,pentagon,1179,615,36204,confirmed,1.0
447,5,triangle,887,458,20600,confirmed,0.956
447,6,trapezoid,1260,406,27093,confirmed,1.0
447,8,circle,1135,268,31467,confirmed,1.0
447,9,rectangle,1613,810,29861,confirmed,1.0
448,1,pentagon,1170,593,36121,confirmed,1.0
448,5,triangle,884,476,20790,confirmed,0.956
448,6,trapezoid,1266,444,24800,confirmed,1.0
448,8,circle,1136,295,32138,confirmed,1.0
448,9,rectangle,1601,796,29575,confirmed,1.0
449,1,pentagon,1158,573,36293,confirmed,1.0
449,5,triangle,880,493,20484,confirmed,0.956
449,6,trapezoid,1277,479,20348,confirmed,1.0
449,8,circle,1138,321,32383,confirmed,1.0
449,9,rectangle,1588,782,29575,confirmed,1.0
450,1,pentagon,1146,551,36145,confirmed,1.0
450,5,triangle,877,510,20616,confirmed,0.956
450,6,trapezoid,1288,517,17702,confirmed,1.0
450,8,circle,1146,343,31596,confirmed,1.0
450,9,rectangle,1576,766,29861,confirmed,1.0
451,1,pentagon,1134,531,36295,confirmed,1.0
451,5,triangle,873,528,20747,confirmed,0.956
451,6,trapezoid,1300,557,19392,confirmed,1.0
451,8,circle,1156,366,28076,confirmed,1.0
451,9,rectangle,1564,752,29575,confirmed,1.0
452,1,pentagon,1122,509,36130,confirmed,1.0
452,5,triangle,869,545,20447,confirmed,0.956
452,6,trapezoid,1300,597,24941,confirmed,1.0
452,8,circle,1178,383,24636,confirmed,1.0
452,9,rectangle,1552,736,29861,confirmed,1.0
453,1,pentagon,1108,489,36258,confirmed,1.0
453,5,triangle,865,562,20534,confirmed,0.956
453,6,trapezoid,1283,637,27147,confirmed,1.0
453,8,circle,1209,400,27097,confirmed,1.0
453,9,rectangle,1542,722,29575,confirmed,1.0
454,1,pentagon,1093,467,36170,confirmed,1.0
454,5,triangle,861,580,20585,confirmed,0.956
454,6,trapezoid,1280,675,27031,confirmed,1.0
454,8,circle,1271,402,31477,confirmed,1.0
454,9,rectangle,1535,706,29575,confirmed,1.0
455,1,pentagon,1079,447,36319,confirmed,1.0
455,5,triangle,857,598,20651,confirmed,0.956
455,6,trapezoid,1281,713,27098,confirmed,1.0
455,8,circle,1320,397,32466,confirmed,1.0
455,9,rectangle,1531,689,29861,confirmed,1.0
456,1,pentagon,1062,426,36365,confirmed,1.0
456,5,triangle,854,616,20689,confirmed,0.956
456,6,trapezoid,1280,751,27182,confirmed,1.0
456,8,circle,1363,389,32437,confirmed,1.0
456,9,rectangle,1527,672,29861,confirmed,1.0
457,1,pentagon,1044,405,36098,confirmed,1.0
457,5,triangle,848,634,20743,confirmed,0.956
457,6,trapezoid,1281,789,27049,confirmed,1.0
457,8,circle,1398,374,32406,confirmed,1.0
457,9,rectangle,1524,656,29575,confirmed,1.0
458,1,pentagon,1025,385,36054,confirmed,1.0
458,5,triangle,843,652,20802,confirmed,0.956
458,6,trapezoid,1279,827,27075,confirmed,1.0
458,8,circle,1425,354,32415,confirmed,1.0
458,9,rectangle,1518,640,29575,confirmed,1.0
459,1,pentagon,1003,366,36217,confirmed,1.0
459,5,triangle,837,668,20469,confirmed,0.956
459,6,trapezoid,1279,865,27078,confirmed,1.0
459,8,circle,1448,332,32404,confirmed,1.0
459,9,rectangle,1515,622,29861,confirmed,1.0
460,1,pentagon,978,349,36330,confirmed,1.0
460,5,triangle,831,687,20473,confirmed,0.956
460,6,trapezoid,1281,894,27123,confirmed,1.0
460,8,circle,1462,308,32388,confirmed,1.0
460,9,rectangle,1514,606,29575,confirmed,1.0
461,1,pentagon,951,331,36211,confirmed,1.0
461,5,triangle,823,704,20577,confirmed,0.956
461,6,trapezoid,1294,857,27130,confirmed,1.0
461,8,circle,1465,282,32394,confirmed,1.0
461,9,rectangle,1512,588,29861,confirmed,1.0
462,1,pentagon,921,315,36363,confirmed,1.0
462,5,triangle,815,722,20640,confirmed,0.956
462,6,trapezoid,1307,812,27095,confirmed,1.0
462,8,circle,1462,257,32394,confirmed,1.0
462,9,rectangle,1510,572,29575,confirmed,1.0
463,1,pentagon,886,302,36077,confirmed,1.0
463,5,triangle,805,740,20754,confirmed,0.956
463,6,trapezoid,1320,769,27174,confirmed,1.0
463,8,circle,1452,232,32427,confirmed,1.0
463,9,rectangle,1506,554,29861,confirmed,1.0
464,1,pentagon,848,293,36181,confirmed,1.0
464,5,triangle,794,757,20479,confirmed,0.956
464,6,trapezoid,1333,728,27081,confirmed,1.0
464,8,circle,1440,208,32391,confirmed,1.0
464,9,rectangle,1499,538,29861,confirmed,1.0
465,1,pentagon,807,289,36173,confirmed,1.0
465,5,triangle,780,774,20813,confirmed,0.956
465,6,trapezoid,1346,689,27115,confirmed,1.0
465,8,circle,1423,185,32368,confirmed,1.0
465,9,rectangle,1491,521,29449,confirmed,1.0
466,1,pentagon,765,287,36293,confirmed,1.0
466,5,triangle,762,789,20527,confirmed,0.956
466,6,trapezoid,1357,651,26996,confirmed,1.0
466,8,circle,1405,162,32385,confirmed,1.0
466,9,rectangle,1484,502,28470,confirmed,0.967
467,1,pentagon,723,287,36332,confirmed,1.0
467,5,triangle,742,803,20453,confirmed,0.956
467,6,trapezoid,1367,614,27042,confirmed,1.0
467,8,circle,1385,140,32383,confirmed,1.0
467,9,rectangle,1476,484,26458,confirmed,0.967
468,1,pentagon,682,290,36176,confirmed,1.0
468,5,triangle,715,813,20492,confirmed,0.956
468,6,trapezoid,1377,576,26985,confirmed,1.0
468,8,circle,1364,118,32435,confirmed,1.0
468,9,rectangle,1467,465,23454,confirmed,0.967
469,1,pentagon,641,295,36334,confirmed,1.0
469,5,triangle,690,810,20781,confirmed,0.956
469,6,trapezoid,1388,539,26901,confirmed,1.0
469,8,circle,1342,97,32247,confirmed,1.0
469,9,rectangle,1457,444,19015,confirmed,0.967
470,1,pentagon,602,304,36343,confirmed,1.0
470,5,triangle,678,793,20744,confirmed,0.956
470,6,trapezoid,1398,501,26903,confirmed,1.0
470,8,circle,1316,79,30431,confirmed,1.0
470,9,rectangle,1444,414,13414,confirmed,0.967
471,1,pentagon,568,318,36336,confirmed,1.0
471,5,triangle,680,772,20504,confirmed,0.956
471,6,trapezoid,1409,464,27012,confirmed,1.0
471,8,circle,1285,65,28329,confirmed,1.0
471,9,rectangle,1419,363,9841,confirmed,0.968
472,1,pentagon,534,333,36325,confirmed,1.0
472,5,triangle,686,752,20631,confirmed,0.956
472,6,trapezoid,1419,426,26930,confirmed,1.0
472,8,circle,1249,56,26232,confirmed,1.0
472,9,rectangle,1400,394,29579,confirmed,0.969
473,1,pentagon,501,348,36155,confirmed,1.0
473,5,triangle,693,733,20767,confirmed,0.956
473,6,trapezoid,1430,387,26783,confirmed,1.0
473,8,circle,1209,50,23915,confirmed,1.0
473,9,rectangle,1384,395,29865,confirmed,0.97
474,1,pentagon,469,364,36304,confirmed,1.0
474,5,triangle,701,712,20499,confirmed,0.956
474,6,trapezoid,1439,351,26917,confirmed,1.0
474,8,circle,1168,47,21984,confirmed,1.0
474,9,rectangle,1362,395,16092,confirmed,0.97
475,1,pentagon,436,380,36353,confirmed,1.0
475,5,triangle,710,694,20495,confirmed,0.956
475,6,trapezoid,1449,313,27038,confirmed,1.0
475,8,circle,1123,47,22384,confirmed,1.0
475,9,rectangle,1342,388,21027,confirmed,0.97
476,1,pentagon,404,396,36375,confirmed,1.0
476,5,triangle,722,676,20523,confirmed,0.956
476,6,trapezoid,1458,275,26997,confirmed,1.0
476,8,circle,1077,50,22971,confirmed,1.0
476,9,rectangle,1323,375,25212,confirmed,0.97
477,1,pentagon,372,412,36344,confirmed,1.0
477,5,triangle,737,659,20803,confirmed,0.956
477,6,trapezoid,1466,237,27074,confirmed,1.0
477,8,circle,1031,55,24803,confirmed,1.0
477,9,rectangle,1304,358,27894,confirmed,0.97
478,1,pentagon,345,430,36208,confirmed,1.0
478,5,triangle,754,643,20472,confirmed,0.956
478,6,trapezoid,1471,200,27123,confirmed,1.0
478,8,circle,989,64,27435,confirmed,1.0
478,9,rectangle,1285,331,29503,confirmed,0.971
479,1,pentagon,322,451,36314,confirmed,1.0
479,5,triangle,774,628,20778,confirmed,0.956
479,6,trapezoid,1476,165,27068,confirmed,1.0
479,8,circle,951,74,30012,confirmed,1.0
479,9,rectangle,1263,315,29575,confirmed,0.971
480,1,pentagon,306,474,36235,confirmed,1.0
480,5,triangle,798,613,20792,confirmed,0.978
480,6,trapezoid,1477,189,27108,confirmed,1.0
480,8,circle,918,88,32009,confirmed,1.0
480,9,rectangle,1239,303,29575,confirmed,0.972
481,1,pentagon,297,498,36251,confirmed,1.0
481,5,triangle,824,600,20633,confirmed,1.0
481,6,trapezoid,1478,230,27132,confirmed,1.0
481,8,circle,899,112,32412,confirmed,1.0
481,9,rectangle,1213,293,29575,confirmed,0.973
482,1,pentagon,291,523,36198,confirmed,1.0
482,5,triangle,851,587,20631,confirmed,1.0
482,6,trapezoid,1480,259,27200,confirmed,1.0
482,8,circle,876,134,32428,confirmed,1.0
482,9,rectangle,1185,283,29575,confirmed,0.974
483,1,pentagon,287,547,36156,confirmed,1.0
483,5,triangle,879,576,20571,confirmed,1.0
483,6,trapezoid,1481,295,27138,confirmed,1.0
483,8,circle,852,155,32398,confirmed,1.0
483,9,rectangle,1157,274,29861,confirmed,0.974
484,1,pentagon,286,572,36367,confirmed,1.0
484,5,triangle,908,565,20424,confirmed,1.0
484,6,trapezoid,1483,350,27124,confirmed,1.0
484,8,circle,828,176,32389,confirmed,1.0
484,9,rectangle,1127,267,29575,confirmed,0.975
485,1,pentagon,284,597,36217,confirmed,1.0
485,5,triangle,937,554,20550,confirmed,1.0
485,6,trapezoid,1486,394,27086,confirmed,1.0
485,8,circle,804,197,32386,confirmed,1.0
485,9,rectangle,1096,261,29575,confirmed,0.976
486,1,pentagon,286,622,36333,confirmed,1.0
486,5,triangle,967,544,20604,confirmed,1.0
486,6,trapezoid,1488,433,27027,confirmed,1.0
486,8,circle,780,218,32388,confirmed,1.0
486,9,rectangle,1065,257,29575,confirmed,0.976
487,1,pentagon,287,647,36207,confirmed,1.0
487,5,triangle,997,534,20672,confirmed,1.0
487,6,trapezoid,1490,473,27206,confirmed,1.0
487,8,circle,756,238,32396,confirmed,1.0
487,9,rectangle,1032,255,29575,confirmed,0.977
488,1,pentagon,291,671,36063,confirmed,1.0
488,5,triangle,1028,524,20734,confirmed,1.0
488,6,trapezoid,1494,509,27113,confirmed,1.0
488,8,circle,732,259,32380,confirmed,1.0
488,9,rectangle,999,253,29575,confirmed,0.977
489,1,pentagon,297,697,36246,confirmed,1.0
489,5,triangle,1058,514,20806,confirmed,1.0
489,6,trapezoid,1498,546,27083,confirmed,1.0
489,8,circle,712,281,32441,confirmed,1.0
489,9,rectangle,966,252,29861,confirmed,0.978
490,1,pentagon,304,721,36116,confirmed,1.0
490,5,triangle,1088,502,20470,confirmed,1.0
490,6,trapezoid,1503,584,27064,confirmed,1.0
490,8,circle,701,305,32394,confirmed,1.0
490,9,rectangle,934,253,29861,confirmed,0.978
491,1,pentagon,315,746,36368,confirmed,1.0
491,5,triangle,1119,492,20532,confirmed,1.0
491,6,trapezoid,1510,622,27109,confirmed,1.0
491,8,circle,691,330,32383,confirmed,1.0
491,9,rectangle,907,263,29861,confirmed,0.978
492,1,pentagon,329,770,36297,confirmed,1.0
492,5,triangle,1149,482,20658,confirmed,1.0
492,6,trapezoid,1515,660,27120,confirmed,1.0
492,8,circle,684,354,32406,confirmed,1.0
492,9,rectangle,881,276,29575,confirmed,0.978
493,1,pentagon,345,793,36138,confirmed,1.0
493,5,triangle,1180,472,20724,confirmed,1.0
493,6,trapezoid,1521,698,27138,confirmed,1.0
493,8,circle,681,379,32385,confirmed,1.0
493,9,rectangle,855,287,29812,confirmed,0.978
494,1,pentagon,366,816,36356,confirmed,1.0
494,5,triangle,1210,461,20392,confirmed,1.0
494,6,trapezoid,1527,736,27089,confirmed,1.0
494,8,circle,687,404,32465,confirmed,1.0
494,9,rectangle,834,297,27853,confirmed,0.956
495,1,pentagon,392,838,36180,confirmed,1.0
495,5,triangle,1242,452,20620,confirmed,1.0
495,6,trapezoid,1532,773,27126,confirmed,1.0
495,8,circle,701,427,32368,confirmed,1.0
495,9,rectangle,812,307,25315,confirmed,0.956
496,1,pentagon,423,856,36184,confirmed,1.0
496,5,triangle,1275,443,20414,confirmed,1.0
496,6,trapezoid,1538,811,27195,confirmed,1.0
496,8,circle,725,448,32394,confirmed,1.0
496,9,rectangle,792,317,21582,confirmed,0.956
497,1,pentagon,464,866,36140,confirmed,1.0
497,5,triangle,1307,434,20603,confirmed,1.0
497,6,trapezoid,1544,849,27197,confirmed,1.0
497,8,circle,759,464,32386,confirmed,1.0
497,9,rectangle,772,321,17374,confirmed,0.956
498,1,pentagon,511,865,36206,confirmed,1.0
498,5,triangle,1340,425,20424,confirmed,1.0
498,6,trapezoid,1550,886,27140,confirmed,1.0
498,8,circle,802,473,32361,confirmed,1.0
498,9,rectangle,752,334,18511,confirmed,0.956
499,1,pentagon,555,856,36317,confirmed,1.0
499,5,triangle,1373,416,20536,confirmed,1.0
499,6,trapezoid,1558,902,27161,confirmed,1.0
499,8,circle,847,476,32385,confirmed,1.0
499,9,rectangle,733,354,23986,confirmed,0.956
500,1,pentagon,598,844,36200,confirmed,1.0
500,5,triangle,1407,409,20444,confirmed,1.0
500,6,trapezoid,1568,872,27128,confirmed,1.0
500,8,circle,893,475,32383,confirmed,1.0
500,9,rectangle,727,393,29165,confirmed,0.956
501,1,pentagon,639,831,36125,confirmed,1.0
501,5,triangle,1441,402,20807,confirmed,1.0
501,6,trapezoid,1579,831,27165,confirmed,1.0
501,8,circle,934,471,32404,confirmed,1.0
501,9,rectangle,719,418,29861,confirmed,0.956
502,1,pentagon,679,816,36217,confirmed,1.0
502,5,triangle,1475,394,20748,confirmed,1.0
502,6,trapezoid,1591,788,27068,confirmed,1.0
502,8,circle,970,457,32385,confirmed,1.0
502,9,rectangle,708,438,29861,confirmed,0.956
503,1,pentagon,713,798,36171,confirmed,1.0
503,5,triangle,1509,386,20654,confirmed,1.0
503,6,trapezoid,1603,748,27211,confirmed,1.0
503,8,circle,1003,439,32408,confirmed,1.0
503,9,rectangle,698,455,29861,confirmed,0.956
504,1,pentagon,745,778,36077,confirmed,1.0
504,5,triangle,1544,379,20405,confirmed,1.0
504,6,trapezoid,1614,709,27132,confirmed,1.0
504,8,circle,1033,421,32405,confirmed,1.0
504,9,rectangle,688,474,29575,confirmed,0.956
505,1,pentagon,773,758,36166,confirmed,1.0
505,5,triangle,1579,372,20600,confirmed,1.0
505,6,trapezoid,1625,671,27129,confirmed,1.0
505,8,circle,1053,398,32403,confirmed,1.0
505,9,rectangle,680,492,29861,confirmed,0.956
506,1,pentagon,802,737,36245,confirmed,1.0
506,5,triangle,1614,366,20785,confirmed,1.0
506,6,trapezoid,1637,633,27083,confirmed,1.0
506,8,circle,1065,373,32388,confirmed,1.0
506,9,rectangle,670,510,29861,confirmed,0.956
507,1,pentagon,830,716,36175,confirmed,1.0
507,5,triangle,1650,358,20558,confirmed,1.0
507,6,trapezoid,1648,596,27116,confirmed,1.0
507,8,circle,1070,349,32405,confirmed,1.0
507,9,rectangle,662,530,29575,confirmed,0.956
508,1,pentagon,858,694,36324,confirmed,1.0
508,5,triangle,1685,352,20799,confirmed,1.0
508,6,trapezoid,1660,558,27155,confirmed,1.0
508,8,circle,1070,323,32389,confirmed,1.0
508,9,rectangle,652,548,29861,confirmed,0.956
509,1,pentagon,886,673,36281,confirmed,1.0
509,5,triangle,1720,344,20770,confirmed,1.0
509,6,trapezoid,1671,521,27101,confirmed,1.0
509,8,circle,1067,298,32373,confirmed,1.0
509,9,rectangle,642,568,29575,confirmed,0.956
510,1,pentagon,913,651,36234,confirmed,1.0
510,5,triangle,1754,335,20533,confirmed,1.0
510,6,trapezoid,1683,483,27097,confirmed,1.0
510,8,circle,1062,273,32377,confirmed,1.0
510,9,rectangle,632,586,29861,confirmed,0.956
511,1,pentagon,941,629,36181,confirmed,1.0
511,5,triangle,1790,325,18940,confirmed,1.0
511,6,trapezoid,1694,446,27037,confirmed,1.0
511,8,circle,1053,249,32402,confirmed,1.0
511,9,rectangle,622,606,29575,confirmed,0.956
512,1,pentagon,969,607,36158,confirmed,1.0
512,5,triangle,1828,314,17688,confirmed,1.0
512,6,trapezoid,1703,408,27014,confirmed,1.0
512,8,circle,1041,225,32385,confirmed,1.0
512,9,rectangle,612,624,29861,confirmed,0.956
513,1,pentagon,997,585,36198,confirmed,1.0
513,5,triangle,1863,302,16425,confirmed,1.0
513,6,trapezoid,1711,370,27025,confirmed,1.0
513,8,circle,1027,201,32407,confirmed,1.0
513,9,rectangle,602,644,29575,confirmed,0.956
514,1,pentagon,1024,563,36180,confirmed,1.0
514,5,triangle,1889,287,14658,confirmed,1.0
514,6,trapezoid,1720,332,26987,confirmed,1.0
514,8,circle,1010,178,32391,confirmed,1.0
514,9,rectangle,590,662,29861,confirmed,0.956
515,1,pentagon,1052,541,36211,confirmed,1.0
515,5,triangle,1907,271,11724,confirmed,1.0
515,6,trapezoid,1728,295,27058,confirmed,1.0
515,8,circle,990,156,32413,confirmed,1.0
515,9,rectangle,580,682,29575,confirmed,0.956
516,1,pentagon,1079,519,36305,confirmed,1.0
516,5,triangle,1917,253,8947,confirmed,1.0
516,6,trapezoid,1738,257,27052,confirmed,1.0
516,8,circle,966,135,32398,confirmed,1.0
516,9,rectangle,568,700,29861,confirmed,0.956
517,1,pentagon,1106,496,36346,confirmed,1.0
517,5,triangle,1921,235,7085,confirmed,1.0
517,6,trapezoid,1751,225,26965,confirmed,1.0
517,8,circle,937,116,32430,confirmed,1.0
517,9,rectangle,556,718,29861,confirmed,0.956
518,1,pentagon,1134,473,36135,confirmed,1.0
518,5,triangle,1917,217,7638,confirmed,1.0
518,6,trapezoid,1755,250,27105,confirmed,1.0
518,8,circle,908,98,32434,confirmed,1.0
518,9,rectangle,541,736,29861,confirmed,0.956
519,1,pentagon,1161,451,36195,confirmed,1.0
519,5,triangle,1909,197,8551,confirmed,1.0
519,6,trapezoid,1759,265,27164,confirmed,1.0
519,8,circle,873,85,31792,confirmed,1.0
519,9,rectangle,523,754,29861,confirmed,0.956
520,1,pentagon,1189,428,36335,confirmed,1.0
520,5,triangle,1899,175,9895,confirmed,1.0
520,6,trapezoid,1762,295,27183,confirmed,1.0
520,8,circle,833,77,31532,confirmed,1.0
520,9,rectangle,503,772,29575,confirmed,0.956
521,1,pentagon,1218,406,36314,confirmed,1.0
521,5,triangle,1889,151,11526,confirmed,1.0
521,6,trapezoid,1759,366,27132,confirmed,1.0
521,8,circle,788,75,31572,confirmed,1.0
521,9,rectangle,483,788,29861,confirmed,0.956
522,1,pentagon,1248,385,36287,confirmed,1.0
522,5,triangle,1879,127,13289,confirmed,1.0
522,6,trapezoid,1759,412,27139,confirmed,1.0
522,8,circle,741,77,31866,confirmed,1.0
522,9,rectangle,462,806,29575,confirmed,0.956
523,1,pentagon,1279,363,36209,confirmed,1.0
523,5,triangle,1870,103,15086,confirmed,1.0
523,6,trapezoid,1760,456,27094,confirmed,1.0
523,8,circle,696,86,32514,confirmed,1.0
523,9,rectangle,441,822,29575,confirmed,0.956
524,1,pentagon,1311,341,36072,confirmed,1.0
524,5,triangle,1860,82,16285,confirmed,1.0
524,6,trapezoid,1761,497,27167,confirmed,1.0
524,8,circle,654,115,32442,confirmed,1.0
524,9,rectangle,418,838,29861,confirmed,0.978
525,1,pentagon,1346,322,36245,confirmed,1.0
525,5,triangle,1848,66,17729,confirmed,1.0
525,6,trapezoid,1763,533,27129,confirmed,1.0
525,8,circle,618,135,32404,confirmed,1.0
525,9,rectangle,395,854,29575,confirmed,0.978
526,1,pentagon,1389,308,36341,confirmed,1.0
526,5,triangle,1830,54,17771,confirmed,1.0
526,6,trapezoid,1763,570,27088,confirmed,1.0
526,8,circle,583,151,32389,confirmed,1.0
526,9,rectangle,369,868,29575,confirmed,0.978
527,1,pentagon,1437,302,36202,confirmed,1.0
527,5,triangle,1803,48,17148,confirmed,1.0
527,6,trapezoid,1764,607,27020,confirmed,1.0
527,8,circle,550,168,32402,confirmed,1.0
527,9,rectangle,341,881,29861,confirmed,0.978
528,1,pentagon,1486,303,36344,confirmed,1.0
528,5,triangle,1769,48,17781,confirmed,1.0
528,6,trapezoid,1764,645,27064,confirmed,1.0
528,8,circle,520,186,32399,confirmed,1.0
528,9,rectangle,309,893,29575,confirmed,0.978
529,1,pentagon,1532,315,36297,confirmed,1.0
529,5,triangle,1733,56,18846,confirmed,1.0
529,6,trapezoid,1765,683,27156,confirmed,1.0
529,8,circle,492,205,32407,confirmed,1.0
529,9,rectangle,277,903,29575,confirmed,0.978
530,1,pentagon,1577,328,36267,confirmed,1.0
530,5,triangle,1700,71,19986,confirmed,1.0
530,6,trapezoid,1765,721,27090,confirmed,1.0
530,8,circle,467,225,32401,confirmed,1.0
530,9,rectangle,243,911,29575,confirmed,0.978
531,1,pentagon,1622,342,36227,confirmed,1.0
531,5,triangle,1671,90,20284,confirmed,1.0
531,6,trapezoid,1765,759,27096,confirmed,1.0
531,8,circle,446,247,32408,confirmed,1.0
531,9,rectangle,209,917,29861,confirmed,0.978
532,1,pentagon,1665,356,36147,confirmed,1.0
532,5,triangle,1655,126,20444,confirmed,1.0
532,6,trapezoid,1765,797,27129,confirmed,1.0
532,8,circle,427,269,32404,confirmed,1.0
532,9,rectangle,171,921,29575,confirmed,0.978
533,1,pentagon,1709,371,36074,confirmed,1.0
533,5,triangle,1641,152,20736,confirmed,1.0
533,6,trapezoid,1765,835,27119,confirmed,1.0
533,8,circle,416,293,32397,confirmed,1.0
533,9,rectangle,136,918,29575,confirmed,0.978
534,1,pentagon,1750,388,36192,confirmed,1.0
534,5,triangle,1630,175,20805,confirmed,1.0
534,6,trapezoid,1766,873,27066,confirmed,1.0
534,8,circle,408,318,32396,confirmed,1.0
534,9,rectangle,121,901,29575,confirmed,0.978
535,1,pentagon,1786,408,36198,confirmed,1.0
535,5,triangle,1621,197,20789,confirmed,1.0
535,6,trapezoid,1769,881,27130,confirmed,1.0
535,8,circle,401,343,32384,confirmed,1.0
535,9,rectangle,118,878,29861,confirmed,0.978
536,1,pentagon,1820,429,36343,confirmed,1.0
536,5,triangle,1622,218,20666,confirmed,1.0
536,6,trapezoid,1775,850,27082,confirmed,1.0
536,8,circle,395,367,32367,confirmed,1.0
536,9,rectangle,122,856,29575,confirmed,0.978
537,1,pentagon,1847,452,34862,confirmed,1.0
537,5,triangle,1627,240,20583,confirmed,1.0
537,6,trapezoid,1782,807,27091,confirmed,1.0
537,8,circle,404,391,32397,confirmed,1.0
537,9,rectangle,124,833,29861,confirmed,0.978
538,1,pentagon,1863,479,33936,confirmed,1.0
538,5,triangle,1638,262,20579,confirmed,1.0
538,6,trapezoid,1791,766,27100,confirmed,1.0
538,8,circle,416,415,32411,confirmed,1.0
538,9,rectangle,127,810,29861,confirmed,0.978
539,1,pentagon,1868,508,33239,confirmed,1.0
539,5,triangle,1650,284,20546,confirmed,1.0
539,6,trapezoid,1800,730,27136,confirmed,1.0
539,8,circle,434,438,32388,confirmed,1.0
539,9,rectangle,128,790,29575,confirmed,0.978
540,1,pentagon,1867,539,32494,confirmed,1.0
540,5,triangle,1664,306,20609,confirmed,1.0
540,6,trapezoid,1807,696,22213,confirmed,1.0
540,8,circle,464,456,32418,confirmed,1.0
540,9,rectangle,130,768,29861,confirmed,0.978
541,1,pentagon,1861,570,31981,confirmed,1.0
541,5,triangle,1679,328,20757,confirmed,1.0
541,6,trapezoid,1806,667,10933,confirmed,1.0
541,8,circle,504,468,32405,confirmed,1.0
541,9,rectangle,130,746,29861,confirmed,0.978
542,1,pentagon,1855,601,31188,confirmed,1.0
542,5,triangle,1698,348,20638,confirmed,1.0
542,6,trapezoid,1809,635,10933,coasting,1.0
542,8,circle,549,469,32386,confirmed,1.0
542,9,rectangle,132,726,29575,confirmed,0.978
543,1,pentagon,1849,632,30547,confirmed,1.0
543,5,triangle,1718,368,20668,confirmed,1.0
543,6,trapezoid,1800,589,6018,confirmed,1.0
543,8,circle,588,457,32378,confirmed,1.0
543,9,rectangle,134,704,29861,confirmed,0.978
544,1,pentagon,1845,662,30222,confirmed,1.0
544,5,triangle,1741,388,20843,confirmed,1.0
544,6,trapezoid,1807,540,17676,confirmed,1.0
544,8,circle,621,438,32378,confirmed,1.0
544,9,rectangle,134,682,29861,confirmed,1.0
545,1,pentagon,1842,692,29783,confirmed,1.0
545,5,triangle,1759,405,16226,confirmed,1.0
545,6,trapezoid,1820,497,21834,confirmed,1.0
545,8,circle,649,417,32378,confirmed,1.0
545,9,rectangle,136,660,29861,confirmed,1.0
546,1,pentagon,1841,721,30370,confirmed,1.0
546,5,triangle,1774,418,10479,confirmed,1.0
546,6,trapezoid,1832,455,20490,confirmed,1.0
546,8,circle,675,396,32432,confirmed,1.0
546,9,rectangle,136,640,29575,confirmed,1.0
547,1,pentagon,1839,750,31201,confirmed,1.0
547,5,triangle,1792,451,6573,confirmed,1.0
547,6,trapezoid,1844,415,19092,confirmed,1.0
547,8,circle,702,376,32378,confirmed,1.0
547,9,rectangle,138,618,29575,confirmed,1.0
548,1,pentagon,1837,779,33070,confirmed,1.0
548,5,triangle,1818,480,12466,confirmed,1.0
548,6,trapezoid,1854,377,17957,confirmed,1.0
548,8,circle,712,351,32398,confirmed,1.0
548,9,rectangle,140,596,29575,confirmed,1.0
549,1,pentagon,1832,808,34873,confirmed,1.0
549,5,triangle,1845,501,16416,confirmed,1.0
549,6,trapezoid,1862,340,16740,confirmed,1.0
549,8,circle,716,327,32384,confirmed,1.0
549,9,rectangle,140,574,29861,confirmed,1.0
550,1,pentagon,1822,837,36151,confirmed,1.0
550,5,triangle,1869,514,15331,confirmed,1.0
550,6,trapezoid,1868,304,15549,confirmed,1.0
550,8,circle,721,301,32377,confirmed,1.0
550,9,rectangle,139,552,29861,confirmed,1.0
551,1,pentagon,1789,860,36054,confirmed,1.0
551,5,triangle,1890,527,11388,confirmed,1.0
551,6,trapezoid,1872,268,14301,confirmed,1.0
551,8,circle,724,276,32382,confirmed,1.0
551,9,rectangle,138,530,29861,confirmed,1.0
552,1,pentagon,1742,874,36223,confirmed,1.0
552,5,triangle,1904,545,6825,confirmed,1.0
552,6,trapezoid,1876,232,12550,confirmed,1.0
552,8,circle,726,252,32452,confirmed,1.0
552,9,rectangle,138,508,29861,confirmed,1.0
553,1,pentagon,1689,872,36173,confirmed,1.0
553,5,triangle,1923,562,6825,coasting,1.0
553,6,trapezoid,1880,197,10475,confirmed,1.0
553,8,circle,724,227,32387,confirmed,1.0
553,9,rectangle,138,486,29861,confirmed,1.0
554,1,pentagon,1636,862,36107,confirmed,1.0
554,5,triangle,1940,577,6825,coasting,1.0
554,6,trapezoid,1886,161,8287,confirmed,1.0
554,8,circle,715,202,32407,confirmed,1.0
554,9,rectangle,138,464,29861,confirmed,1.0
555,1,pentagon,1586,848,36127,confirmed,1.0
555,5,triangle,1955,591,6825,coasting,1.0
555,6,trapezoid,1892,139,6655,confirmed,1.0
555,8,circle,705,178,32398,confirmed,1.0
555,9,rectangle,136,442,29861,confirmed,1.0
556,1,pentagon,1540,831,36244,confirmed,1.0
556,5,triangle,1968,604,6825,coasting,1.0
556,6,trapezoid,1898,143,5387,confirmed,1.0
556,8,circle,694,154,32431,confirmed,1.0
556,9,rectangle,136,420,29575,confirmed,1.0
557,1,pentagon,1498,811,36099,confirmed,1.0
557,6,trapezoid,1904,131,5387,coasting,1.0
557,8,circle,679,131,32392,confirmed,1.0
557,9,rectangle,134,398,29575,confirmed,1.0
558,1,pentagon,1459,790,36204,confirmed,1.0
558,6,trapezoid,1909,120,5387,coasting,1.0
558,8,circle,665,107,32456,confirmed,1.0
558,9,rectangle,134,376,29575,confirmed,1.0
559,1,pentagon,1422,768,36164,confirmed,1.0
559,6,trapezoid,1913,110,5387,coasting,1.0
559,8,circle,646,86,31214,confirmed,1.0
559,9,rectangle,132,354,29575,confirmed,1.0
560,1,pentagon,1387,745,36388,confirmed,1.0
560,6,trapezoid,1917,101,5387,coasting,1.0
560,8,circle,622,69,28838,confirmed,1.0
560,9,rectangle,130,330,29861,confirmed,1.0
561,1,pentagon,1355,720,36147,confirmed,1.0
561,6,trapezoid,1921,93,5387,coasting,1.0
561,8,circle,592,57,26336,confirmed,1.0
561,9,rectangle,131,308,29861,confirmed,1.0
562,1,pentagon,1324,695,36301,confirmed,1.0
562,6,trapezoid,1925,86,5387,coasting,1.0
562,8,circle,556,48,23885,confirmed,1.0
562,9,rectangle,133,286,29575,confirmed,1.0
563,1,pentagon,1293,669,36155,confirmed,1.0
563,6,trapezoid,1928,79,5387,coasting,1.0
563,8,circle,516,43,21263,confirmed,1.0
563,9,rectangle,140,264,29575,confirmed,1.0
564,1,pentagon,1266,643,36294,confirmed,1.0
564,6,trapezoid,1930,73,5387,coasting,1.0
564,8,circle,473,42,20885,confirmed,1.0
564,9,rectangle,152,242,29861,confirmed,1.0
565,1,pentagon,1239,616,36085,confirmed,1.0
565,6,trapezoid,1933,68,5387,coasting,1.0
565,8,circle,427,44,21765,confirmed,1.0
565,9,rectangle,171,222,29861,confirmed,1.0
566,1,pentagon,1214,589,36249,confirmed,1.0
566,6,trapezoid,1935,63,5387,coasting,1.0
566,8,circle,381,49,23558,confirmed,1.0
566,9,rectangle,195,203,29861,confirmed,1.0
567,1,pentagon,1192,561,36319,confirmed,1.0
567,6,trapezoid,1937,59,5387,coasting,1.0
567,8,circle,339,58,26633,confirmed,1.0
567,9,rectangle,221,194,27315,confirmed,0.978
568,1,pentagon,1173,532,36171,confirmed,1.0
568,6,trapezoid,1939,55,5387,coasting,1.0
568,8,circle,303,70,29632,confirmed,1.0
568,9,rectangle,246,190,21600,confirmed,0.978
568,10,triangle,1888,870,12386,confirmed,0.0
569,1,pentagon,1156,501,36110,confirmed,1.0
569,6,trapezoid,1940,52,5387,coasting,1.0
569,8,circle,272,85,31917,confirmed,1.0
569,9,rectangle,274,204,17972,confirmed,0.978
569,10,trapezoid,1878,880,16410,confirmed,0.0
570,1,pentagon,1140,472,36368,confirmed,1.0
570,6,trapezoid,1942,49,5387,coasting,1.0
570,8,circle,261,112,32374,confirmed,1.0
570,9,rectangle,306,222,19598,confirmed,0.978
570,10,trapezoid,1863,896,19088,confirmed,0.0
571,1,pentagon,1125,442,36334,confirmed,1.0
571,6,trapezoid,1943,46,5387,coasting,1.0
571,8,circle,247,138,32433,confirmed,1.0
571,9,rectangle,337,242,23234,confirmed,0.978
571,10,triangle,1842,918,20697,confirmed,0.0
572,1,pentagon,1110,412,36357,confirmed,1.0
572,6,trapezoid,1944,43,5387,coasting,1.0
572,8,circle,234,162,32401,confirmed,1.0
572,9,rectangle,364,263,26464,confirmed,0.978
572,10,triangle,1802,951,20397,confirmed,1.0
573,1,pentagon,1097,381,36131,confirmed,1.0
573,6,trapezoid,1945,41,5387,coasting,1.0
573,8,circle,223,186,32411,confirmed,1.0
573,9,rectangle,379,291,28422,confirmed,0.956
573,10,triangle,1767,973,20477,confirmed,1.0
574,1,pentagon,1083,351,36204,confirmed,1.0
574,6,trapezoid,1946,39,5387,coasting,1.0
574,8,circle,214,211,32368,confirmed,1.0
574,9,rectangle,389,312,29496,confirmed,0.956
574,10,triangle,1731,990,20582,confirmed,1.0
575,1,pentagon,1069,321,36219,confirmed,1.0
575,6,trapezoid,1947,37,5387,coasting,1.0
575,8,circle,207,235,32357,confirmed,1.0
575,9,rectangle,398,334,29575,confirmed,0.956
575,10,triangle,1694,1004,20817,confirmed,1.0
576,1,pentagon,1055,291,36313,confirmed,1.0
576,6,trapezoid,1948,35,5387,coasting,1.0
576,8,circle,200,260,32371,confirmed,1.0
576,9,rectangle,400,356,29861,confirmed,0.956
576,10,triangle,1657,1018,21340,confirmed,1.0
577,1,pentagon,1039,261,36355,confirmed,1.0
577,8,circle,194,284,32384,confirmed,1.0
577,9,rectangle,400,380,29575,confirmed,0.956
577,10,triangle,1616,1007,20771,confirmed,1.0
578,1,pentagon,1020,231,36269,confirmed,1.0
578,8,circle,188,309,32395,confirmed,1.0
578,9,rectangle,397,404,29575,confirmed,0.956
578,10,triangle,1584,986,20517,confirmed,1.0
579,1,pentagon,998,201,36203,confirmed,1.0
579,8,circle,181,333,32376,confirmed,1.0
579,9,rectangle,395,426,29861,confirmed,0.956
579,10,triangle,1560,962,20469,confirmed,1.0
580,1,pentagon,971,173,36100,confirmed,1.0
580,8,circle,180,358,32381,confirmed,1.0
580,9,rectangle,394,450,29575,confirmed,0.956
580,10,triangle,1545,938,20779,confirmed,1.0
581,1,pentagon,934,149,36222,confirmed,1.0
581,8,circle,185,383,32399,confirmed,1.0
581,9,rectangle,392,474,29575,confirmed,0.956
581,10,triangle,1535,912,20511,confirmed,1.0
582,1,pentagon,881,141,36140,confirmed,1.0
582,8,circle,191,407,32399,confirmed,1.0
582,9,rectangle,390,496,29861,confirmed,0.956
582,10,triangle,1529,886,20717,confirmed,1.0
583,1,pentagon,823,145,36123,confirmed,1.0
583,8,circle,198,432,32373,confirmed,1.0
583,9,rectangle,388,520,29861,confirmed,0.956
583,10,triangle,1523,861,20478,confirmed,1.0
584,1,pentagon,766,154,36313,confirmed,1.0
584,8,circle,205,456,32376,confirmed,1.0
584,9,rectangle,384,544,29861,confirmed,0.956
584,10,triangle,1526,836,20681,confirmed,1.0
585,1,pentagon,709,163,36208,confirmed,1.0
585,8,circle,211,481,32357,confirmed,1.0
585,9,rectangle,382,568,29447,confirmed,0.956
585,10,triangle,1535,811,20454,confirmed,1.0
586,1,pentagon,652,172,36183,confirmed,1.0
586,8,circle,217,506,32360,confirmed,1.0
586,9,rectangle,381,590,29288,confirmed,0.956
586,10,triangle,1548,786,20551,confirmed,1.0
587,1,pentagon,598,184,36212,confirmed,1.0
587,8,circle,224,530,32388,confirmed,1.0
587,9,rectangle,380,615,28305,confirmed,0.933
587,10,triangle,1568,763,20731,confirmed,1.0
588,1,pentagon,549,199,36203,confirmed,1.0
588,8,circle,232,555,32434,confirmed,1.0
588,9,rectangle,381,640,27489,confirmed,0.911
588,10,triangle,1594,742,20559,confirmed,1.0
589,1,pentagon,502,219,36291,confirmed,1.0
589,8,circle,242,579,32412,confirmed,1.0
589,9,rectangle,382,664,26461,confirmed,0.911
589,10,triangle,1623,721,20614,confirmed,1.0
590,1,pentagon,458,240,36104,confirmed,1.0
590,8,circle,254,603,32394,confirmed,1.0
590,9,rectangle,383,689,25340,confirmed,0.911
590,10,triangle,1653,702,20491,confirmed,1.0
591,1,pentagon,418,264,36187,confirmed,1.0
591,8,circle,268,626,32407,confirmed,1.0
591,9,rectangle,385,715,23983,confirmed,0.911
591,10,triangle,1685,684,20641,confirmed,1.0
592,1,pentagon,380,288,36138,confirmed,1.0
592,8,circle,285,649,32376,confirmed,1.0
592,9,rectangle,391,741,23041,confirmed,0.911
592,10,triangle,1717,666,20805,confirmed,1.0
593,1,pentagon,342,313,36364,confirmed,1.0
593,8,circle,306,671,32367,confirmed,1.0
593,9,rectangle,401,766,21980,confirmed,0.911
593,10,triangle,1749,646,20595,confirmed,1.0
594,1,pentagon,305,339,36267,confirmed,1.0
594,8,circle,334,691,32352,confirmed,1.0
594,9,rectangle,415,792,20744,confirmed,0.911
594,10,triangle,1778,626,20641,confirmed,1.0
595,1,pentagon,272,365,36338,confirmed,1.0
595,8,circle,370,706,32401,confirmed,1.0
595,9,rectangle,431,817,19083,confirmed,0.911
595,10,triangle,1807,606,20666,confirmed,1.0
596,1,pentagon,247,395,36381,confirmed,1.0
596,8,circle,411,714,32415,confirmed,1.0
596,9,rectangle,450,843,18489,confirmed,0.911
596,10,triangle,1836,586,20376,confirmed,1.0
597,1,pentagon,225,426,36331,confirmed,1.0
597,8,circle,455,719,32427,confirmed,1.0
597,9,rectangle,474,868,18785,confirmed,0.911
597,10,triangle,1861,564,18526,confirmed,1.0
598,1,pentagon,204,457,36213,confirmed,1.0
598,8,circle,497,722,32394,confirmed,1.0
598,9,rectangle,505,887,19477,confirmed,0.911
598,10,triangle,1881,540,15816,confirmed,1.0
599,1,pentagon,186,488,36344,confirmed,1.0
599,8,circle,536,713,32414,confirmed,1.0
599,9,rectangle,544,894,21929,confirmed,0.911
599,10,triangle,1896,517,12172,confirmed,1.0
600,1,pentagon,172,520,36303,confirmed,1.0
600,8,circle,575,699,32433,confirmed,1.0
600,9,rectangle,587,891,23364,confirmed,0.911
600,10,triangle,1905,496,8523,confirmed,1.0
601,1,pentagon,164,553,36201,confirmed,1.0
601,8,circle,605,680,32371,confirmed,1.0
601,9,rectangle,632,877,24270,confirmed,0.911
601,10,triangle,1910,478,6079,confirmed,1.0
602,1,pentagon,161,587,36298,confirmed,1.0
602,8,circle,625,656,32391,confirmed,1.0
602,9,rectangle,674,856,25412,confirmed,0.911
602,10,triangle,1911,461,4458,confirmed,1.0
603,1,pentagon,165,619,36097,confirmed,1.0
603,8,circle,635,632,32400,confirmed,1.0
603,9,rectangle,709,828,26094,confirmed,0.911
603,10,triangle,1917,442,4458,coasting,1.0
604,1,pentagon,177,653,36284,confirmed,1.0
604,8,circle,639,607,32444,confirmed,1.0
604,9,rectangle,718,784,26895,confirmed,0.889
604,10,triangle,1922,426,4458,coasting,1.0
605,1,pentagon,195,685,36329,confirmed,1.0
605,8,circle,637,582,32416,confirmed,1.0
605,9,rectangle,728,752,27631,confirmed,0.867
605,10,triangle,1914,400,6523,confirmed,1.0
606,1,pentagon,217,716,36150,confirmed,1.0
606,8,circle,632,556,32373,confirmed,1.0
606,9,rectangle,738,724,28372,confirmed,0.844
606,10,triangle,1902,367,11130,confirmed,1.0
607,1,pentagon,247,745,36340,confirmed,1.0
607,8,circle,623,532,32431,confirmed,1.0
607,9,rectangle,745,698,28960,confirmed,0.822
607,10,triangle,1886,333,15479,confirmed,1.0
608,1,pentagon,291,767,36165,confirmed,1.0
608,8,circle,612,508,32410,confirmed,1.0
608,9,rectangle,751,672,29702,confirmed,0.822
608,10,triangle,1866,301,18515,confirmed,1.0
609,1,pentagon,346,780,36188,confirmed,1.0
609,8,circle,595,485,32389,confirmed,1.0
609,9,rectangle,757,648,29861,confirmed,0.822
609,10,triangle,1843,274,20448,confirmed,1.0
610,1,pentagon,406,790,36157,confirmed,1.0
610,8,circle,573,463,32413,confirmed,1.0
610,9,rectangle,761,624,29575,confirmed,0.822
610,10,triangle,1802,259,20428,confirmed,1.0
611,1,pentagon,466,789,36130,confirmed,1.0
611,8,circle,544,444,32376,confirmed,1.0
611,9,rectangle,766,598,29861,confirmed,0.822
611,10,triangle,1762,244,20628,confirmed,1.0
612,1,pentagon,527,784,36205,confirmed,1.0
612,8,circle,510,428,32399,confirmed,1.0
612,9,rectangle,770,574,29575,confirmed,0.822
612,10,triangle,1722,229,20628,confirmed,1.0
613,1,pentagon,586,774,36189,confirmed,1.0
613,8,circle,473,414,32397,confirmed,1.0
613,9,rectangle,773,548,29861,confirmed,0.822
613,10,triangle,1683,214,20417,confirmed,1.0
614,1,pentagon,639,756,36183,confirmed,1.0
614,8,circle,437,400,32378,confirmed,1.0
614,9,rectangle,774,524,29575,confirmed,0.822
614,10,triangle,1642,204,20397,confirmed,1.0
615,1,pentagon,688,735,36154,confirmed,1.0
615,8,circle,394,396,32431,confirmed,1.0
615,9,rectangle,776,498,29861,confirmed,0.822
615,10,triangle,1596,209,20585,confirmed,1.0
616,1,pentagon,734,713,36106,confirmed,1.0
616,8,circle,350,397,32398,confirmed,1.0
616,9,rectangle,778,474,29575,confirmed,0.822
616,10,triangle,1551,220,20799,confirmed,1.0
617,1,pentagon,779,689,36303,confirmed,1.0
617,8,circle,306,403,32373,confirmed,1.0
617,9,rectangle,780,448,29861,confirmed,0.822
617,10,triangle,1505,230,20499,confirmed,1.0
618,1,pentagon,823,666,36298,confirmed,1.0
618,8,circle,270,418,32415,confirmed,1.0
618,9,rectangle,782,424,29575,confirmed,0.822
618,10,triangle,1464,246,20656,confirmed,1.0
619,1,pentagon,865,640,36116,confirmed,1.0
619,8,circle,238,436,32384,confirmed,1.0
619,9,rectangle,786,398,29575,confirmed,0.822
619,10,triangle,1431,266,20624,confirmed,1.0
620,1,pentagon,905,614,36141,confirmed,1.0
620,8,circle,211,457,32384,confirmed,1.0
620,9,rectangle,788,372,29861,confirmed,0.822
620,10,triangle,1401,288,20738,confirmed,1.0
621,1,pentagon,945,587,36169,confirmed,1.0
621,8,circle,189,479,32388,confirmed,1.0
621,9,rectangle,792,348,29575,confirmed,0.822
621,10,triangle,1374,311,20574,confirmed,1.0
622,1,pentagon,984,561,36207,confirmed,1.0
622,8,circle,170,501,32387,confirmed,1.0
622,9,rectangle,794,322,29575,confirmed,0.822
622,10,triangle,1358,337,20560,confirmed,1.0
623,1,pentagon,1024,535,36189,confirmed,1.0
623,8,circle,153,524,32378,confirmed,1.0
623,9,rectangle,798,296,29861,confirmed,0.822
623,10,triangle,1352,365,20795,confirmed,1.0
624,1,pentagon,1064,509,36189,confirmed,1.0
624,8,circle,139,548,32378,confirmed,1.0
624,9,rectangle,802,270,29861,confirmed,0.822
624,10,triangle,1351,392,20466,confirmed,1.0
625,1,pentagon,1102,481,36183,confirmed,1.0
625,8,circle,124,572,32350,confirmed,1.0
625,9,rectangle,806,246,29575,confirmed,0.822
625,10,triangle,1352,420,20537,confirmed,1.0
626,1,pentagon,1140,453,36201,confirmed,1.0
626,8,circle,111,596,32390,confirmed,1.0
626,9,rectangle,813,220,29861,confirmed,0.822
626,10,triangle,1351,448,20674,confirmed,1.0
627,1,pentagon,1177,425,36105,confirmed,1.0
627,8,circle,96,619,32319,confirmed,1.0
627,9,rectangle,825,196,29575,confirmed,0.822
627,10,triangle,1350,476,20753,confirmed,1.0
628,1,pentagon,1214,397,36143,confirmed,1.0
628,8,circle,83,643,31130,confirmed,1.0
628,9,rectangle,845,172,29861,confirmed,0.822
628,10,triangle,1348,504,20639,confirmed,1.0
629,1,pentagon,1252,370,36052,confirmed,1.0
629,8,circle,73,667,29748,confirmed,1.0
629,9,rectangle,882,159,29861,confirmed,0.822
629,10,triangle,1345,532,19583,confirmed,1.0
630,1,pentagon,1289,342,36344,confirmed,1.0
630,8,circle,68,691,29677,confirmed,1.0
630,9,rectangle,927,161,29861,confirmed,0.822
630,10,triangle,1338,559,20481,confirmed,1.0
631,1,pentagon,1329,315,36190,confirmed,1.0
631,8,circle,66,715,29573,confirmed,1.0
631,9,rectangle,973,171,29575,confirmed,0.822
631,10,triangle,1331,586,20644,confirmed,1.0
631,11,trapezoid,1890,284,9133,confirmed,0.0
632,1,pentagon,1370,289,36258,confirmed,1.0
632,8,circle,67,740,29478,confirmed,1.0
632,9,rectangle,1017,183,29861,confirmed,0.844
632,10,triangle,1324,614,20749,confirmed,1.0
632,11,trapezoid,1884,247,11162,confirmed,0.0
633,1,pentagon,1411,262,36055,confirmed,1.0
633,8,circle,70,765,29601,confirmed,1.0
633,9,rectangle,1057,198,29861,confirmed,0.867
633,10,triangle,1315,640,20482,confirmed,1.0
633,11,trapezoid,1877,223,12683,confirmed,0.0
634,1,pentagon,1453,235,36146,confirmed,1.0
634,8,circle,74,790,29887,confirmed,1.0
634,9,rectangle,1090,216,29861,confirmed,0.867
634,10,triangle,1305,668,20598,confirmed,1.0
634,11,trapezoid,1870,222,14104,confirmed,0.0
635,1,pentagon,1497,210,36166,confirmed,1.0
635,8,circle,79,815,30802,confirmed,1.0
635,9,rectangle,1120,238,29575,confirmed,0.867
635,10,triangle,1295,696,20710,confirmed,1.0
635,11,trapezoid,1863,241,15530,confirmed,0.0
636,1,pentagon,1543,187,36290,confirmed,1.0
636,8,circle,87,840,32032,confirmed,1.0
636,9,rectangle,1141,261,29861,confirmed,0.867
636,10,triangle,1279,722,20608,confirmed,1.0
636,11,trapezoid,1857,278,16738,confirmed,0.0
637,1,pentagon,1590,165,36307,confirmed,1.0
637,8,circle,103,863,32369,confirmed,1.0
637,9,rectangle,1157,287,29575,confirmed,0.867
637,10,triangle,1258,748,20787,confirmed,1.0
637,11,trapezoid,1851,326,18035,confirmed,0.0
638,1,pentagon,1645,173,36193,confirmed,1.0
638,8,circle,124,886,32342,confirmed,1.0
638,9,rectangle,1172,312,29575,confirmed,0.867
638,10,triangle,1230,771,20588,confirmed,1.0
638,11,trapezoid,1846,380,19246,confirmed,0.0
639,1,pentagon,1685,202,36264,confirmed,1.0
639,8,circle,150,906,32375,confirmed,1.0
639,9,rectangle,1180,338,29575,confirmed,0.867
639,10,triangle,1193,790,20409,confirmed,1.0
639,11,trapezoid,1842,434,20453,confirmed,0.0
640,1,pentagon,1716,235,36141,confirmed,1.0
640,8,circle,185,921,32388,confirmed,1.0
640,9,rectangle,1180,364,29575,confirmed,0.867
640,10,triangle,1150,805,20465,confirmed,1.0
640,11,trapezoid,1838,485,21660,confirmed,0.0
641,1,pentagon,1744,270,36129,confirmed,1.0
641,8,circle,226,929,32360,confirmed,1.0
641,9,rectangle,1176,390,29575,confirmed,0.867
641,10,triangle,1103,817,20490,confirmed,1.0
641,11,trapezoid,1834,533,22911,confirmed,0.0
642,1,pentagon,1771,304,36057,confirmed,1.0
642,8,circle,271,933,32409,confirmed,1.0
642,9,rectangle,1175,416,29861,confirmed,0.867
642,10,triangle,1052,818,20810,confirmed,1.0
642,11,trapezoid,1830,576,24135,confirmed,0.0
643,1,pentagon,1795,338,36288,confirmed,1.0
643,8,circle,316,936,32420,confirmed,1.0
643,9,rectangle,1173,442,29861,confirmed,0.867
643,10,triangle,1001,815,20719,confirmed,1.0
643,11,trapezoid,1825,616,25542,confirmed,0.0
644,1,pentagon,1821,371,35712,confirmed,1.0
644,8,circle,357,930,32400,confirmed,1.0
644,9,rectangle,1169,470,29575,confirmed,0.867
644,10,triangle,951,810,20539,confirmed,1.0
644,11,trapezoid,1820,653,26595,confirmed,0.0
645,1,pentagon,1843,405,33133,confirmed,1.0
645,8,circle,397,918,32392,confirmed,1.0
645,9,rectangle,1166,496,29575,confirmed,0.867
645,10,triangle,903,800,20537,confirmed,1.0
645,11,trapezoid,1812,688,27062,confirmed,0.0
646,1,pentagon,1861,438,28776,confirmed,1.0
646,8,circle,436,905,32367,confirmed,1.0
646,9,rectangle,1162,522,29861,confirmed,0.867
646,10,triangle,868,780,20647,confirmed,1.0
646,11,trapezoid,1803,723,27142,confirmed,0.0
647,1,pentagon,1874,471,24661,confirmed,1.0
647,8,circle,472,890,32405,confirmed,1.0
647,9,rectangle,1158,548,29861,confirmed,0.889
647,10,triangle,845,753,20517,confirmed,1.0
647,11,trapezoid,1787,756,27036,confirmed,1.0
648,1,pentagon,1883,505,21886,confirmed,1.0
648,8,circle,505,873,32427,confirmed,1.0
648,9,rectangle,1156,576,29575,confirmed,0.911
648,10,triangle,826,726,20627,confirmed,1.0
648,11,trapezoid,1773,793,27085,confirmed,1.0
649,1,pentagon,1887,539,19771,confirmed,1.0
649,8,circle,534,854,32400,confirmed,1.0
649,9,rectangle,1152,602,29575,confirmed,0.933
649,10,triangle,811,697,20490,confirmed,1.0
649,11,trapezoid,1763,830,27072,confirmed,1.0
650,1,pentagon,1887,575,19834,confirmed,1.0
650,8,circle,558,833,32394,confirmed,1.0
650,9,rectangle,1150,628,29861,confirmed,0.956
650,10,triangle,797,670,20762,confirmed,1.0
650,11,trapezoid,1752,867,27133,confirmed,1.0
651,1,pentagon,1883,611,21675,confirmed,1.0
651,8,circle,576,810,32425,confirmed,1.0
651,9,rectangle,1148,656,29575,confirmed,0.978
651,10,triangle,782,642,20650,confirmed,1.0
651,11,trapezoid,1742,905,27139,confirmed,1.0
652,1,pentagon,1875,648,24124,confirmed,1.0
652,8,circle,587,786,32363,confirmed,1.0
652,9,rectangle,1147,682,29861,confirmed,1.0
652,10,triangle,768,614,20519,confirmed,1.0
652,11,trapezoid,1734,943,27075,confirmed,1.0
653,1,pentagon,1865,684,26990,confirmed,1.0
653,8,circle,588,761,32398,confirmed,1.0
653,9,rectangle,1148,708,29861,confirmed,1.0
653,10,triangle,752,588,20856,confirmed,1.0
653,11,trapezoid,1724,981,27102,confirmed,1.0
654,1,pentagon,1854,721,30061,confirmed,1.0
654,8,circle,584,736,32416,confirmed,1.0
654,9,rectangle,1151,736,29575,confirmed,1.0
654,10,triangle,736,560,20723,confirmed,1.0
654,11,trapezoid,1715,964,27033,confirmed,1.0
655,1,pentagon,1841,758,33408,confirmed,1.0
655,8,circle,579,711,32422,confirmed,1.0
655,9,rectangle,1155,762,29861,confirmed,1.0
655,10,triangle,716,534,20803,confirmed,1.0
655,11,trapezoid,1705,953,26561,confirmed,1.0
656,1,pentagon,1825,793,35812,confirmed,1.0
656,8,circle,552,692,32413,confirmed,1.0
656,9,rectangle,1161,790,29575,confirmed,1.0
656,10,triangle,691,508,20555,confirmed,1.0
656,11,trapezoid,1693,927,21458,confirmed,1.0
657,1,pentagon,1793,824,36172,confirmed,1.0
657,8,circle,518,676,32395,confirmed,0.978
657,9,rectangle,1169,816,29575,confirmed,1.0
657,10,triangle,653,490,20542,confirmed,1.0
657,11,trapezoid,1667,888,13195,confirmed,1.0
658,1,pentagon,1740,844,36131,confirmed,1.0
658,8,circle,475,673,32395,confirmed,0.978
658,9,rectangle,1181,842,29861,confirmed,1.0
658,10,triangle,607,496,20503,confirmed,1.0
658,11,trapezoid,1642,836,8036,confirmed,1.0
659,1,pentagon,1676,852,36089,confirmed,1.0
659,8,circle,433,683,32375,confirmed,0.978
659,9,rectangle,1193,868,29861,confirmed,1.0
659,10,triangle,563,514,20554,confirmed,1.0
659,11,trapezoid,1646,781,12933,confirmed,1.0
660,1,pentagon,1607,853,36338,confirmed,1.0
660,8,circle,400,701,32383,confirmed,0.978
660,9,rectangle,1210,894,29575,confirmed,1.0
660,10,triangle,521,534,20552,confirmed,1.0
660,11,trapezoid,1656,727,22137,confirmed,1.0
661,1,pentagon,1540,850,36096,confirmed,1.0
661,8,circle,375,724,32396,confirmed,0.978
661,9,rectangle,1232,918,29575,confirmed,1.0
661,10,triangle,482,556,20541,confirmed,1.0
661,11,trapezoid,1664,680,27091,confirmed,1.0
662,1,pentagon,1474,843,36321,confirmed,1.0
662,8,circle,358,748,32395,confirmed,0.978
662,9,rectangle,1263,939,29575,confirmed,1.0
662,10,triangle,446,579,20771,confirmed,1.0
662,11,trapezoid,1672,637,27195,confirmed,1.0
663,1,pentagon,1415,826,36254,confirmed,1.0
663,8,circle,344,773,32385,confirmed,0.978
663,9,rectangle,1293,961,25800,confirmed,1.0
663,10,triangle,412,601,20743,confirmed,1.0
663,11,trapezoid,1676,605,27091,confirmed,1.0
664,1,pentagon,1363,803,36328,confirmed,1.0
664,8,circle,331,797,32408,confirmed,0.978
664,9,rectangle,1331,983,24002,confirmed,1.0
664,10,triangle,380,625,20488,confirmed,1.0
664,11,trapezoid,1677,570,27043,confirmed,1.0
665,1,pentagon,1319,774,36218,confirmed,1.0
665,8,circle,317,821,32396,confirmed,0.978
665,9,rectangle,1393,973,28467,confirmed,1.0
665,10,triangle,349,648,20566,confirmed,1.0
665,11,trapezoid,1678,533,27052,confirmed,1.0
666,1,pentagon,1281,743,36223,confirmed,1.0
666,8,circle,303,844,32383,confirmed,0.978
666,9,rectangle,1447,961,29575,confirmed,1.0
666,10,triangle,331,675,20452,confirmed,1.0
666,11,trapezoid,1677,495,27070,confirmed,1.0
667,1,pentagon,1248,710,36336,confirmed,1.0
667,8,circle,302,869,32354,confirmed,0.978
667,9,rectangle,1491,945,29575,confirmed,1.0
667,10,triangle,311,701,20169,confirmed,1.0
667,11,trapezoid,1677,457,27099,confirmed,1.0
668,1,pentagon,1220,676,36246,confirmed,1.0
668,8,circle,305,894,32342,confirmed,0.978
668,9,rectangle,1529,926,29575,confirmed,1.0
668,10,triangle,295,729,20056,confirmed,1.0
668,11,trapezoid,1678,419,27131,confirmed,1.0
669,1,pentagon,1192,642,36196,confirmed,1.0
669,8,circle,309,919,32370,confirmed,0.978
669,9,rectangle,1559,904,29861,confirmed,1.0
669,10,triangle,282,758,19584,confirmed,1.0
669,11,trapezoid,1678,381,27096,confirmed,1.0
670,1,pentagon,1166,607,36251,confirmed,1.0
670,8,circle,315,943,32335,confirmed,0.978
670,9,rectangle,1585,880,29861,confirmed,1.0
670,10,triangle,272,787,19077,confirmed,1.0
670,11,trapezoid,1677,343,27081,confirmed,1.0
671,1,pentagon,1142,572,36366,confirmed,1.0
671,8,circle,324,968,32337,confirmed,0.978
671,9,rectangle,1608,855,29861,confirmed,1.0
671,10,triangle,260,816,18812,confirmed,1.0
671,11,trapezoid,1675,305,27087,confirmed,1.0
672,1,pentagon,1118,537,36209,confirmed,1.0
672,8,circle,334,991,31298,confirmed,0.978
672,9,rectangle,1628,830,29575,confirmed,1.0
672,10,triangle,243,843,19116,confirmed,1.0
672,11,trapezoid,1671,267,27115,confirmed,1.0
673,1,pentagon,1095,501,36081,confirmed,1.0
673,8,circle,349,1010,28476,confirmed,0.978
673,9,rectangle,1647,805,29861,confirmed,1.0
673,10,triangle,216,869,20567,confirmed,1.0
673,11,trapezoid,1668,229,27081,confirmed,1.0
674,1,pentagon,1073,467,36336,confirmed,1.0
674,8,circle,371,1025,25217,confirmed,0.978
674,9,rectangle,1666,778,29861,confirmed,1.0
674,10,triangle,171,875,20771,confirmed,1.0
674,11,trapezoid,1662,201,27068,confirmed,1.0
675,1,pentagon,1051,431,36183,confirmed,1.0
675,8,circle,400,1035,22376,confirmed,0.978
675,9,rectangle,1685,752,29861,confirmed,1.0
675,10,triangle,125,860,20741,confirmed,1.0
675,11,trapezoid,1654,226,27109,confirmed,1.0
676,1,pentagon,1025,396,36332,confirmed,1.0
676,8,circle,438,1040,20466,confirmed,0.978
676,9,rectangle,1701,726,29861,confirmed,1.0
676,10,triangle,90,848,20672,confirmed,1.0
676,11,trapezoid,1647,242,27201,confirmed,1.0
677,1,pentagon,996,363,36370,confirmed,1.0
677,8,circle,482,1042,19512,confirmed,0.978
677,9,rectangle,1712,700,29575,confirmed,1.0
677,10,triangle,67,827,20438,confirmed,1.0
677,11,trapezoid,1639,272,27123,confirmed,1.0
678,1,pentagon,960,330,36262,confirmed,1.0
678,8,circle,531,1041,19262,confirmed,0.978
678,9,rectangle,1721,672,29861,confirmed,1.0
678,10,triangle,54,796,20299,confirmed,1.0
678,11,trapezoid,1628,341,27141,confirmed,1.0
679,1,pentagon,916,302,36223,confirmed,1.0
679,8,circle,582,1038,19139,confirmed,0.978
679,9,rectangle,1729,644,29861,confirmed,1.0
679,10,triangle,52,760,20161,confirmed,1.0
679,11,trapezoid,1618,387,27168,confirmed,1.0
680,1,pentagon,860,281,36107,confirmed,1.0
680,8,circle,632,1034,19313,confirmed,0.978
680,9,rectangle,1738,618,29575,confirmed,1.0
680,10,triangle,55,722,20064,confirmed,1.0
680,11,trapezoid,1607,430,27136,confirmed,1.0
681,1,pentagon,793,277,36356,confirmed,1.0
681,8,circle,681,1029,21160,confirmed,0.978
681,9,rectangle,1750,593,28029,confirmed,0.978
681,10,triangle,62,684,19958,confirmed,1.0
681,11,trapezoid,1597,471,27102,confirmed,1.0
682,1,pentagon,725,282,36196,confirmed,1.0
682,8,circle,726,1023,22991,confirmed,0.978
682,9,rectangle,1759,564,29090,confirmed,0.978
682,10,triangle,69,647,19922,confirmed,1.0
682,11,trapezoid,1587,511,27090,confirmed,1.0
683,1,pentagon,656,291,36166,confirmed,1.0
683,8,circle,769,1016,24804,confirmed,0.978
683,9,rectangle,1763,534,29797,confirmed,0.978
683,10,triangle,76,612,19905,confirmed,1.0
683,11,trapezoid,1577,544,27065,confirmed,1.0
684,1,pentagon,591,304,36220,confirmed,1.0
684,8,circle,810,1010,26535,confirmed,0.978
684,9,rectangle,1768,506,29861,confirmed,0.978
684,10,triangle,82,579,19997,confirmed,1.0
684,11,trapezoid,1567,580,27060,confirmed,1.0
685,1,pentagon,530,322,36221,confirmed,1.0
685,8,circle,849,1003,28512,confirmed,0.978
685,9,rectangle,1773,478,29861,confirmed,0.978
685,10,triangle,86,548,20185,confirmed,1.0
685,11,trapezoid,1557,617,27021,confirmed,1.0
686,1,pentagon,473,344,36357,confirmed,1.0
686,8,circle,885,995,30496,confirmed,0.978
686,9,rectangle,1776,450,29861,confirmed,0.978
686,10,triangle,90,519,20459,confirmed,1.0
686,11,trapezoid,1547,655,27044,confirmed,1.0
687,1,pentagon,422,369,36163,confirmed,1.0
687,8,circle,919,985,32166,confirmed,0.978
687,9,rectangle,1782,422,29861,confirmed,0.978
687,10,triangle,95,491,20629,confirmed,1.0
687,11,trapezoid,1537,693,27159,confirmed,1.0
688,1,pentagon,376,397,36071,confirmed,1.0
688,8,circle,941,965,32379,confirmed,0.978
688,9,rectangle,1788,394,29861,confirmed,0.978
688,10,triangle,101,463,20721,confirmed,1.0
688,11,trapezoid,1528,730,27111,confirmed,1.0
689,1,pentagon,332,428,36153,confirmed,1.0
689,8,circle,964,943,32403,confirmed,0.978
689,9,rectangle,1792,366,29575,confirmed,0.978
689,10,triangle,115,436,20613,confirmed,1.0
689,11,trapezoid,1519,768,27196,confirmed,1.0
690,1,pentagon,290,458,36216,confirmed,1.0
690,8,circle,984,921,32410,confirmed,0.978
690,9,rectangle,1799,338,29575,confirmed,0.978
690,10,triangle,124,406,17981,confirmed,1.0
690,11,trapezoid,1510,806,27298,confirmed,1.0
691,1,pentagon,267,493,36101,confirmed,1.0
691,8,circle,1003,898,32394,confirmed,0.978
691,9,rectangle,1809,310,29861,confirmed,0.978
691,10,triangle,142,374,18646,confirmed,0.978
691,11,trapezoid,1502,844,27207,confirmed,1.0
692,1,pentagon,252,532,36203,confirmed,1.0
692,8,circle,1020,874,32389,confirmed,0.978
692,9,rectangle,1819,282,29861,confirmed,0.978
692,10,triangle,167,349,20458,confirmed,0.978
692,11,trapezoid,1492,881,27105,confirmed,1.0
693,1,pentagon,240,570,36194,confirmed,1.0
693,8,circle,1032,850,32425,confirmed,0.978
693,9,rectangle,1839,256,29861,confirmed,0.978
693,10,triangle,189,322,20760,confirmed,0.978
693,11,trapezoid,1488,874,27113,confirmed,1.0
694,1,pentagon,230,609,36159,confirmed,1.0
694,8,circle,1034,826,32405,confirmed,0.978
694,9,rectangle,1857,233,23792,confirmed,0.978
694,10,triangle,210,292,20483,confirmed,0.978
694,11,trapezoid,1483,867,27338,confirmed,1.0
695,1,pentagon,226,647,36104,confirmed,1.0
695,8,circle,1031,801,32372,confirmed,0.978
695,9,rectangle,1877,222,13990,confirmed,0.978
695,10,triangle,225,264,20803,confirmed,0.978
695,11,trapezoid,1481,842,27148,confirmed,1.0
696,1,pentagon,230,687,36296,confirmed,1.0
696,8,circle,1028,776,32376,confirmed,0.978
696,9,rectangle,1896,204,13990,coasting,0.978
696,10,triangle,235,234,20413,confirmed,0.978
696,11,trapezoid,1480,802,27190,confirmed,1.0
697,1,pentagon,247,723,36105,confirmed,1.0
697,8,circle,1005,756,32379,confirmed,0.978
697,9,rectangle,1912,188,13990,coasting,0.978
697,10,triangle,240,202,20560,confirmed,0.978
697,11,trapezoid,1482,724,27160,confirmed,1.0
698,1,pentagon,289,753,36209,confirmed,1.0
698,8,circle,973,765,32412,confirmed,0.978
698,9,rectangle,1927,174,13990,coasting,0.978
698,10,triangle,240,172,20727,confirmed,0.978
698,11,trapezoid,1482,673,27117,confirmed,1.0
699,1,pentagon,353,769,36367,confirmed,1.0
699,8,circle,950,788,32389,confirmed,0.978
699,9,rectangle,1940,161,13990,coasting,0.978
699,10,triangle,232,142,20773,confirmed,0.978
699,11,trapezoid,1481,626,27188,confirmed,1.0
700,1,pentagon,425,772,36224,confirmed,1.0
700,8,circle,937,814,32360,confirmed,0.978
700,9,rectangle,1952,149,13990,coasting,0.978
700,10,triangle,225,112,20554,confirmed,0.978
700,11,trapezoid,1480,584,27158,confirmed,1.0
701,1,pentagon,495,763,36270,confirmed,1.0
701,8,circle,931,842,32386,confirmed,0.978
701,9,rectangle,1963,138,13990,coasting,0.978
701,10,triangle,209,85,19505,confirmed,0.978
701,11,trapezoid,1477,555,27104,confirmed,1.0
702,1,pentagon,562,747,36209,confirmed,1.0
702,8,circle,927,868,32430,confirmed,0.978
702,9,rectangle,1973,129,13990,coasting,0.978
702,10,triangle,182,76,20333,confirmed,0.978
702,11,trapezoid,1475,519,27191,confirmed,1.0
703,1,pentagon,627,731,36267,confirmed,1.0
703,8,circle,925,893,32451,confirmed,0.978
703,10,triangle,131,121,20441,confirmed,0.978
703,11,trapezoid,1475,483,27213,confirmed,1.0
704,1,pentagon,690,713,36181,confirmed,1.0
704,8,circle,931,917,32389,confirmed,0.978
704,10,triangle,99,145,20599,confirmed,0.978
704,11,trapezoid,1475,445,27119,confirmed,1.0
705,1,pentagon,749,692,36300,confirmed,1.0
705,8,circle,942,942,32419,confirmed,0.978
705,10,triangle,75,175,20391,confirmed,0.978
705,11,trapezoid,1477,406,27048,confirmed,1.0
706,1,pentagon,805,667,36101,confirmed,1.0
706,8,circle,956,965,32460,confirmed,0.978
706,10,triangle,59,208,19965,confirmed,0.978
706,11,trapezoid,1477,368,27182,confirmed,1.0
707,1,pentagon,855,640,36312,confirmed,1.0
707,8,circle,971,987,31780,confirmed,0.978
707,10,triangle,52,244,19853,confirmed,0.978
707,11,trapezoid,1478,330,27143,confirmed,1.0
708,1,pentagon,899,609,36076,confirmed,1.0
708,8,circle,994,1005,29816,confirmed,0.978
708,10,triangle,51,279,19527,confirmed,0.978
708,11,trapezoid,1479,292,27105,confirmed,1.0
709,1,pentagon,940,577,36382,confirmed,1.0
709,8,circle,1026,1018,28385,confirmed,0.978
709,10,triangle,55,315,19736,confirmed,0.978
709,11,trapezoid,1479,254,27208,confirmed,1.0
710,1,pentagon,980,545,36334,confirmed,1.0
710,8,circle,1067,1023,28268,confirmed,0.978
710,10,triangle,63,350,20002,confirmed,0.978
710,11,trapezoid,1479,216,27117,confirmed,1.0
711,1,pentagon,1023,513,36203,confirmed,1.0
711,8,circle,1114,1021,29188,confirmed,0.978
711,10,triangle,71,383,19870,confirmed,0.978
711,11,trapezoid,1477,178,27095,confirmed,1.0
711,12,rectangle,1890,636,16498,confirmed,0.0
712,1,pentagon,1069,484,36327,confirmed,1.0
712,8,circle,1163,1014,30513,confirmed,0.978
712,10,triangle,80,416,20305,confirmed,0.978
712,11,trapezoid,1475,140,27019,confirmed,1.0
712,12,rectangle,1880,662,21096,confirmed,0.0
713,1,pentagon,1118,455,36131,confirmed,1.0
713,8,circle,1213,1003,31683,confirmed,0.978
713,10,triangle,88,447,20354,confirmed,0.978
713,11,trapezoid,1465,135,27136,confirmed,1.0
713,12,rectangle,1867,692,25694,confirmed,0.0
714,1,pentagon,1167,427,36219,confirmed,1.0
714,8,circle,1260,990,32365,confirmed,0.978
714,10,triangle,97,479,20804,confirmed,0.978
714,11,trapezoid,1455,167,27112,confirmed,1.0
714,12,rectangle,1842,734,29861,confirmed,1.0
715,1,pentagon,1216,398,36329,confirmed,1.0
715,8,circle,1288,962,32426,confirmed,0.978
715,10,triangle,111,507,20642,confirmed,0.978
715,11,trapezoid,1446,188,27218,confirmed,1.0
715,12,rectangle,1811,763,29861,confirmed,1.0
716,1,pentagon,1264,369,36183,confirmed,1.0
716,8,circle,1308,937,32421,confirmed,0.978
716,10,triangle,125,536,20560,confirmed,0.978
716,11,trapezoid,1437,219,26328,confirmed,1.0
716,12,rectangle,1780,788,29861,confirmed,1.0
717,1,pentagon,1314,341,36203,confirmed,1.0
717,8,circle,1326,913,32398,confirmed,0.978
717,10,triangle,140,567,20433,confirmed,0.978
717,11,trapezoid,1435,257,16994,confirmed,1.0
717,12,rectangle,1738,792,29861,confirmed,1.0
718,1,pentagon,1366,314,36265,confirmed,1.0
718,8,circle,1338,888,32405,confirmed,0.978
718,10,triangle,155,598,20818,confirmed,0.978
718,11,trapezoid,1450,305,6186,confirmed,1.0
718,12,rectangle,1696,778,29575,confirmed,1.0
719,1,pentagon,1419,288,36293,confirmed,1.0
719,8,circle,1342,864,32483,confirmed,0.978
719,10,triangle,173,627,20436,confirmed,0.978
719,11,trapezoid,1434,360,11288,confirmed,1.0
719,12,rectangle,1671,749,29861,confirmed,1.0
720,1,pentagon,1472,262,36387,confirmed,1.0
720,8,circle,1339,839,32413,confirmed,0.978
720,10,triangle,194,656,20607,confirmed,0.978
720,11,trapezoid,1414,408,24414,confirmed,1.0
720,12,rectangle,1656,718,29861,confirmed,1.0
721,1,pentagon,1529,238,36289,confirmed,1.0
721,8,circle,1326,815,32402,confirmed,0.978
721,10,triangle,218,684,20555,confirmed,0.978
721,11,trapezoid,1387,446,27153,confirmed,1.0
721,12,rectangle,1643,688,29575,confirmed,1.0
722,1,pentagon,1590,216,36108,confirmed,1.0
722,8,circle,1303,794,32412,confirmed,0.978
722,10,triangle,246,712,20674,confirmed,0.978
722,11,trapezoid,1369,487,27124,confirmed,1.0
722,12,rectangle,1632,657,29861,confirmed,1.0
723,1,pentagon,1657,204,36277,confirmed,1.0
723,8,circle,1271,776,32394,confirmed,0.978
723,10,triangle,270,741,20428,confirmed,0.978
723,11,trapezoid,1354,525,27142,confirmed,1.0
723,12,rectangle,1623,628,29861,confirmed,1.0
724,1,pentagon,1728,203,36319,confirmed,1.0
724,8,circle,1238,759,32446,confirmed,0.978
724,10,triangle,285,771,20689,confirmed,0.978
724,11,trapezoid,1349,558,27105,confirmed,1.0
724,12,rectangle,1612,600,29575,confirmed,1.0
725,1,pentagon,1797,212,36308,confirmed,1.0
725,8,circle,1196,754,32482,confirmed,0.978
725,10,triangle,290,803,20817,confirmed,0.978
725,11,trapezoid,1341,594,27051,confirmed,1.0
725,12,rectangle,1600,570,29861,confirmed,1.0
726,1,pentagon,1856,221,31101,confirmed,1.0
726,8,circle,1152,758,32280,confirmed,1.0
726,10,triangle,284,835,20463,confirmed,0.978
726,11,trapezoid,1330,632,27098,confirmed,1.0
726,12,rectangle,1588,542,29575,confirmed,1.0
727,1,pentagon,1898,242,25490,confirmed,1.0
727,8,circle,1120,776,32338,confirmed,1.0
727,10,triangle,266,865,20420,confirmed,0.978
727,11,trapezoid,1319,669,27072,confirmed,1.0
727,12,rectangle,1578,512,29861,confirmed,1.0
728,1,pentagon,1922,275,21856,confirmed,1.0
728,8,circle,1104,800,32212,confirmed,1.0
728,10,triangle,242,894,20658,confirmed,0.978
728,11,trapezoid,1308,707,27147,confirmed,1.0
728,12,rectangle,1566,484,29575,confirmed,1.0
729,1,pentagon,1929,317,19492,confirmed,1.0
729,8,circle,1101,827,31755,confirmed,1.0
729,10,triangle,215,922,20585,confirmed,0.978
729,11,trapezoid,1297,744,27092,confirmed,1.0
729,12,rectangle,1556,454,29861,confirmed,1.0
730,1,pentagon,1925,365,17075,confirmed,1.0
730,8,circle,1097,851,30184,confirmed,1.0
730,10,triangle,183,950,20810,confirmed,0.978
730,11,trapezoid,1286,782,27004,confirmed,1.0
730,12,rectangle,1546,426,29575,confirmed,1.0
731,1,pentagon,1915,415,15129,confirmed,1.0
731,8,circle,1102,875,27476,confirmed,1.0
731,10,triangle,147,975,20757,confirmed,0.978
731,11,trapezoid,1274,819,27032,confirmed,1.0
731,12,rectangle,1534,396,29861,confirmed,1.0
732,1,pentagon,1904,466,13698,confirmed,1.0
732,8,circle,1116,901,23030,confirmed,1.0
732,10,triangle,113,998,20656,confirmed,0.978
732,11,trapezoid,1264,857,27019,confirmed,1.0
732,12,rectangle,1524,368,29575,confirmed,1.0
733,1,pentagon,1894,515,12233,confirmed,1.0
733,8,circle,1136,927,17112,confirmed,1.0
733,10,triangle,147,1005,20807,confirmed,0.978
733,11,trapezoid,1255,893,26847,confirmed,1.0
733,12,rectangle,1512,338,29861,confirmed,1.0
734,1,pentagon,1887,562,10895,confirmed,1.0
734,8,circle,1163,957,12493,confirmed,1.0
734,10,triangle,205,1009,20736,confirmed,0.978
734,11,trapezoid,1240,907,26820,confirmed,1.0
734,12,rectangle,1500,310,29575,confirmed,1.0
735,1,pentagon,1883,605,11187,confirmed,1.0
735,8,circle,1230,985,20709,confirmed,0.978
735,10,triangle,248,1017,21390,confirmed,0.978
735,11,trapezoid,1230,877,26829,confirmed,1.0
735,12,rectangle,1487,280,29861,confirmed,1.0
736,1,pentagon,1880,646,12255,confirmed,1.0
736,8,circle,1281,980,29085,confirmed,0.978
736,10,triangle,301,1022,20877,confirmed,0.978
736,11,trapezoid,1224,835,26966,confirmed,1.0
736,12,rectangle,1471,252,29575,confirmed,1.0
737,1,pentagon,1879,686,13333,confirmed,1.0
737,8,circle,1326,974,32404,confirmed,0.978
737,10,triangle,361,1023,20638,confirmed,0.978
737,11,trapezoid,1218,793,27093,confirmed,1.0
737,12,rectangle,1448,225,29575,confirmed,1.0
738,1,pentagon,1878,723,14630,confirmed,1.0
738,8,circle,1371,976,32429,confirmed,0.978
738,10,triangle,425,1023,20426,confirmed,0.978
738,11,trapezoid,1212,752,27095,confirmed,1.0
738,12,rectangle,1414,203,29861,confirmed,1.0
739,1,pentagon,1877,761,16328,confirmed,1.0
739,8,circle,1415,979,32303,confirmed,0.978
739,10,triangle,490,1022,20247,confirmed,0.978
739,11,trapezoid,1205,715,27290,confirmed,1.0
739,12,rectangle,1370,186,29575,confirmed,1.0
740,1,pentagon,1874,799,18975,confirmed,1.0
740,8,circle,1458,980,32313,confirmed,0.978
740,10,triangle,554,1019,21218,confirmed,0.978
740,11,trapezoid,1198,676,27152,confirmed,1.0
740,12,rectangle,1321,180,29861,confirmed,1.0
741,1,pentagon,1869,835,23805,confirmed,1.0
741,8,circle,1501,981,32305,confirmed,0.978
741,10,triangle,611,1000,20731,confirmed,0.978
741,11,trapezoid,1192,638,27176,confirmed,1.0
741,12,rectangle,1269,187,29575,confirmed,1.0
742,1,pentagon,1852,867,34738,confirmed,1.0
742,8,circle,1545,982,32290,confirmed,0.978
742,10,triangle,660,982,20806,confirmed,0.978
742,11,trapezoid,1186,599,27098,confirmed,1.0
742,12,rectangle,1215,197,29575,confirmed,1.0
743,1,pentagon,1776,869,36154,confirmed,1.0
743,8,circle,1588,981,32318,confirmed,0.978
743,10,triangle,708,963,20698,confirmed,0.978
743,11,trapezoid,1179,561,27103,confirmed,1.0
743,12,rectangle,1163,206,29575,confirmed,1.0
744,1,pentagon,1696,868,36286,confirmed,1.0
744,8,circle,1628,987,22342,confirmed,0.978
744,10,triangle,749,941,20501,confirmed,0.978
744,11,trapezoid,1174,523,27110,confirmed,1.0
744,12,rectangle,1112,217,29575,confirmed,1.0
745,1,pentagon,1623,856,36122,confirmed,1.0
745,8,circle,1673,988,22829,confirmed,0.978
745,10,triangle,785,915,20446,confirmed,0.978
745,11,trapezoid,1168,485,27143,confirmed,1.0
745,12,rectangle,1063,229,29861,confirmed,1.0
746,1,pentagon,1560,833,36308,confirmed,1.0
746,8,circle,1717,967,31935,confirmed,0.978
746,10,triangle,817,887,20575,confirmed,0.978
746,11,trapezoid,1163,447,27182,confirmed,1.0
746,12,rectangle,1017,246,29575,confirmed,1.0
747,1,pentagon,1500,808,36338,confirmed,1.0
747,8,circle,1756,950,32432,confirmed,0.978
747,10,triangle,849,860,20666,confirmed,0.978
747,11,trapezoid,1158,409,27195,confirmed,1.0
747,12,rectangle,979,266,29861,confirmed,1.0
748,1,pentagon,1442,781,36153,confirmed,1.0
748,8,circle,1791,935,32392,confirmed,0.978
748,10,triangle,881,833,20492,confirmed,0.978
748,11,trapezoid,1151,372,27193,confirmed,1.0
748,12,rectangle,951,292,29861,confirmed,1.0
749,1,pentagon,1389,752,36198,confirmed,1.0
749,8,circle,1827,919,32392,confirmed,0.978
749,10,triangle,912,806,20720,confirmed,0.978
749,11,trapezoid,1145,335,27213,confirmed,1.0
749,12,rectangle,929,320,29861,confirmed,1.0
750,1,pentagon,1342,721,36195,confirmed,1.0
750,8,circle,1854,901,30451,confirmed,0.978
750,10,triangle,943,778,20586,confirmed,0.978
750,11,trapezoid,1135,315,27099,confirmed,1.0
750,12,rectangle,906,349,29575,confirmed,1.0
751,1,pentagon,1297,688,36222,confirmed,1.0
751,8,circle,1870,879,29644,confirmed,0.978
751,10,triangle,969,750,20818,confirmed,0.978
751,11,trapezoid,1125,311,27201,confirmed,1.0
751,12,rectangle,890,378,29861,confirmed,1.0
752,1,pentagon,1255,654,36079,confirmed,1.0
752,8,circle,1876,855,29156,confirmed,0.978
752,10,triangle,987,719,20651,confirmed,0.978
752,11,trapezoid,1113,329,27223,confirmed,1.0
752,12,rectangle,878,407,29575,confirmed,1.0
753,1,pentagon,1211,621,36256,confirmed,1.0
753,8,circle,1865,836,32532,confirmed,0.978
753,10,triangle,1001,687,20567,confirmed,0.978
753,11,trapezoid,1097,411,27148,confirmed,1.0
753,12,rectangle,868,438,29575,confirmed,1.0
754,1,pentagon,1169,587,36109,confirmed,1.0
754,8,circle,1801,849,32412,confirmed,0.978
754,10,triangle,1003,654,20717,confirmed,0.978
754,11,trapezoid,1078,455,21842,confirmed,1.0
754,12,rectangle,862,468,29575,confirmed,1.0
755,1,pentagon,1125,555,36334,confirmed,1.0
755,8,circle,1772,874,32378,confirmed,0.978
755,10,triangle,1005,628,15576,confirmed,0.978
755,11,trapezoid,1047,496,9461,confirmed,1.0
755,12,rectangle,859,498,29829,confirmed,1.0
756,1,pentagon,1081,521,36222,confirmed,1.0
756,8,circle,1761,901,32398,confirmed,0.978
756,10,triangle,1011,599,15576,coasting,0.978
756,11,trapezoid,1024,538,9461,coasting,1.0
756,12,rectangle,855,523,27228,confirmed,0.977
757,1,pentagon,1037,488,36377,confirmed,1.0
757,8,circle,1757,928,32444,confirmed,0.978
757,10,triangle,1017,573,15576,coasting,0.978
757,11,trapezoid,1003,576,9461,coasting,1.0
757,12,rectangle,854,554,22213,confirmed,0.977
758,1,pentagon,993,455,36235,confirmed,1.0
758,8,circle,1766,953,32356,confirmed,0.978
758,10,triangle,1021,550,15576,coasting,0.978
758,11,trapezoid,985,610,9461,coasting,1.0
758,12,rectangle,852,588,19975,confirmed,0.977
759,1,pentagon,949,421,36097,confirmed,1.0
759,8,circle,1770,978,32340,confirmed,0.978
759,10,triangle,1026,529,15576,coasting,0.978
759,11,trapezoid,968,641,9461,coasting,1.0
759,12,rectangle,849,622,22262,confirmed,0.977
760,1,pentagon,903,389,36216,confirmed,1.0
760,8,circle,1783,999,30373,confirmed,0.978
760,10,triangle,1030,510,15576,coasting,0.978
760,11,trapezoid,952,669,9461,coasting,1.0
760,12,rectangle,846,649,28405,confirmed,0.955
761,1,pentagon,857,357,36157,confirmed,1.0
761,8,circle,1806,1014,26515,confirmed,0.978
761,10,triangle,961,489,10243,confirmed,0.978
761,11,trapezoid,989,723,27028,confirmed,1.0
761,12,rectangle,838,677,28509,confirmed,0.933
762,1,pentagon,808,326,36317,confirmed,1.0
762,8,circle,1834,1022,19751,confirmed,0.978
762,10,triangle,877,467,11761,confirmed,0.978
762,11,trapezoid,996,765,27084,confirmed,1.0
762,12,rectangle,827,708,28761,confirmed,0.911
763,1,pentagon,753,298,36165,confirmed,1.0
763,8,circle,1863,1023,13386,confirmed,0.978
763,10,triangle,746,449,14086,confirmed,0.956
763,11,trapezoid,996,806,27042,confirmed,1.0
763,12,rectangle,815,738,28987,confirmed,0.889
764,1,pentagon,688,280,36332,confirmed,1.0
764,8,circle,1892,1019,6986,confirmed,0.978
764,10,triangle,670,448,17167,confirmed,0.933
764,11,trapezoid,974,845,27114,confirmed,1.0
764,12,rectangle,797,768,29675,confirmed,0.889
765,1,pentagon,615,273,36215,confirmed,1.0
765,8,circle,1918,1020,6986,coasting,0.978
765,10,triangle,613,455,18863,confirmed,0.933
765,11,trapezoid,958,882,27089,confirmed,1.0
765,12,rectangle,771,796,29575,confirmed,0.889
766,1,pentagon,542,276,36173,confirmed,1.0
766,8,circle,1943,1021,6986,coasting,0.978
766,10,triangle,560,464,18971,confirmed,0.911
766,11,trapezoid,941,918,27128,confirmed,1.0
766,12,rectangle,737,820,29861,confirmed,0.889
767,1,pentagon,476,296,36179,confirmed,1.0
767,8,circle,1964,1022,6986,coasting,0.978
767,10,triangle,504,466,15712,confirmed,0.911
767,11,trapezoid,913,953,27122,confirmed,1.0
767,12,rectangle,694,838,29861,confirmed,0.889
768,1,pentagon,418,324,36147,confirmed,1.0
768,10,triangle,464,455,12028,confirmed,0.911
768,11,trapezoid,886,963,27095,confirmed,1.0
768,12,rectangle,642,847,29861,confirmed,0.889
769,1,pentagon,372,359,36206,confirmed,1.0
769,10,triangle,446,424,11892,confirmed,0.911
769,11,trapezoid,873,931,27140,confirmed,1.0
769,12,rectangle,585,846,29861,confirmed,0.889
770,1,pentagon,339,398,36239,confirmed,1.0
770,10,triangle,438,383,15775,confirmed,0.911
770,11,trapezoid,868,889,27171,confirmed,1.0
770,12,rectangle,531,841,29575,confirmed,0.889
771,1,pentagon,319,439,36168,confirmed,1.0
771,10,triangle,464,321,20012,confirmed,0.889
771,11,trapezoid,866,847,27090,confirmed,1.0
771,12,rectangle,480,829,29575,confirmed,0.889
772,1,pentagon,309,482,36299,confirmed,1.0
772,10,triangle,478,281,20764,confirmed,0.889
772,11,trapezoid,861,811,27183,confirmed,1.0
772,12,rectangle,431,813,29861,confirmed,0.889
773,1,pentagon,304,523,36283,confirmed,1.0
773,10,triangle,504,249,20578,confirmed,0.889
773,11,trapezoid,858,772,27135,confirmed,1.0
773,12,rectangle,388,792,29575,confirmed,0.889
774,1,pentagon,301,566,36311,confirmed,1.0
774,10,triangle,547,228,20767,confirmed,0.889
774,11,trapezoid,858,730,27116,confirmed,1.0
774,12,rectangle,355,770,28842,confirmed,0.889
775,1,pentagon,306,607,36128,confirmed,1.0
775,10,triangle,603,216,20612,confirmed,0.889
775,11,trapezoid,857,690,27022,confirmed,1.0
775,12,rectangle,320,758,19059,confirmed,0.889
776,1,pentagon,318,649,36177,confirmed,1.0
776,10,triangle,662,209,20664,confirmed,0.889
776,11,trapezoid,856,652,27100,confirmed,1.0
776,12,rectangle,289,755,8924,confirmed,0.889
777,1,pentagon,337,689,36151,confirmed,1.0
777,10,triangle,722,202,20636,confirmed,0.889
777,11,trapezoid,855,614,27068,confirmed,1.0
777,12,rectangle,254,720,7872,confirmed,0.889
778,1,pentagon,366,728,36343,confirmed,1.0
778,10,triangle,780,195,20553,confirmed,0.889
778,11,trapezoid,854,576,27031,confirmed,1.0
778,12,rectangle,233,678,21787,confirmed,0.889
779,1,pentagon,416,759,36080,confirmed,1.0
779,10,triangle,839,189,20795,confirmed,0.889
779,11,trapezoid,853,538,27063,confirmed,1.0
779,12,rectangle,245,626,29476,confirmed,0.867
779,13,pentagon,1884,777,13826,confirmed,0.0
780,1,pentagon,481,781,36357,confirmed,1.0
780,10,triangle,898,187,20608,confirmed,0.889
780,11,trapezoid,852,500,27086,confirmed,1.0
780,12,rectangle,243,590,29861,confirmed,0.867
780,13,pentagon,1884,800,11842,confirmed,0.0
781,1,pentagon,552,795,36263,confirmed,1.0
781,10,triangle,950,201,20748,confirmed,0.889
781,11,trapezoid,850,462,27084,confirmed,1.0
781,12,rectangle,235,560,29575,confirmed,0.867
781,13,pentagon,1886,827,9050,confirmed,0.0
782,1,pentagon,628,794,36085,confirmed,1.0
782,10,triangle,983,228,20548,confirmed,0.889
782,11,trapezoid,849,424,27116,confirmed,1.0
782,12,rectangle,230,529,29861,confirmed,0.867
782,13,trapezoid,1891,856,5813,confirmed,0.0
783,1,pentagon,705,789,36159,confirmed,1.0
783,10,triangle,1006,260,20060,confirmed,0.889
783,11,trapezoid,847,386,27035,confirmed,1.0
783,12,rectangle,230,499,29575,confirmed,0.867
783,13,trapezoid,1894,882,5813,coasting,0.0
784,1,pentagon,776,774,36334,confirmed,1.0
784,10,triangle,1022,293,19364,confirmed,0.867
784,11,trapezoid,845,348,27034,confirmed,1.0
784,12,rectangle,238,468,29861,confirmed,0.867
784,13,trapezoid,1896,905,5813,coasting,0.0
785,1,pentagon,842,753,36282,confirmed,1.0
785,10,triangle,1038,325,20026,confirmed,0.867
785,11,trapezoid,843,310,27067,confirmed,1.0
785,12,rectangle,245,438,29575,confirmed,0.867
785,13,trapezoid,1898,926,5813,coasting,0.0
786,1,pentagon,904,727,36340,confirmed,1.0
786,10,triangle,1034,362,20566,confirmed,0.867
786,11,trapezoid,840,272,27089,confirmed,1.0
786,12,rectangle,253,406,29861,confirmed,0.867
786,13,trapezoid,1900,944,5813,coasting,0.0
787,1,pentagon,964,701,36200,confirmed,1.0
787,10,triangle,1036,398,20696,confirmed,0.867
787,11,trapezoid,834,234,27114,confirmed,1.0
787,12,rectangle,260,376,29575,confirmed,0.867
787,13,trapezoid,1902,961,5813,coasting,0.0
788,1,pentagon,1022,674,36326,confirmed,1.0
788,10,triangle,1041,431,20390,confirmed,0.867
788,11,trapezoid,826,196,27111,confirmed,1.0
788,12,rectangle,268,344,29861,confirmed,0.867
788,13,trapezoid,1904,976,5813,coasting,0.0
789,1,pentagon,1079,646,36326,confirmed,1.0
789,10,triangle,1040,464,20262,confirmed,0.867
789,11,trapezoid,818,158,27064,confirmed,1.0
789,12,rectangle,282,314,29861,confirmed,0.867
789,13,trapezoid,1905,990,5813,coasting,0.0
790,1,pentagon,1135,617,36340,confirmed,1.0
790,10,triangle,1027,492,17466,confirmed,0.844
790,11,trapezoid,809,166,27101,confirmed,1.0
790,12,rectangle,305,285,29861,confirmed,0.867
790,13,trapezoid,1906,1002,5813,coasting,0.0
791,1,pentagon,1187,586,36169,confirmed,1.0
791,10,triangle,1020,524,18285,confirmed,0.844
791,11,trapezoid,798,202,27122,confirmed,1.0
791,12,rectangle,343,264,29575,confirmed,0.867
791,13,trapezoid,1908,1013,5813,coasting,0.0
792,1,pentagon,1235,553,36315,confirmed,1.0
792,10,triangle,1009,562,20763,confirmed,0.844
792,11,trapezoid,787,244,27029,confirmed,1.0
792,12,rectangle,392,249,29861,confirmed,0.867
792,13,trapezoid,1909,1023,5813,coasting,0.0
793,1,pentagon,1279,518,36114,confirmed,1.0
793,10,triangle,989,595,20525,confirmed,0.844
793,11,trapezoid,776,286,27089,confirmed,1.0
793,12,rectangle,448,246,29575,confirmed,0.867
793,13,trapezoid,1910,1032,5813,coasting,0.0
794,1,pentagon,1322,483,36158,confirmed,1.0
794,10,triangle,964,626,20837,confirmed,0.844
794,11,trapezoid,766,326,27044,confirmed,1.0
794,12,rectangle,505,250,29575,confirmed,0.867
794,13,trapezoid,1910,1040,5813,coasting,0.0
795,1,pentagon,1366,449,36193,confirmed,1.0
795,10,triangle,939,657,20574,confirmed,0.844
795,11,trapezoid,755,365,27040,confirmed,1.0
795,12,rectangle,560,260,29575,confirmed,0.867
795,13,trapezoid,1911,1047,5813,coasting,0.0
796,1,pentagon,1408,413,36164,confirmed,1.0
796,10,triangle,918,688,20606,confirmed,0.844
796,11,trapezoid,745,403,26991,confirmed,1.0
796,12,rectangle,610,269,28424,confirmed,0.844
796,13,trapezoid,1912,1053,5813,coasting,0.0
797,1,pentagon,1449,377,36138,confirmed,1.0
797,10,triangle,904,721,20404,confirmed,0.844
797,11,trapezoid,734,440,27017,confirmed,1.0
797,12,rectangle,662,278,27644,confirmed,0.822
797,13,trapezoid,1913,1059,5813,coasting,0.0
798,1,pentagon,1488,341,36215,confirmed,1.0
798,10,triangle,899,754,20554,confirmed,0.844
798,11,trapezoid,723,478,27061,confirmed,1.0
798,12,rectangle,716,296,29575,confirmed,0.822
798,13,trapezoid,1913,1065,5813,coasting,0.0
799,1,pentagon,1521,303,36328,confirmed,1.0
799,10,triangle,917,784,20481,confirmed,0.844
799,11,trapezoid,713,515,27011,confirmed,1.0
799,12,rectangle,768,310,29575,confirmed,0.822
799,13,trapezoid,1914,1069,5813,coasting,0.0
800,1,pentagon,1543,264,36218,confirmed,1.0
800,10,triangle,959,810,20539,confirmed,0.844
800,11,trapezoid,702,553,27093,confirmed,1.0
800,12,rectangle,809,330,29575,confirmed,0.822
800,13,trapezoid,1914,1074,5813,coasting,0.0
801,1,pentagon,1594,236,36334,confirmed,1.0
801,10,triangle,1010,830,20748,confirmed,0.844
801,11,trapezoid,690,590,27009,confirmed,1.0
801,12,rectangle,835,357,29575,confirmed,0.822
801,13,trapezoid,1915,1077,5813,coasting,0.0
802,1,pentagon,1652,246,36257,confirmed,1.0
802,10,triangle,1066,844,20539,confirmed,0.844
802,11,trapezoid,679,628,27085,confirmed,1.0
802,12,rectangle,858,386,29861,confirmed,0.822
802,13,trapezoid,1915,1081,5813,coasting,0.0
803,1,pentagon,1695,281,36155,confirmed,1.0
803,10,triangle,1124,856,20525,confirmed,0.844
803,11,trapezoid,667,665,27084,confirmed,1.0
803,12,rectangle,878,415,29861,confirmed,0.822
804,1,pentagon,1725,325,36183,confirmed,1.0
804,10,triangle,1184,864,20536,confirmed,0.844
804,11,trapezoid,656,703,27083,confirmed,1.0
804,12,rectangle,901,445,29575,confirmed,0.822
805,1,pentagon,1750,369,36181,confirmed,1.0
805,10,triangle,1245,868,20718,confirmed,0.844
805,11,trapezoid,645,740,27072,confirmed,1.0
805,12,rectangle,924,474,29575,confirmed,0.822
806,1,pentagon,1774,412,36342,confirmed,1.0
806,10,triangle,1305,870,20786,confirmed,0.844
806,11,trapezoid,634,778,27105,confirmed,1.0
806,12,rectangle,948,502,29861,confirmed,0.822
807,1,pentagon,1797,454,36273,confirmed,1.0
807,10,triangle,1366,868,20699,confirmed,0.844
807,11,trapezoid,622,815,27036,confirmed,1.0
807,12,rectangle,972,530,29861,confirmed,0.822
808,1,pentagon,1821,495,35730,confirmed,1.0
808,10,triangle,1426,863,20434,confirmed,0.844
808,11,trapezoid,611,853,27025,confirmed,1.0
808,12,rectangle,999,558,29861,confirmed,0.844
809,1,pentagon,1842,536,33321,confirmed,1.0
809,10,triangle,1484,853,20424,confirmed,0.844
809,11,trapezoid,600,890,27010,confirmed,1.0
809,12,rectangle,1026,586,29861,confirmed,0.867
810,1,pentagon,1859,577,29026,confirmed,1.0
810,10,triangle,1540,840,20736,confirmed,0.844
810,11,trapezoid,586,927,27062,confirmed,1.0
810,12,rectangle,1054,614,29575,confirmed,0.889
810,14,pentagon,1882,321,21231,confirmed,0.0
811,1,pentagon,1872,617,24353,confirmed,1.0
811,10,triangle,1588,819,20481,confirmed,0.844
811,11,trapezoid,572,949,26970,confirmed,1.0
811,12,rectangle,1085,640,29575,confirmed,0.911
811,14,circle,1865,312,27261,confirmed,0.0
812,1,pentagon,1882,658,20378,confirmed,1.0
812,10,triangle,1636,798,20564,confirmed,0.844
812,11,trapezoid,567,921,27031,confirmed,1.0
812,12,rectangle,1120,665,29575,confirmed,0.933
812,14,circle,1847,314,30467,confirmed,0.0
813,1,pentagon,1888,699,18208,confirmed,1.0
813,10,triangle,1687,780,20657,confirmed,0.844
813,11,trapezoid,566,891,27073,confirmed,1.0
813,12,rectangle,1165,684,29861,confirmed,0.933
813,14,circle,1828,325,32459,confirmed,0.0
814,1,pentagon,1890,742,16980,confirmed,1.0
814,10,triangle,1744,768,20644,confirmed,0.867
814,11,trapezoid,570,912,27095,confirmed,1.0
814,12,rectangle,1215,698,29861,confirmed,0.933
814,14,circle,1804,365,32416,confirmed,1.0
815,1,pentagon,1888,785,18431,confirmed,1.0
815,10,triangle,1793,757,12926,confirmed,0.867
815,11,trapezoid,575,901,27150,confirmed,1.0
815,12,rectangle,1268,710,29861,confirmed,0.933
815,14,circle,1786,395,32385,confirmed,1.0
816,1,pentagon,1880,827,23649,confirmed,1.0
816,10,triangle,1844,743,12926,coasting,0.867
816,11,trapezoid,576,868,27010,confirmed,1.0
816,12,rectangle,1322,721,29575,confirmed,0.933
816,14,circle,1775,421,32404,confirmed,1.0
817,1,pentagon,1863,867,32758,confirmed,1.0
817,10,triangle,1894,733,3186,confirmed,0.867
817,11,trapezoid,576,827,27027,confirmed,1.0
817,12,rectangle,1377,729,29861,confirmed,0.933
817,14,circle,1769,446,32381,confirmed,1.0
818,1,pentagon,1793,886,36290,confirmed,1.0
818,10,triangle,1928,761,4531,confirmed,0.867
818,11,trapezoid,575,787,27101,confirmed,1.0
818,12,rectangle,1433,735,29861,confirmed,0.933
818,14,circle,1766,471,32406,confirmed,1.0
819,1,pentagon,1712,894,36312,confirmed,1.0
819,10,triangle,1969,769,4531,coasting,0.867
819,11,trapezoid,574,747,27042,confirmed,1.0
819,12,rectangle,1490,738,29575,confirmed,0.933
819,14,circle,1765,496,32416,confirmed,1.0
820,1,pentagon,1631,895,36141,confirmed,1.0
820,11,trapezoid,573,708,27043,confirmed,1.0
820,12,rectangle,1541,729,26455,confirmed,0.911
820,14,circle,1766,520,32419,confirmed,1.0
821,1,pentagon,1555,883,36342,confirmed,1.0
821,11,trapezoid,572,670,27093,confirmed,1.0
821,12,rectangle,1599,724,22245,confirmed,0.911
821,14,circle,1770,545,32374,confirmed,1.0
822,1,pentagon,1483,867,36318,confirmed,1.0
822,11,trapezoid,571,632,27001,confirmed,1.0
822,12,rectangle,1656,732,28623,confirmed,0.889
822,14,circle,1777,570,32418,confirmed,1.0
823,1,pentagon,1414,845,36344,confirmed,1.0
823,11,trapezoid,570,594,27038,confirmed,1.0
823,12,rectangle,1711,736,24844,confirmed,0.889
823,14,circle,1789,593,32406,confirmed,1.0
824,1,pentagon,1352,818,36127,confirmed,1.0
824,11,trapezoid,568,556,27125,confirmed,1.0
824,12,rectangle,1764,740,18906,confirmed,0.889
824,14,circle,1804,616,32521,confirmed,1.0
825,1,pentagon,1295,789,36200,confirmed,1.0
825,11,trapezoid,566,518,27084,confirmed,1.0
825,12,rectangle,1815,742,14336,confirmed,0.889
825,14,circle,1826,634,28268,confirmed,1.0
826,1,pentagon,1239,758,36092,confirmed,1.0
826,11,trapezoid,564,480,27104,confirmed,1.0
826,12,rectangle,1859,744,10468,confirmed,0.889
826,14,circle,1851,643,20007,confirmed,1.0
827,1,pentagon,1184,728,36145,confirmed,1.0
827,11,trapezoid,561,442,27063,confirmed,1.0
827,12,rectangle,1893,739,6401,confirmed,0.889
827,14,circle,1877,644,12492,confirmed,1.0
828,1,pentagon,1130,697,36253,confirmed,1.0
828,11,trapezoid,559,404,27141,confirmed,1.0
828,12,rectangle,1919,726,3609,confirmed,0.889
828,14,circle,1899,633,6777,confirmed,1.0
829,1,pentagon,1078,665,36165,confirmed,1.0
829,11,trapezoid,556,365,27005,confirmed,1.0
829,12,rectangle,1952,718,3609,coasting,0.889
829,14,circle,1922,631,6777,coasting,1.0
830,1,pentagon,1029,632,36049,confirmed,1.0
830,11,trapezoid,554,327,26981,confirmed,1.0
830,14,circle,1942,630,6777,coasting,1.0
831,1,pentagon,985,597,36090,confirmed,1.0
831,11,trapezoid,551,289,27006,confirmed,1.0
831,14,circle,1961,628,6777,coasting,1.0
832,1,pentagon,947,559,36332,confirmed,1.0
832,11,trapezoid,549,251,27081,confirmed,1.0
832,14,circle,1978,627,6777,coasting,1.0
833,1,pentagon,915,520,36284,confirmed,1.0
833,11,trapezoid,547,213,27051,confirmed,1.0
834,1,pentagon,894,478,36239,confirmed,1.0
834,11,trapezoid,544,175,27032,confirmed,1.0
835,1,pentagon,875,436,36197,confirmed,1.0
835,11,trapezoid,541,137,27073,confirmed,1.0
836,1,pentagon,851,394,36337,confirmed,1.0
836,11,trapezoid,537,117,27093,confirmed,1.0
837,1,pentagon,821,355,36206,confirmed,1.0
837,11,trapezoid,530,145,27107,confirmed,1.0
838,1,pentagon,785,316,36335,confirmed,1.0
838,11,trapezoid,521,186,27089,confirmed,1.0
839,1,pentagon,740,281,36312,confirmed,1.0
839,11,trapezoid,512,228,27057,confirmed,1.0
840,1,pentagon,687,250,36301,confirmed,1.0
840,11,trapezoid,501,264,24328,confirmed,1.0
841,1,pentagon,619,234,36190,confirmed,1.0
841,11,trapezoid,488,304,20067,confirmed,1.0
842,1,pentagon,547,244,36112,confirmed,1.0
842,11,trapezoid,476,347,16868,confirmed,1.0
843,1,pentagon,484,274,36257,confirmed,1.0
843,11,trapezoid,467,392,15048,confirmed,1.0
843,15,rectangle,1874,244,29874,confirmed,0.0
844,1,pentagon,437,311,36325,confirmed,1.0
844,11,trapezoid,465,435,16633,confirmed,1.0
844,15,rectangle,1805,243,29575,confirmed,1.0
845,1,pentagon,400,353,36304,confirmed,1.0
845,11,trapezoid,463,475,18598,confirmed,1.0
845,15,rectangle,1743,253,29575,confirmed,1.0
846,1,pentagon,367,393,36095,confirmed,1.0
846,11,trapezoid,460,513,20004,confirmed,1.0
846,15,rectangle,1692,271,29861,confirmed,1.0
847,1,pentagon,342,436,36220,confirmed,1.0
847,11,trapezoid,455,549,20980,confirmed,1.0
847,15,rectangle,1651,295,29575,confirmed,1.0
847,16,trapezoid,1866,267,19211,confirmed,0.0
848,1,pentagon,325,478,36210,confirmed,1.0
848,11,trapezoid,449,584,21114,confirmed,1.0
848,15,rectangle,1617,322,29861,confirmed,1.0
848,16,triangle,1847,296,20217,confirmed,0.0
849,1,pentagon,313,521,36322,confirmed,1.0
849,11,trapezoid,441,620,21107,confirmed,1.0
849,15,rectangle,1592,352,29575,confirmed,1.0
849,16,triangle,1816,353,20651,confirmed,1.0
850,1,pentagon,310,565,36118,confirmed,1.0
850,11,trapezoid,432,656,19793,confirmed,1.0
850,15,rectangle,1573,383,29575,confirmed,1.0
850,16,triangle,1795,395,20727,confirmed,1.0
851,1,pentagon,316,609,36189,confirmed,1.0
851,11,trapezoid,424,693,17752,confirmed,1.0
851,15,rectangle,1553,413,29575,confirmed,1.0
851,16,triangle,1781,431,20773,confirmed,1.0
851,17,circle,1875,141,25087,confirmed,0.0
852,1,pentagon,324,653,36321,confirmed,1.0
852,11,trapezoid,417,732,15719,confirmed,1.0
852,15,rectangle,1533,442,29861,confirmed,1.0
852,16,triangle,1769,464,20404,confirmed,1.0
852,17,circle,1853,145,31565,confirmed,0.0
853,1,pentagon,335,695,36075,confirmed,1.0
853,11,trapezoid,411,772,13281,confirmed,1.0
853,15,rectangle,1512,472,29861,confirmed,1.0
853,16,triangle,1764,498,20763,confirmed,1.0
853,17,circle,1800,157,32420,confirmed,1.0
854,1,pentagon,376,729,36313,confirmed,1.0
854,11,trapezoid,401,816,9911,confirmed,1.0
854,15,rectangle,1492,503,29575,confirmed,1.0
854,16,triangle,1764,532,20675,confirmed,1.0
854,17,circle,1757,172,32410,confirmed,1.0
855,1,pentagon,448,735,36176,confirmed,1.0
855,11,trapezoid,387,853,20747,confirmed,1.0
855,15,rectangle,1473,534,29575,confirmed,1.0
855,16,triangle,1766,566,20561,confirmed,1.0
855,17,circle,1724,190,32379,confirmed,1.0
856,1,pentagon,522,717,36255,confirmed,1.0
856,11,trapezoid,377,879,27010,confirmed,1.0
856,15,rectangle,1454,564,29575,confirmed,1.0
856,16,triangle,1768,601,20399,confirmed,1.0
856,17,circle,1698,211,32366,confirmed,1.0
857,1,pentagon,595,693,36286,confirmed,1.0
857,11,trapezoid,375,862,27012,confirmed,1.0
857,15,rectangle,1434,594,29575,confirmed,1.0
857,16,triangle,1769,636,20722,confirmed,1.0
857,17,circle,1678,234,32368,confirmed,1.0
858,1,pentagon,665,669,36120,confirmed,1.0
858,11,trapezoid,376,824,27024,confirmed,1.0
858,15,rectangle,1414,624,29861,confirmed,1.0
858,16,triangle,1770,670,20626,confirmed,1.0
858,17,circle,1662,257,32395,confirmed,1.0
859,1,pentagon,733,645,36179,confirmed,1.0
859,11,trapezoid,378,781,27022,confirmed,1.0
859,15,rectangle,1394,654,29861,confirmed,1.0
859,16,triangle,1769,705,20469,confirmed,1.0
859,17,circle,1646,281,32396,confirmed,1.0
860,1,pentagon,798,620,36192,confirmed,1.0
860,11,trapezoid,379,739,27021,confirmed,1.0
860,15,rectangle,1376,684,29861,confirmed,1.0
860,16,triangle,1758,738,20535,confirmed,1.0
860,17,circle,1634,305,32384,confirmed,1.0
861,1,pentagon,861,594,36167,confirmed,1.0
861,11,trapezoid,380,699,27060,confirmed,1.0
861,15,rectangle,1356,714,29861,confirmed,1.0
861,16,triangle,1733,770,20716,confirmed,1.0
861,17,circle,1628,330,32392,confirmed,1.0
862,1,pentagon,922,567,36334,confirmed,1.0
862,11,trapezoid,381,660,27029,confirmed,1.0
862,15,rectangle,1335,744,29861,confirmed,1.0
862,16,triangle,1692,796,20708,confirmed,1.0
862,17,circle,1623,354,32418,confirmed,1.0
863,1,pentagon,982,539,36297,confirmed,1.0
863,11,trapezoid,382,622,27060,confirmed,1.0
863,15,rectangle,1312,774,29861,confirmed,1.0
863,16,triangle,1639,815,20504,confirmed,1.0
863,17,circle,1619,379,32410,confirmed,1.0
864,1,pentagon,1042,511,36168,confirmed,1.0
864,11,trapezoid,382,584,27009,confirmed,1.0
864,15,rectangle,1289,804,29575,confirmed,1.0
864,16,triangle,1583,830,20540,confirmed,1.0
864,17,circle,1615,404,32383,confirmed,1.0
865,1,pentagon,1102,483,36170,confirmed,1.0
865,11,trapezoid,384,546,27040,confirmed,1.0
865,15,rectangle,1260,832,29575,confirmed,1.0
865,16,triangle,1524,843,20387,confirmed,1.0
865,17,circle,1621,428,32383,confirmed,1.0
866,1,pentagon,1163,456,36315,confirmed,1.0
866,11,trapezoid,386,508,27071,confirmed,1.0
866,15,rectangle,1226,859,29575,confirmed,1.0
866,16,triangle,1464,852,20723,confirmed,1.0
866,17,circle,1631,452,32410,confirmed,1.0
867,1,pentagon,1195,435,36146,confirmed,1.0
867,11,trapezoid,387,470,27070,confirmed,1.0
867,15,rectangle,1188,883,29575,confirmed,1.0
867,16,triangle,1402,858,20669,confirmed,1.0
867,17,circle,1643,476,32415,confirmed,1.0
868,1,pentagon,1149,441,36121,confirmed,1.0
868,11,trapezoid,389,432,27110,confirmed,1.0
868,15,rectangle,1144,903,29861,confirmed,1.0
868,16,triangle,1341,863,20765,confirmed,1.0
868,17,circle,1665,498,32381,confirmed,1.0
869,1,pentagon,1174,421,36323,confirmed,1.0
869,11,trapezoid,390,394,27074,confirmed,1.0
869,15,rectangle,1095,920,29575,confirmed,1.0
869,16,triangle,1279,864,20697,confirmed,1.0
869,17,circle,1701,512,32373,confirmed,1.0
870,1,pentagon,1227,392,36229,confirmed,1.0
870,11,trapezoid,392,356,27072,confirmed,1.0
870,15,rectangle,1041,932,29575,confirmed,1.0
870,16,triangle,1219,859,20403,confirmed,1.0
870,17,circle,1744,513,32405,confirmed,1.0
871,1,pentagon,1288,361,36173,confirmed,1.0
871,11,trapezoid,394,318,27114,confirmed,1.0
871,15,rectangle,987,943,29575,confirmed,1.0
871,16,triangle,1174,838,20447,confirmed,1.0
871,17,circle,1784,501,32385,confirmed,1.0
872,1,pentagon,1352,333,36342,confirmed,1.0
872,11,trapezoid,395,280,27121,confirmed,1.0
872,15,rectangle,931,940,29575,confirmed,1.0
872,16,triangle,1159,805,20514,confirmed,1.0
872,17,circle,1814,480,32396,confirmed,1.0
873,1,pentagon,1419,308,36180,confirmed,1.0
873,11,trapezoid,382,278,27067,confirmed,1.0
873,15,rectangle,875,933,29575,confirmed,1.0
873,16,triangle,1164,768,20611,confirmed,1.0
873,17,circle,1841,463,31443,confirmed,1.0
874,1,pentagon,1492,294,36173,confirmed,1.0
874,11,trapezoid,372,312,27041,confirmed,1.0
874,15,rectangle,818,924,29575,confirmed,1.0
874,16,triangle,1176,732,20664,confirmed,1.0
874,17,circle,1862,443,28907,confirmed,1.0
875,1,pentagon,1569,294,36210,confirmed,1.0
875,11,trapezoid,366,354,27095,confirmed,1.0
875,15,rectangle,764,912,29861,confirmed,1.0
875,16,triangle,1193,697,20636,confirmed,1.0
875,17,circle,1875,420,25936,confirmed,1.0
876,1,pentagon,1636,317,36227,confirmed,1.0
876,11,trapezoid,361,397,27094,confirmed,1.0
876,15,rectangle,710,899,29575,confirmed,1.0
876,16,triangle,1213,662,20453,confirmed,1.0
876,17,circle,1883,394,22623,confirmed,1.0
877,1,pentagon,1694,349,36161,confirmed,1.0
877,11,trapezoid,355,436,27027,confirmed,1.0
877,15,rectangle,659,883,29861,confirmed,1.0
877,16,triangle,1234,630,20633,confirmed,1.0
877,17,circle,1888,369,19046,confirmed,1.0
878,1,pentagon,1739,386,36158,confirmed,1.0
878,11,trapezoid,349,474,27092,confirmed,1.0
878,15,rectangle,609,867,29861,confirmed,1.0
878,16,triangle,1258,598,20639,confirmed,1.0
878,17,circle,1890,342,15673,confirmed,1.0
879,1,pentagon,1768,429,36307,confirmed,1.0
879,11,trapezoid,344,513,26971,confirmed,1.0
879,15,rectangle,563,849,29861,confirmed,1.0
879,16,triangle,1284,566,20511,confirmed,1.0
879,17,circle,1888,313,17205,confirmed,1.0
880,1,pentagon,1788,473,36324,confirmed,1.0
880,11,trapezoid,338,552,27018,confirmed,1.0
880,15,rectangle,516,830,29861,confirmed,1.0
880,16,triangle,1312,536,20727,confirmed,1.0
880,17,circle,1882,288,20785,confirmed,1.0
881,1,pentagon,1813,514,36222,confirmed,1.0
881,11,trapezoid,331,590,26980,confirmed,1.0
881,15,rectangle,468,812,29575,confirmed,1.0
881,16,triangle,1341,505,20451,confirmed,1.0
881,17,circle,1874,263,22204,confirmed,1.0
882,1,pentagon,1833,557,35688,confirmed,1.0
882,11,trapezoid,324,628,26967,confirmed,1.0
882,15,rectangle,430,791,28880,confirmed,1.0
882,16,triangle,1371,474,20590,confirmed,1.0
882,17,circle,1865,239,23610,confirmed,1.0
883,1,pentagon,1843,600,35802,confirmed,1.0
883,11,trapezoid,317,665,26829,confirmed,1.0
883,15,rectangle,393,772,22213,confirmed,1.0
883,16,triangle,1400,444,20739,confirmed,1.0
883,17,circle,1857,215,25329,confirmed,1.0
884,1,pentagon,1843,644,36272,confirmed,1.0
884,11,trapezoid,310,704,26801,confirmed,1.0
884,15,rectangle,362,752,13398,confirmed,1.0
884,16,triangle,1427,412,20612,confirmed,1.0
884,17,circle,1849,191,27088,confirmed,1.0
885,1,pentagon,1809,689,36092,confirmed,1.0
885,11,trapezoid,303,741,26757,confirmed,1.0
885,15,rectangle,337,706,11188,confirmed,1.0
885,16,triangle,1451,380,20575,confirmed,1.0
885,17,circle,1842,168,29107,confirmed,1.0
886,1,pentagon,1783,732,36335,confirmed,1.0
886,11,trapezoid,296,779,26802,confirmed,1.0
886,15,rectangle,317,666,20454,confirmed,1.0
886,16,triangle,1472,348,20722,confirmed,1.0
886,17,circle,1833,145,31315,confirmed,1.0
887,1,pentagon,1755,774,36159,confirmed,1.0
887,11,trapezoid,289,817,26927,confirmed,1.0
887,15,rectangle,316,638,29615,confirmed,1.0
887,16,triangle,1490,314,20551,confirmed,1.0
887,17,circle,1815,124,32405,confirmed,1.0
888,1,pentagon,1720,813,36366,confirmed,1.0
888,11,trapezoid,282,855,27071,confirmed,1.0
888,15,rectangle,312,608,29861,confirmed,1.0
888,16,triangle,1507,281,20427,confirmed,1.0
888,17,circle,1797,103,32437,confirmed,1.0
889,1,pentagon,1676,849,36360,confirmed,1.0
889,11,trapezoid,275,893,27082,confirmed,1.0
889,15,rectangle,310,576,29861,confirmed,1.0
889,16,triangle,1516,247,20503,confirmed,1.0
889,17,circle,1775,83,30807,confirmed,1.0
890,1,pentagon,1621,881,36241,confirmed,1.0
890,11,trapezoid,270,893,27000,confirmed,1.0
890,15,rectangle,311,544,29575,confirmed,1.0
890,16,triangle,1520,212,20633,confirmed,1.0
890,17,circle,1749,67,28167,confirmed,1.0
891,1,pentagon,1554,904,36303,confirmed,1.0
891,11,trapezoid,265,859,27024,confirmed,1.0
891,15,rectangle,311,512,29575,confirmed,1.0
891,16,triangle,1509,179,20445,confirmed,1.0
891,17,circle,1718,55,25155,confirmed,1.0
892,1,pentagon,1478,912,36160,confirmed,1.0
892,11,trapezoid,264,842,27062,confirmed,1.0
892,15,rectangle,312,480,29575,confirmed,1.0
892,16,triangle,1469,154,20791,confirmed,1.0
892,17,circle,1684,47,22241,confirmed,1.0
893,1,pentagon,1398,913,36120,confirmed,1.0
893,11,trapezoid,269,868,27057,confirmed,1.0
893,15,rectangle,307,448,29575,confirmed,1.0
893,16,triangle,1418,131,20429,confirmed,1.0
893,17,circle,1646,41,19838,confirmed,1.0
894,1,pentagon,1328,894,36240,confirmed,1.0
894,11,trapezoid,274,867,27072,confirmed,1.0
894,15,rectangle,298,416,29575,confirmed,1.0
894,16,triangle,1375,108,20394,confirmed,1.0
894,17,circle,1604,38,18147,confirmed,1.0
895,1,pentagon,1261,868,36085,confirmed,1.0
895,11,trapezoid,273,836,27069,confirmed,1.0
895,15,rectangle,289,384,29575,confirmed,1.0
895,16,triangle,1325,90,20102,confirmed,1.0
895,17,circle,1559,37,17210,confirmed,1.0
896,1,pentagon,1199,840,36178,confirmed,1.0
896,11,trapezoid,271,795,27054,confirmed,1.0
896,15,rectangle,280,352,29575,confirmed,1.0
896,16,triangle,1269,76,19673,confirmed,1.0
896,17,circle,1512,38,16942,confirmed,1.0
897,1,pentagon,1149,806,36300,confirmed,1.0
897,11,trapezoid,268,754,27031,confirmed,1.0
897,15,rectangle,269,320,29575,confirmed,1.0
897,16,triangle,1208,67,19084,confirmed,1.0
897,17,circle,1464,40,16958,confirmed,1.0
898,1,pentagon,1111,767,36312,confirmed,1.0
898,11,trapezoid,265,713,26970,confirmed,1.0
898,15,rectangle,257,288,29575,confirmed,1.0
898,16,triangle,1144,66,19543,confirmed,1.0
898,17,circle,1417,42,17205,confirmed,1.0
899,1,pentagon,1077,727,36242,confirmed,1.0
899,11,trapezoid,263,674,26963,confirmed,1.0
899,15,rectangle,241,256,29861,confirmed,1.0
899,16,triangle,1078,69,19330,confirmed,1.0
899,17,circle,1370,45,17478,confirmed,1.0
900,1,pentagon,1048,685,36362,confirmed,1.0
900,11,trapezoid,261,636,26971,confirmed,1.0
900,15,rectangle,218,227,29575,confirmed,1.0
900,16,triangle,1011,75,19707,confirmed,1.0
900,17,circle,1324,47,17753,confirmed,1.0
901,1,pentagon,1019,644,36112,confirmed,1.0
901,11,trapezoid,257,598,26927,confirmed,1.0
901,15,rectangle,178,217,29575,confirmed,1.0
901,16,triangle,946,84,19881,confirmed,1.0
901,17,circle,1284,51,20707,confirmed,1.0
902,1,pentagon,990,603,36189,confirmed,1.0
902,11,trapezoid,253,560,26952,confirmed,1.0
902,15,rectangle,145,239,29575,confirmed,1.0
902,16,triangle,882,93,19930,confirmed,1.0
902,17,circle,1251,58,24545,confirmed,1.0
903,1,pentagon,961,563,36218,confirmed,1.0
903,11,trapezoid,249,523,27054,confirmed,1.0
903,15,rectangle,120,272,29575,confirmed,1.0
903,16,triangle,819,98,19766,confirmed,1.0
903,17,circle,1224,68,28043,confirmed,1.0
904,1,pentagon,931,523,36288,confirmed,1.0
904,11,trapezoid,244,485,27036,confirmed,1.0
904,15,rectangle,103,306,29793,confirmed,1.0
904,16,triangle,757,101,19606,confirmed,1.0
904,17,circle,1201,80,30890,confirmed,1.0
905,1,pentagon,902,481,36070,confirmed,1.0
905,11,trapezoid,241,447,26987,confirmed,1.0
905,15,rectangle,89,337,28543,confirmed,0.978
905,16,triangle,696,100,19656,confirmed,1.0
905,17,circle,1181,95,32497,confirmed,1.0
906,1,pentagon,871,441,36177,confirmed,1.0
906,11,trapezoid,237,409,26928,confirmed,1.0
906,15,rectangle,75,368,26942,confirmed,0.956
906,16,triangle,636,96,19272,confirmed,1.0
906,17,circle,1168,122,32372,confirmed,1.0
907,1,pentagon,839,401,36165,confirmed,1.0
907,11,trapezoid,232,371,26951,confirmed,1.0
907,15,rectangle,62,400,27643,confirmed,0.956
907,16,triangle,576,90,18806,confirmed,1.0
907,17,circle,1150,146,32404,confirmed,1.0
908,1,pentagon,800,364,36253,confirmed,1.0
908,11,trapezoid,228,333,26973,confirmed,1.0
908,15,rectangle,53,434,26509,confirmed,0.956
908,16,triangle,516,83,18571,confirmed,1.0
908,17,circle,1131,170,32378,confirmed,1.0
909,1,pentagon,739,341,36239,confirmed,1.0
909,11,trapezoid,225,295,27052,confirmed,1.0
909,15,rectangle,49,468,26690,confirmed,0.956
909,16,triangle,456,78,18456,confirmed,1.0
909,17,circle,1115,193,32393,confirmed,1.0
910,1,pentagon,675,359,36058,confirmed,1.0
910,11,trapezoid,223,257,27062,confirmed,1.0
910,15,rectangle,49,501,25862,confirmed,0.956
910,16,triangle,395,73,18577,confirmed,1.0
910,17,circle,1101,217,32418,confirmed,1.0
911,1,pentagon,613,390,36324,confirmed,1.0
911,11,trapezoid,223,219,27068,confirmed,1.0
911,15,rectangle,51,534,26112,confirmed,0.956
911,16,triangle,334,73,18900,confirmed,1.0
911,17,circle,1089,241,32425,confirmed,1.0
912,1,pentagon,557,425,36143,confirmed,1.0
912,11,trapezoid,221,181,26902,confirmed,1.0
912,15,rectangle,54,567,26530,confirmed,0.956
912,16,triangle,287,76,14048,confirmed,1.0
912,17,circle,1080,265,32410,confirmed,1.0
913,1,pentagon,507,462,36142,confirmed,1.0
913,11,trapezoid,220,143,26897,confirmed,1.0
913,15,rectangle,60,599,28620,confirmed,0.956
913,16,triangle,244,65,2579,confirmed,1.0
913,17,circle,1072,289,32408,confirmed,1.0
914,1,pentagon,460,499,36302,confirmed,1.0
914,11,trapezoid,218,123,26994,confirmed,1.0
914,15,rectangle,75,630,29575,confirmed,0.956
914,16,triangle,196,60,2579,coasting,1.0
914,17,circle,1066,314,32390,confirmed,1.0
915,1,pentagon,420,537,36335,confirmed,1.0
915,11,trapezoid,212,151,26985,confirmed,1.0
915,15,rectangle,94,660,29861,confirmed,0.956
915,16,triangle,153,55,2579,coasting,1.0
915,17,circle,1064,339,32388,confirmed,1.0
915,18,trapezoid,214,239,5328,confirmed,1.0
916,1,pentagon,388,578,36300,confirmed,1.0
916,11,trapezoid,206,192,26997,confirmed,1.0
916,15,rectangle,113,690,29861,confirmed,0.956
916,16,triangle,114,51,2579,coasting,1.0
916,17,circle,1065,364,32370,confirmed,1.0
916,18,trapezoid,187,277,4190,confirmed,0.667
917,1,pentagon,367,620,36260,confirmed,1.0
917,11,trapezoid,199,234,26796,confirmed,1.0
917,15,rectangle,136,720,29861,confirmed,0.956
917,16,triangle,78,47,2579,coasting,1.0
917,17,circle,1066,389,32415,confirmed,1.0
917,18,trapezoid,153,312,4190,coasting,0.667
918,1,pentagon,354,662,36261,confirmed,1.0
918,11,trapezoid,192,275,26773,confirmed,1.0
918,15,rectangle,164,748,29861,confirmed,0.956
918,16,triangle,47,44,2579,coasting,1.0
918,17,circle,1068,413,32383,confirmed,1.0
918,18,trapezoid,122,344,4190,coasting,0.667
919,1,pentagon,373,704,36341,confirmed,1.0
919,11,trapezoid,185,314,26748,confirmed,1.0
919,15,rectangle,200,773,29463,confirmed,0.956
919,16,triangle,18,41,2579,coasting,1.0
919,17,circle,1071,438,32407,confirmed,1.0
919,18,trapezoid,94,372,4190,coasting,0.667
920,1,pentagon,414,741,36345,confirmed,1.0
920,11,trapezoid,178,353,26798,confirmed,1.0
920,15,rectangle,235,765,29861,confirmed,0.956
920,16,triangle,-7,38,2579,coasting,1.0
920,17,circle,1080,462,32394,confirmed,1.0
920,18,trapezoid,69,397,4190,coasting,0.667
921,1,pentagon,485,758,36224,confirmed,1.0
921,11,trapezoid,171,391,26769,confirmed,1.0
921,15,rectangle,258,736,29861,confirmed,0.956
921,16,triangle,-30,36,2579,coasting,1.0
921,17,circle,1091,486,32397,confirmed,1.0
921,18,trapezoid,46,420,4190,coasting,0.667
922,1,pentagon,567,759,36350,confirmed,1.0
922,11,trapezoid,164,429,26758,confirmed,1.0
922,15,rectangle,286,704,29861,confirmed,0.956
922,16,triangle,-51,33,2579,coasting,1.0
922,17,circle,1108,509,32388,confirmed,1.0
922,18,trapezoid,26,441,4190,coasting,0.667
923,1,pentagon,648,750,36320,confirmed,1.0
923,11,trapezoid,157,467,26929,confirmed,1.0
923,15,rectangle,316,674,29575,confirmed,0.956
923,17,circle,1141,525,32375,confirmed,1.0
923,18,trapezoid,8,459,4190,coasting,0.667
924,1,pentagon,726,737,36198,confirmed,1.0
924,11,trapezoid,149,505,26852,confirmed,1.0
924,15,rectangle,342,644,29743,confirmed,0.956
924,17,circle,1184,528,32385,confirmed,1.0
924,18,trapezoid,-9,476,4190,coasting,0.667
925,1,pentagon,802,723,36347,confirmed,1.0
925,11,trapezoid,142,543,26832,confirmed,1.0
925,15,rectangle,362,613,29575,confirmed,0.956
925,17,circle,1225,518,32387,confirmed,1.0
925,18,trapezoid,-24,491,4190,coasting,0.667
926,1,pentagon,875,706,36342,confirmed,1.0
926,11,trapezoid,135,581,26828,confirmed,1.0
926,15,rectangle,381,582,29575,confirmed,0.956
926,17,circle,1259,499,32388,confirmed,1.0
926,18,trapezoid,41,497,2509,confirmed,0.667
927,1,pentagon,946,687,36317,confirmed,1.0
927,11,trapezoid,128,619,26851,confirmed,1.0
927,15,rectangle,397,550,29861,confirmed,0.956
927,17,circle,1286,477,32401,confirmed,1.0
927,18,trapezoid,66,507,2509,coasting,0.667
928,1,pentagon,1015,668,36325,confirmed,1.0
928,11,trapezoid,121,657,26893,confirmed,1.0
928,15,rectangle,414,520,29575,confirmed,0.956
928,17,circle,1310,455,32390,confirmed,1.0
928,18,trapezoid,89,516,2509,coasting,0.667
928,19,pentagon,235,597,10053,confirmed,0.0
929,1,pentagon,1077,641,36148,confirmed,1.0
929,11,trapezoid,114,695,26904,confirmed,1.0
929,15,rectangle,430,488,29861,confirmed,0.956
929,17,circle,1332,433,32383,confirmed,1.0
929,18,trapezoid,110,524,2509,coasting,0.667
929,19,pentagon,231,621,11865,confirmed,0.0
930,1,pentagon,1130,609,36315,confirmed,1.0
930,11,trapezoid,108,732,26876,confirmed,1.0
930,15,rectangle,446,458,29575,confirmed,0.956
930,17,circle,1355,411,32414,confirmed,1.0
930,18,trapezoid,128,531,2509,coasting,0.667
930,19,trapezoid,231,655,13437,confirmed,0.0
931,1,pentagon,1179,575,36098,confirmed,1.0
931,11,trapezoid,103,770,26785,confirmed,1.0
931,15,rectangle,462,428,29575,confirmed,0.956
931,17,circle,1368,388,32402,confirmed,1.0
931,18,trapezoid,145,538,2509,coasting,0.667
931,19,trapezoid,247,720,15430,confirmed,1.0
932,1,pentagon,1224,539,36333,confirmed,1.0
932,11,trapezoid,100,807,26610,confirmed,1.0
932,15,rectangle,478,396,29861,confirmed,0.956
932,17,circle,1372,364,32384,confirmed,1.0
932,18,trapezoid,160,544,2509,coasting,0.667
932,19,trapezoid,263,765,18231,confirmed,1.0
933,1,pentagon,1258,500,36281,confirmed,1.0
933,11,trapezoid,97,845,26411,confirmed,1.0
933,15,rectangle,496,366,29575,confirmed,0.956
933,17,circle,1374,338,32083,confirmed,1.0
933,18,trapezoid,174,549,2509,coasting,0.667
933,19,trapezoid,289,800,20334,confirmed,0.667
934,1,pentagon,1267,457,36186,confirmed,1.0
934,11,trapezoid,96,883,26223,confirmed,1.0
934,15,rectangle,514,336,29575,confirmed,0.956
934,17,circle,1378,309,30376,confirmed,1.0
934,18,trapezoid,186,554,2509,coasting,0.667
934,19,trapezoid,334,823,20445,confirmed,0.5
935,1,pentagon,1279,414,36220,confirmed,1.0
935,11,trapezoid,99,899,27010,confirmed,1.0
935,15,rectangle,535,306,29575,confirmed,0.956
935,17,circle,1382,281,26898,confirmed,1.0
935,18,trapezoid,197,558,2509,coasting,0.667
935,19,triangle,392,835,20694,confirmed,0.6
936,1,pentagon,1304,373,36217,confirmed,1.0
936,11,trapezoid,106,890,27047,confirmed,1.0
936,15,rectangle,557,276,29575,confirmed,0.956
936,17,circle,1382,250,21186,confirmed,1.0
936,18,trapezoid,207,562,2509,coasting,0.667
936,19,triangle,455,835,20769,confirmed,0.667
937,1,pentagon,1341,334,36166,confirmed,1.0
937,11,trapezoid,125,807,26929,confirmed,1.0
937,15,rectangle,580,246,29861,confirmed,0.956
937,17,circle,1373,219,16540,confirmed,1.0
937,18,trapezoid,216,565,2509,coasting,0.667
937,19,triangle,517,827,20625,confirmed,0.714
938,1,pentagon,1386,298,36068,confirmed,1.0
938,11,trapezoid,140,752,27007,confirmed,1.0
938,15,rectangle,603,216,29861,confirmed,0.956
938,17,circle,1352,192,16926,confirmed,1.0
938,18,trapezoid,224,569,2509,coasting,0.667
938,19,triangle,577,817,20683,confirmed,0.75
939,1,pentagon,1449,274,36159,confirmed,1.0
939,11,trapezoid,154,708,26941,confirmed,1.0
939,15,rectangle,626,188,29575,confirmed,0.956
939,17,circle,1327,174,28834,confirmed,1.0
939,18,trapezoid,231,571,2509,coasting,0.667
939,19,triangle,636,804,20762,confirmed,0.778
940,1,pentagon,1522,262,36177,confirmed,1.0
940,11,trapezoid,169,670,26962,confirmed,1.0
940,15,rectangle,650,158,29861,confirmed,0.956
940,17,circle,1282,174,32405,confirmed,1.0
940,18,trapezoid,237,574,2509,coasting,0.667
940,19,triangle,691,788,20766,confirmed,0.8
941,1,pentagon,1601,265,36179,confirmed,1.0
941,11,trapezoid,184,634,27015,confirmed,1.0
941,15,rectangle,677,130,29861,confirmed,0.956
941,17,circle,1241,166,32389,confirmed,1.0
941,18,trapezoid,243,576,2509,coasting,0.667
941,19,triangle,743,769,20475,confirmed,0.818
942,1,pentagon,1675,281,36120,confirmed,1.0
942,11,trapezoid,201,598,27029,confirmed,1.0
942,15,rectangle,705,102,29588,confirmed,0.956
942,17,circle,1199,157,32390,confirmed,1.0
942,18,trapezoid,249,578,2509,coasting,0.667
942,19,triangle,791,747,20813,confirmed,0.833
943,1,pentagon,1734,311,36353,confirmed,1.0
943,11,trapezoid,222,563,27063,confirmed,1.0
943,15,rectangle,738,80,26442,confirmed,0.956
943,17,circle,1156,151,32381,confirmed,1.0
943,18,trapezoid,253,580,2509,coasting,0.667
943,19,triangle,836,723,20623,confirmed,0.846
944,1,pentagon,1780,349,36326,confirmed,1.0
944,11,trapezoid,244,526,26995,confirmed,1.0
944,15,rectangle,778,65,24154,confirmed,0.956
944,17,circle,1112,147,32418,confirmed,1.0
944,18,trapezoid,257,582,2509,coasting,0.667
944,19,triangle,881,699,20527,confirmed,0.857
945,1,pentagon,1824,383,36371,confirmed,1.0
945,11,trapezoid,266,490,27026,confirmed,1.0
945,15,rectangle,821,62,27014,confirmed,0.956
945,17,circle,1067,145,32459,confirmed,1.0
945,18,trapezoid,261,583,2509,coasting,0.667
945,19,triangle,913,670,20596,confirmed,0.867
946,1,pentagon,1857,421,35068,confirmed,1.0
946,11,trapezoid,287,454,27014,confirmed,1.0
946,15,rectangle,862,72,28547,confirmed,0.956
946,17,circle,1025,145,32417,confirmed,1.0
946,18,trapezoid,265,584,2509,coasting,0.667
946,19,triangle,941,639,20647,confirmed,0.875
947,1,pentagon,1874,464,34198,confirmed,1.0
947,11,trapezoid,309,418,27066,confirmed,1.0
947,15,rectangle,897,91,16317,confirmed,0.956
947,17,circle,985,155,32381,confirmed,1.0
947,19,triangle,968,609,20743,confirmed,0.882
948,1,pentagon,1880,509,33236,confirmed,1.0
948,11,trapezoid,330,382,26975,confirmed,1.0
948,15,rectangle,935,100,16317,coasting,0.956
948,17,circle,946,166,32404,confirmed,1.0
948,19,triangle,992,577,20605,confirmed,0.889
949,1,pentagon,1876,556,32506,confirmed,1.0
949,11,trapezoid,353,346,27009,confirmed,1.0
949,15,rectangle,979,136,12543,confirmed,0.956
949,17,circle,906,178,32347,confirmed,1.0
949,19,triangle,1014,544,20661,confirmed,0.895
950,1,pentagon,1867,603,32705,confirmed,1.0
950,11,trapezoid,379,311,26977,confirmed,1.0
950,15,rectangle,1020,174,28189,confirmed,0.956
950,17,circle,868,190,32454,confirmed,1.0
950,19,triangle,1031,511,20460,confirmed,0.9
951,1,pentagon,1854,650,33751,confirmed,1.0
951,11,trapezoid,405,276,27010,confirmed,1.0
951,15,rectangle,1066,220,29575,confirmed,0.956
951,17,circle,832,206,32441,confirmed,1.0
951,19,triangle,1043,477,20426,confirmed,0.905
952,1,pentagon,1836,696,35763,confirmed,1.0
952,11,trapezoid,433,241,27005,confirmed,1.0
952,15,rectangle,1112,244,29096,confirmed,0.933
952,17,circle,801,224,32413,confirmed,1.0
952,19,triangle,1052,443,20424,confirmed,0.909
953,1,pentagon,1788,733,36226,confirmed,1.0
953,11,trapezoid,460,207,27083,confirmed,1.0
953,15,rectangle,1157,264,28987,confirmed,0.911
953,17,circle,775,244,32382,confirmed,1.0
953,19,triangle,1059,409,20438,confirmed,0.913
954,1,pentagon,1729,763,36070,confirmed,1.0
954,11,trapezoid,464,230,27086,confirmed,1.0
954,15,rectangle,1199,286,29291,confirmed,0.889
954,17,circle,753,266,32382,confirmed,1.0
954,19,triangle,1063,374,20498,confirmed,0.917
955,1,pentagon,1663,786,36125,confirmed,1.0
955,11,trapezoid,471,245,27097,confirmed,1.0
955,15,rectangle,1239,308,29471,confirmed,0.889
955,17,circle,733,288,32427,confirmed,1.0
955,19,triangle,1065,340,20556,confirmed,0.92
956,1,pentagon,1589,796,36220,confirmed,1.0
956,11,trapezoid,460,307,27078,confirmed,1.0
956,15,rectangle,1277,332,29575,confirmed,0.889
956,17,circle,716,312,32486,confirmed,1.0
956,19,triangle,1067,306,20607,confirmed,0.923
957,1,pentagon,1510,796,36166,confirmed,1.0
957,11,trapezoid,454,355,27083,confirmed,1.0
957,15,rectangle,1291,354,29575,confirmed,0.889
957,17,circle,700,335,32393,confirmed,1.0
957,19,triangle,1063,272,20686,confirmed,0.926
958,1,pentagon,1435,784,36289,confirmed,1.0
958,11,trapezoid,450,397,27051,confirmed,1.0
958,15,rectangle,1318,378,29861,confirmed,0.889
958,17,circle,688,359,32414,confirmed,1.0
958,19,triangle,1057,238,20741,confirmed,0.929
959,1,pentagon,1369,761,36331,confirmed,1.0
959,11,trapezoid,449,436,27037,confirmed,1.0
959,15,rectangle,1351,403,29575,confirmed,0.889
959,17,circle,677,383,32441,confirmed,1.0
959,19,triangle,1052,204,20710,confirmed,0.931
960,1,pentagon,1315,728,36270,confirmed,1.0
960,11,trapezoid,447,474,27103,confirmed,1.0
960,15,rectangle,1388,428,29861,confirmed,0.889
960,17,circle,670,407,32370,confirmed,1.0
960,19,triangle,1042,170,20712,confirmed,0.933
961,1,pentagon,1270,691,36210,confirmed,1.0
961,11,trapezoid,445,511,27062,confirmed,1.0
961,15,rectangle,1428,450,29575,confirmed,0.889
961,17,circle,665,432,32403,confirmed,1.0
961,19,triangle,1014,139,20507,confirmed,0.935
962,1,pentagon,1230,653,36234,confirmed,1.0
962,11,trapezoid,444,549,27064,confirmed,1.0
962,15,rectangle,1477,468,29575,confirmed,0.889
962,17,circle,663,457,32412,confirmed,1.0
962,19,triangle,959,130,20599,confirmed,0.938
963,1,pentagon,1191,615,36325,confirmed,1.0
963,11,trapezoid,444,587,27005,confirmed,1.0
963,15,rectangle,1531,478,29861,confirmed,0.889
963,17,circle,665,482,32395,confirmed,1.0
963,19,triangle,906,148,20748,confirmed,0.939
964,1,pentagon,1154,577,36356,confirmed,1.0
964,11,trapezoid,445,625,27040,confirmed,1.0
964,15,rectangle,1586,488,29575,confirmed,0.889
964,17,circle,670,506,32387,confirmed,1.0
964,19,triangle,866,178,20781,confirmed,0.941
965,1,pentagon,1116,539,36227,confirmed,1.0
965,11,trapezoid,446,663,27075,confirmed,1.0
965,15,rectangle,1643,489,29575,confirmed,0.889
965,17,circle,679,530,32387,confirmed,1.0
965,19,triangle,854,215,20808,confirmed,0.943
966,1,pentagon,1080,501,36184,confirmed,1.0
966,11,trapezoid,447,701,27052,confirmed,1.0
966,15,rectangle,1699,485,29861,confirmed,0.911
966,17,circle,692,554,32387,confirmed,1.0
966,19,triangle,856,251,20791,confirmed,0.944
967,1,pentagon,1047,462,36066,confirmed,1.0
967,11,trapezoid,450,739,27041,confirmed,1.0
967,15,rectangle,1756,480,29861,confirmed,0.933
967,17,circle,709,577,32350,confirmed,1.0
967,19,triangle,866,287,20802,confirmed,0.946
968,1,pentagon,1015,423,36290,confirmed,1.0
968,11,trapezoid,456,777,27080,confirmed,1.0
968,15,rectangle,1810,472,29861,confirmed,0.933
968,17,circle,732,599,32387,confirmed,1.0
968,19,triangle,875,315,18021,confirmed,0.921
969,1,pentagon,984,383,36205,confirmed,1.0
969,11,trapezoid,463,815,27086,confirmed,1.0
969,15,rectangle,1862,464,26530,confirmed,0.933
969,17,circle,760,618,32391,confirmed,1.0
969,19,triangle,878,344,9477,confirmed,0.921
970,1,pentagon,952,344,36360,confirmed,1.0
970,11,trapezoid,470,853,27033,confirmed,1.0
970,15,rectangle,1904,455,15662,confirmed,0.933
970,17,circle,794,634,32392,confirmed,1.0
970,19,triangle,881,373,9477,coasting,0.921
971,1,pentagon,914,307,36155,confirmed,1.0
971,11,trapezoid,478,880,27060,confirmed,1.0
971,15,rectangle,1952,447,15662,coasting,0.933
971,17,circle,831,648,32394,confirmed,1.0
971,19,triangle,909,414,12440,confirmed,0.921
972,1,pentagon,865,274,36201,confirmed,1.0
972,11,trapezoid,486,887,27085,confirmed,1.0
972,17,circle,873,656,32388,confirmed,1.0
972,19,triangle,971,445,20502,confirmed,0.923
973,1,pentagon,803,250,36210,confirmed,1.0
973,11,trapezoid,495,822,27030,confirmed,1.0
973,17,circle,917,659,32355,confirmed,1.0
973,19,triangle,1016,474,20440,confirmed,0.925
974,1,pentagon,732,253,36196,confirmed,1.0
974,11,trapezoid,503,771,27042,confirmed,1.0
974,17,circle,962,661,32360,confirmed,1.0
974,19,triangle,1055,500,19922,confirmed,0.927
975,1,pentagon,675,282,36207,confirmed,1.0
975,11,trapezoid,510,728,27053,confirmed,1.0
975,17,circle,1004,657,32358,confirmed,1.0
975,19,triangle,1097,526,17793,confirmed,0.927
976,1,pentagon,623,318,36227,confirmed,1.0
976,11,trapezoid,520,688,27006,confirmed,1.0
976,17,circle,1044,647,32362,confirmed,1.0
976,19,triangle,1140,548,14693,confirmed,0.927
977,1,pentagon,570,352,36221,confirmed,1.0
977,11,trapezoid,530,650,27071,confirmed,1.0
977,17,circle,1083,635,32353,confirmed,1.0
977,19,triangle,1186,570,12548,confirmed,0.927
978,1,pentagon,515,384,36283,confirmed,1.0
978,11,trapezoid,541,613,27060,confirmed,1.0
978,17,circle,1122,622,32374,confirmed,1.0
978,19,triangle,1234,593,11366,confirmed,0.927
979,1,pentagon,460,414,36344,confirmed,1.0
979,11,trapezoid,551,575,25964,confirmed,1.0
979,17,circle,1156,606,32373,confirmed,1.0
979,19,triangle,1280,617,12940,confirmed,0.927
980,1,pentagon,406,444,36335,confirmed,1.0
980,11,trapezoid,563,538,25073,confirmed,1.0
980,17,circle,1183,586,32375,confirmed,1.0
980,19,triangle,1322,639,18568,confirmed,0.927
981,1,pentagon,353,475,36166,confirmed,1.0
981,11,trapezoid,572,500,27046,confirmed,1.0
981,17,circle,1201,563,32386,confirmed,1.0
981,19,triangle,1372,648,20617,confirmed,0.929
982,1,pentagon,304,507,36334,confirmed,1.0
982,11,trapezoid,581,463,27095,confirmed,1.0
982,17,circle,1215,539,32440,confirmed,1.0
982,19,triangle,1424,637,20526,confirmed,0.93
983,1,pentagon,256,541,36192,confirmed,1.0
983,11,trapezoid,591,426,27150,confirmed,1.0
983,17,circle,1225,515,32400,confirmed,1.0
983,19,triangle,1475,617,20817,confirmed,0.932
984,1,pentagon,216,577,36366,confirmed,1.0
984,11,trapezoid,602,387,27014,confirmed,1.0
984,17,circle,1232,490,32441,confirmed,1.0
984,19,triangle,1523,594,20540,confirmed,0.933
985,1,pentagon,185,614,36096,confirmed,1.0
985,11,trapezoid,612,350,27069,confirmed,1.0
985,17,circle,1235,465,32398,confirmed,1.0
985,19,triangle,1566,568,20546,confirmed,0.956
986,1,pentagon,199,656,36310,confirmed,1.0
986,11,trapezoid,622,312,27058,confirmed,1.0
986,17,circle,1236,440,32363,confirmed,1.0
986,19,triangle,1603,542,20763,confirmed,0.978
987,1,pentagon,233,695,36297,confirmed,1.0
987,11,trapezoid,632,275,27185,confirmed,1.0
987,17,circle,1233,415,32400,confirmed,1.0
987,19,triangle,1634,512,20586,confirmed,0.978
988,1,pentagon,302,714,36327,confirmed,1.0
988,11,trapezoid,643,237,27115,confirmed,1.0
988,17,circle,1228,390,32469,confirmed,1.0
988,19,triangle,1664,483,20837,confirmed,0.978
988,20,rectangle,1856,74,20150,confirmed,0.0
989,1,pentagon,381,719,36208,confirmed,1.0
989,11,trapezoid,653,199,27093,confirmed,1.0
989,17,circle,1220,366,32406,confirmed,1.0
989,19,triangle,1694,453,20611,confirmed,0.978
989,20,rectangle,1816,71,19864,confirmed,0.0
990,1,pentagon,462,719,36193,confirmed,1.0
990,11,trapezoid,663,162,27081,confirmed,1.0
990,17,circle,1209,342,32418,confirmed,1.0
990,19,triangle,1723,423,20425,confirmed,0.978
990,20,rectangle,1761,68,19864,confirmed,0.0
991,1,pentagon,540,719,36229,confirmed,1.0
991,11,trapezoid,673,124,27097,confirmed,1.0
991,17,circle,1196,318,32424,confirmed,1.0
991,19,triangle,1752,394,20780,confirmed,0.978
991,20,rectangle,1704,69,21580,confirmed,0.0
992,1,pentagon,615,709,36309,confirmed,1.0
992,11,trapezoid,683,87,27124,confirmed,1.0
992,17,circle,1181,295,32396,confirmed,1.0
992,19,triangle,1780,364,20767,confirmed,0.978
992,20,rectangle,1644,72,23010,confirmed,0.0
993,1,pentagon,686,692,36166,confirmed,1.0
993,11,trapezoid,685,107,27078,confirmed,1.0
993,17,circle,1162,272,32400,confirmed,1.0
993,19,triangle,1803,333,20510,confirmed,0.978
993,20,rectangle,1582,77,24154,confirmed,0.0
994,1,pentagon,745,665,36228,confirmed,1.0
994,11,trapezoid,685,147,27017,confirmed,1.0
994,17,circle,1141,251,32427,confirmed,1.0
994,19,triangle,1825,301,20620,confirmed,0.978
994,20,rectangle,1520,83,25298,confirmed,0.0
995,1,pentagon,796,633,36159,confirmed,1.0
995,11,trapezoid,685,191,27119,confirmed,1.0
995,17,circle,1116,230,32421,confirmed,1.0
995,19,triangle,1843,269,20346,confirmed,0.978
995,20,rectangle,1460,89,26442,confirmed,0.0
996,1,pentagon,845,600,36332,confirmed,1.0
996,11,trapezoid,684,233,27109,confirmed,1.0
996,17,circle,1086,211,32405,confirmed,1.0
996,19,triangle,1858,236,19431,confirmed,0.978
996,20,rectangle,1403,95,27872,confirmed,0.0
997,1,pentagon,895,568,36229,confirmed,1.0
997,11,trapezoid,684,273,27101,confirmed,1.0
997,17,circle,1053,195,32392,confirmed,1.0
997,19,triangle,1869,202,17783,confirmed,0.978
997,20,rectangle,1349,102,29874,confirmed,0.0
998,1,pentagon,945,535,36128,confirmed,1.0
998,11,trapezoid,684,312,27103,confirmed,1.0
998,17,circle,1016,181,32427,confirmed,1.0
998,19,triangle,1880,169,14434,confirmed,0.978
998,20,rectangle,1310,121,29861,confirmed,1.0
999,1,pentagon,995,504,36287,confirmed,1.0
999,11,trapezoid,684,350,27183,confirmed,1.0
999,17,circle,977,170,32430,confirmed,1.0
999,19,triangle,1891,142,7947,confirmed,0.978
999,20,rectangle,1272,143,29575,confirmed,1.0
1000,1,pentagon,1046,473,36198,confirmed,1.0
1000,11,trapezoid,684,388,27092,confirmed,1.0
1000,17,circle,935,160,32435,confirmed,1.0
1000,19,triangle,1903,112,7947,coasting,0.978
1000,20,rectangle,1239,168,29861,confirmed,1.0
1001,1,pentagon,1097,441,36132,confirmed,1.0
1001,11,trapezoid,684,426,27113,confirmed,1.0
1001,17,circle,894,150,32409,confirmed,1.0
1001,19,triangle,1914,85,7947,coasting,0.978
1001,20,rectangle,1213,196,29861,confirmed,1.0
1002,1,pentagon,1148,411,36323,confirmed,1.0
1002,11,trapezoid,684,464,27016,confirmed,1.0
1002,17,circle,854,140,32411,confirmed,1.0
1002,19,triangle,1923,60,7947,coasting,0.978
1002,20,rectangle,1199,220,27183,confirmed,0.8
1003,1,pentagon,1199,379,36177,confirmed,1.0
1003,11,trapezoid,684,502,27096,confirmed,1.0
1003,17,circle,814,132,32406,confirmed,1.0
1003,19,triangle,1932,39,7947,coasting,0.978
1003,20,rectangle,1181,238,17552,confirmed,0.8
1004,1,pentagon,1249,348,36350,confirmed,1.0
1004,11,trapezoid,684,540,27115,confirmed,1.0
1004,17,circle,772,135,32439,confirmed,1.0
1004,19,triangle,1940,19,7947,coasting,0.978
1004,20,rectangle,1165,263,13472,confirmed,0.8
1005,1,pentagon,1299,316,36338,confirmed,1.0
1005,11,trapezoid,685,578,27016,confirmed,1.0
1005,17,circle,728,141,32455,confirmed,1.0
1005,19,triangle,1947,1,7947,coasting,0.978
1005,20,rectangle,1158,297,18597,confirmed,0.8
1006,1,pentagon,1347,283,36100,confirmed,1.0
1006,11,trapezoid,686,616,27188,confirmed,1.0
1006,17,circle,684,147,32378,confirmed,1.0
1006,19,triangle,1953,-15,7947,coasting,0.978
1006,20,rectangle,1184,351,26871,confirmed,0.667
1007,1,pentagon,1397,253,36200,confirmed,1.0
1007,11,trapezoid,687,654,27025,confirmed,1.0
1007,17,circle,641,152,32387,confirmed,1.0
1007,19,triangle,1959,-29,7947,coasting,0.978
1007,20,rectangle,1211,384,29575,confirmed,0.714
1008,1,pentagon,1456,234,36215,confirmed,1.0
1008,11,trapezoid,688,692,27047,confirmed,1.0
1008,17,circle,600,162,32441,confirmed,1.0
1008,19,triangle,1964,-42,7947,coasting,0.978
1008,20,rectangle,1236,412,29861,confirmed,0.75
1009,1,pentagon,1522,247,36339,confirmed,1.0
1009,11,trapezoid,689,730,27008,confirmed,1.0
1009,17,circle,564,176,32422,confirmed,1.0
1009,19,triangle,1968,-54,7947,coasting,0.978
1009,20,rectangle,1263,439,29575,confirmed,0.778
1010,1,pentagon,1589,269,36333,confirmed,1.0
1010,11,trapezoid,691,768,27051,confirmed,1.0
1010,17,circle,538,196,32448,confirmed,1.0
1010,20,rectangle,1294,463,29861,confirmed,0.8
1011,1,pentagon,1655,293,36205,confirmed,1.0
1011,11,trapezoid,695,806,27045,confirmed,1.0
1011,17,circle,517,219,32442,confirmed,1.0
1011,20,rectangle,1330,487,29575,confirmed,0.818
1012,1,pentagon,1706,325,36211,confirmed,1.0
1012,11,trapezoid,700,844,27071,confirmed,1.0
1012,17,circle,500,242,32465,confirmed,1.0
1012,20,rectangle,1376,502,29861,confirmed,0.833
1013,1,pentagon,1746,362,36204,confirmed,1.0
1013,11,trapezoid,705,882,27054,confirmed,1.0
1013,17,circle,487,266,32372,confirmed,1.0
1013,20,rectangle,1430,511,29575,confirmed,0.846
1014,1,pentagon,1780,400,36318,confirmed,1.0
1014,11,trapezoid,711,905,27049,confirmed,1.0
1014,17,circle,475,291,32373,confirmed,1.0
1014,20,rectangle,1486,511,29575,confirmed,0.857
1015,1,pentagon,1801,441,36234,confirmed,1.0
1015,11,trapezoid,722,877,27076,confirmed,1.0
1015,17,circle,462,315,32369,confirmed,1.0
1015,20,rectangle,1543,509,29861,confirmed,0.867
1016,1,pentagon,1826,480,35997,confirmed,1.0
1016,11,trapezoid,733,837,27096,confirmed,1.0
1016,17,circle,454,339,32404,confirmed,1.0
1016,20,rectangle,1598,507,29575,confirmed,0.875
1017,1,pentagon,1845,521,34601,confirmed,1.0
1017,11,trapezoid,747,795,27066,confirmed,1.0
1017,17,circle,449,364,32392,confirmed,1.0
1017,20,rectangle,1651,506,29413,confirmed,0.882
1018,1,pentagon,1857,562,32891,confirmed,1.0
1018,11,trapezoid,761,754,27020,confirmed,1.0
1018,17,circle,447,388,32431,confirmed,1.0
1018,20,rectangle,1705,505,25252,confirmed,0.882
1019,1,pentagon,1863,604,31857,confirmed,1.0
1019,11,trapezoid,776,715,27040,confirmed,1.0
1019,17,circle,445,413,32355,confirmed,1.0
1019,20,rectangle,1756,502,21483,confirmed,0.882
1020,1,pentagon,1860,646,33387,confirmed,1.0
1020,11,trapezoid,788,677,27067,confirmed,1.0
1020,17,circle,444,438,32394,confirmed,1.0
1020,20,rectangle,1809,498,19027,confirmed,0.882
1021,1,pentagon,1846,687,36268,confirmed,1.0
1021,11,trapezoid,801,639,27042,confirmed,1.0
1021,17,circle,452,462,32384,confirmed,1.0
1021,20,rectangle,1862,500,20656,confirmed,0.882
1022,1,pentagon,1784,722,36329,confirmed,1.0
1022,11,trapezoid,812,602,27104,confirmed,1.0
1022,17,circle,465,486,32394,confirmed,1.0
1022,20,rectangle,1904,514,15662,confirmed,0.882
1022,21,hexagon,1874,801,12510,confirmed,0.0
1023,1,pentagon,1727,753,36152,confirmed,1.0
1023,11,trapezoid,822,564,27073,confirmed,1.0
1023,17,circle,481,509,32385,confirmed,1.0
1023,20,rectangle,1951,521,15662,coasting,0.882
1023,21,hexagon,1862,818,17230,confirmed,0.0
1024,1,pentagon,1666,777,36083,confirmed,1.0
1024,11,trapezoid,831,526,27036,confirmed,1.0
1024,17,circle,508,528,32384,confirmed,1.0
1024,21,triangle,1833,837,18997,confirmed,0.0
1025,1,pentagon,1598,796,36225,confirmed,1.0
1025,11,trapezoid,841,489,27143,confirmed,1.0
1025,17,circle,548,539,32436,confirmed,1.0
1025,21,triangle,1767,833,19418,confirmed,1.0
1026,1,pentagon,1527,805,36255,confirmed,1.0
1026,11,trapezoid,850,451,27154,confirmed,1.0
1026,17,circle,590,533,32401,confirmed,1.0
1026,21,triangle,1719,809,20513,confirmed,1.0
1027,1,pentagon,1453,800,36310,confirmed,1.0
1027,11,trapezoid,858,413,27114,confirmed,1.0
1027,17,circle,625,517,32392,confirmed,1.0
1027,21,triangle,1688,779,20834,confirmed,1.0
1028,1,pentagon,1386,781,36213,confirmed,1.0
1028,11,trapezoid,867,375,27173,confirmed,1.0
1028,17,circle,654,495,32399,confirmed,1.0
1028,21,triangle,1670,746,20689,confirmed,1.0
1029,1,pentagon,1330,753,36231,confirmed,1.0
1029,11,trapezoid,876,338,27137,confirmed,1.0
1029,17,circle,680,473,32407,confirmed,1.0
1029,21,triangle,1656,712,20589,confirmed,1.0
1030,1,pentagon,1282,719,36157,confirmed,1.0
1030,11,trapezoid,887,300,27085,confirmed,1.0
1030,17,circle,704,451,32420,confirmed,1.0
1030,21,triangle,1644,679,20612,confirmed,1.0
1031,1,pentagon,1239,684,36320,confirmed,1.0
1031,11,trapezoid,896,263,27115,confirmed,1.0
1031,17,circle,723,429,32383,confirmed,1.0
1031,21,triangle,1638,646,20738,confirmed,1.0
1032,1,pentagon,1198,648,36084,confirmed,1.0
1032,11,trapezoid,905,225,27055,confirmed,1.0
1032,17,circle,726,405,32382,confirmed,1.0
1032,21,triangle,1631,614,20811,confirmed,1.0
1033,1,pentagon,1160,613,36221,confirmed,1.0
1033,11,trapezoid,913,187,27049,confirmed,1.0
1033,17,circle,725,380,32392,confirmed,1.0
1033,21,triangle,1623,581,20459,confirmed,1.0
1034,1,pentagon,1124,578,36153,confirmed,1.0
1034,11,trapezoid,920,149,27087,confirmed,1.0
1034,17,circle,723,354,32416,confirmed,1.0
1034,21,triangle,1612,549,20455,confirmed,1.0
1035,1,pentagon,1087,541,36195,confirmed,1.0
1035,11,trapezoid,914,135,27067,confirmed,1.0
1035,17,circle,723,329,32470,confirmed,1.0
1035,21,triangle,1598,518,20786,confirmed,1.0
1036,1,pentagon,1052,505,36134,confirmed,1.0
1036,11,trapezoid,918,107,27129,confirmed,1.0
1036,17,circle,722,304,32430,confirmed,1.0
1036,21,triangle,1583,486,20738,confirmed,1.0
1037,1,pentagon,1016,469,36074,confirmed,1.0
1037,11,trapezoid,929,90,27086,confirmed,1.0
1037,17,circle,721,280,32378,confirmed,1.0
1037,21,triangle,1566,454,20526,confirmed,1.0
1038,1,pentagon,979,434,36335,confirmed,1.0
1038,11,trapezoid,934,89,27133,confirmed,1.0
1038,17,circle,720,255,32371,confirmed,1.0
1038,21,triangle,1548,424,20761,confirmed,1.0
1039,1,pentagon,943,399,36334,confirmed,1.0
1039,11,trapezoid,931,150,27039,confirmed,1.0
1039,17,circle,717,230,32333,confirmed,1.0
1039,21,triangle,1529,393,20449,confirmed,1.0
1040,1,pentagon,906,363,36185,confirmed,1.0
1040,11,trapezoid,931,186,25346,confirmed,1.0
1040,17,circle,709,206,32427,confirmed,1.0
1040,21,triangle,1509,362,20584,confirmed,1.0
1041,1,pentagon,865,329,36129,confirmed,1.0
1041,11,trapezoid,938,221,15645,confirmed,1.0
1041,17,circle,698,182,32372,confirmed,1.0
1041,21,triangle,1486,332,20543,confirmed,1.0
1042,1,pentagon,809,303,36078,confirmed,1.0
1042,11,trapezoid,945,262,16661,confirmed,1.0
1042,17,circle,680,157,31620,confirmed,1.0
1042,21,triangle,1460,303,20744,confirmed,1.0
1042,22,rectangle,1867,1010,18148,confirmed,0.0
1043,1,pentagon,746,286,36098,confirmed,1.0
1043,11,trapezoid,943,306,24712,confirmed,1.0
1043,17,circle,656,130,29032,confirmed,1.0
1043,21,triangle,1432,276,20774,confirmed,1.0
1043,22,rectangle,1833,1016,17004,confirmed,0.0
1044,1,pentagon,676,293,36098,confirmed,1.0
1044,11,trapezoid,936,351,27191,confirmed,1.0
1044,17,circle,636,107,30472,confirmed,1.0
1044,21,triangle,1401,248,20665,confirmed,1.0
1044,22,rectangle,1786,1020,17004,confirmed,0.0
1045,1,pentagon,619,320,36114,confirmed,1.0
1045,11,trapezoid,917,396,27074,confirmed,1.0
1045,17,circle,616,87,31928,confirmed,1.0
1045,21,triangle,1366,222,20499,confirmed,1.0
1045,22,rectangle,1727,1023,17290,confirmed,0.0
1046,1,pentagon,572,355,36103,confirmed,1.0
1046,11,trapezoid,908,435,27069,confirmed,1.0
1046,17,circle,593,71,29590,confirmed,1.0
1046,21,triangle,1320,202,20518,confirmed,1.0
1046,22,rectangle,1664,1023,17862,confirmed,0.0
1047,1,pentagon,528,391,36344,confirmed,1.0
1047,11,trapezoid,905,473,27075,confirmed,1.0
1047,17,circle,568,59,26427,confirmed,1.0
1047,21,triangle,1268,189,20770,confirmed,1.0
1047,22,rectangle,1598,1022,18434,confirmed,0.0
1048,1,pentagon,483,424,36155,confirmed,1.0
1048,11,trapezoid,901,511,27035,confirmed,1.0
1048,17,circle,537,50,24153,confirmed,1.0
1048,21,triangle,1213,194,20468,confirmed,1.0
1048,22,rectangle,1534,1018,19864,confirmed,0.0
1049,1,pentagon,437,456,36355,confirmed,1.0
1049,11,trapezoid,898,548,27037,confirmed,1.0
1049,17,circle,501,46,22886,confirmed,1.0
1049,21,triangle,1164,214,20673,confirmed,1.0
1049,22,rectangle,1479,1010,23010,confirmed,0.0
1050,1,pentagon,391,487,36144,confirmed,1.0
1050,11,trapezoid,895,586,27058,confirmed,1.0
1050,17,circle,459,46,23926,confirmed,1.0
1050,21,triangle,1124,239,20762,confirmed,1.0
1050,22,rectangle,1436,998,26728,confirmed,0.0
1051,1,pentagon,349,520,36223,confirmed,1.0
1051,11,trapezoid,892,624,27063,confirmed,1.0
1051,17,circle,416,52,26281,confirmed,1.0
1051,21,triangle,1090,267,20679,confirmed,1.0
1051,22,rectangle,1427,974,29575,confirmed,1.0
1052,1,pentagon,323,558,36221,confirmed,1.0
1052,11,trapezoid,889,662,27119,confirmed,1.0
1052,17,circle,378,63,29532,confirmed,1.0
1052,21,triangle,1062,296,20639,confirmed,1.0
1052,22,rectangle,1409,947,29861,confirmed,1.0
1053,1,pentagon,321,597,36359,confirmed,1.0
1053,11,trapezoid,886,700,27108,confirmed,1.0
1053,17,circle,346,79,32002,confirmed,1.0
1053,21,triangle,1041,327,20694,confirmed,1.0
1053,22,rectangle,1378,923,29861,confirmed,1.0
1054,1,pentagon,361,630,36209,confirmed,1.0
1054,11,trapezoid,885,738,27082,confirmed,1.0
1054,17,circle,333,112,32397,confirmed,1.0
1054,21,triangle,1022,357,20654,confirmed,1.0
1054,22,rectangle,1340,902,29575,confirmed,1.0
1055,1,pentagon,428,647,36089,confirmed,1.0
1055,11,trapezoid,888,776,27050,confirmed,1.0
1055,17,circle,317,139,32356,confirmed,1.0
1055,21,triangle,1006,389,20507,confirmed,1.0
1055,22,rectangle,1300,882,29575,confirmed,1.0
1056,1,pentagon,504,656,36172,confirmed,1.0
1056,11,trapezoid,897,814,27099,confirmed,1.0
1056,17,circle,299,162,32365,confirmed,1.0
1056,21,triangle,994,420,20679,confirmed,1.0
1056,22,rectangle,1256,865,29861,confirmed,1.0
1057,1,pentagon,579,659,36161,confirmed,1.0
1057,11,trapezoid,914,850,27116,confirmed,1.0
1057,17,circle,280,184,32404,confirmed,1.0
1057,21,triangle,984,452,20774,confirmed,1.0
1057,22,rectangle,1205,856,29575,confirmed,1.0
1058,1,pentagon,654,660,36324,confirmed,1.0
1058,11,trapezoid,926,860,27160,confirmed,1.0
1058,17,circle,261,207,32372,confirmed,1.0
1058,21,triangle,977,483,20457,confirmed,1.0
1058,22,rectangle,1153,848,29861,confirmed,1.0
1059,1,pentagon,726,660,36122,confirmed,1.0
1059,11,trapezoid,939,796,26992,confirmed,1.0
1059,17,circle,242,229,32375,confirmed,1.0
1059,21,triangle,969,514,20540,confirmed,1.0
1059,22,rectangle,1104,844,27887,confirmed,1.0
1060,1,pentagon,798,655,36210,confirmed,1.0
1060,11,trapezoid,951,776,26992,coasting,1.0
1060,17,circle,223,252,32390,confirmed,1.0
1060,21,triangle,959,545,20540,coasting,1.0
1060,22,rectangle,1053,847,25530,confirmed,1.0
1061,1,pentagon,868,648,36354,confirmed,1.0
1061,11,trapezoid,962,757,26992,coasting,1.0
1061,17,circle,208,275,32380,confirmed,1.0
1061,21,triangle,951,573,20540,coasting,1.0
1061,22,rectangle,997,862,29289,confirmed,1.0
1062,1,pentagon,936,635,36203,confirmed,1.0
1062,11,trapezoid,1000,719,5369,confirmed,1.0
1062,17,circle,197,299,32385,confirmed,1.0
1062,21,triangle,943,599,20540,coasting,1.0
1062,22,rectangle,946,873,29575,confirmed,1.0
1063,1,pentagon,995,613,36219,confirmed,1.0
1063,11,trapezoid,1024,692,5369,coasting,1.0
1063,17,circle,188,324,32445,confirmed,1.0
1063,21,triangle,937,621,20540,coasting,1.0
1063,22,rectangle,897,885,29861,confirmed,1.0
1064,1,pentagon,1041,582,36347,confirmed,1.0
1064,11,trapezoid,1002,641,5216,confirmed,1.0
1064,17,circle,179,348,32357,confirmed,1.0
1064,21,triangle,930,662,12951,confirmed,1.0
1064,22,rectangle,854,902,29575,confirmed,1.0
1065,1,pentagon,1083,548,36110,confirmed,1.0
1065,11,trapezoid,983,584,9503,confirmed,1.0
1065,17,circle,172,372,32422,confirmed,1.0
1065,21,triangle,921,705,19950,confirmed,0.972
1065,22,rectangle,814,921,29861,confirmed,1.0
1066,1,pentagon,1123,514,36202,confirmed,1.0
1066,11,trapezoid,974,528,13641,confirmed,1.0
1066,17,circle,167,397,32353,confirmed,1.0
1066,21,triangle,907,736,20717,confirmed,0.973
1066,22,rectangle,773,939,29575,confirmed,1.0
1067,1,pentagon,1164,481,36180,confirmed,1.0
1067,11,trapezoid,979,474,17569,confirmed,1.0
1067,17,circle,166,422,32387,confirmed,1.0
1067,21,triangle,888,765,20783,confirmed,0.974
1067,22,rectangle,730,956,29575,confirmed,1.0
1068,1,pentagon,1205,449,36178,confirmed,1.0
1068,11,trapezoid,997,426,21469,confirmed,1.0
1068,17,circle,173,446,32374,confirmed,1.0
1068,21,triangle,856,790,20664,confirmed,0.974
1068,22,rectangle,687,973,30139,confirmed,1.0
1069,1,pentagon,1246,417,36249,confirmed,1.0
1069,11,trapezoid,1022,383,24695,confirmed,1.0
1069,17,circle,191,469,32385,confirmed,1.0
1069,21,triangle,807,804,20450,confirmed,0.975
1069,22,rectangle,644,988,27586,confirmed,1.0
1070,1,pentagon,1288,385,36234,confirmed,1.0
1070,11,trapezoid,1052,346,27196,confirmed,1.0
1070,17,circle,222,487,32372,confirmed,1.0
1070,21,triangle,751,808,20500,confirmed,0.976
1070,22,rectangle,600,999,25584,confirmed,1.0
1071,1,pentagon,1331,353,36169,confirmed,1.0
1071,11,trapezoid,1080,311,27182,confirmed,1.0
1071,17,circle,264,495,32400,confirmed,1.0
1071,21,triangle,693,806,20527,confirmed,0.976
1071,22,rectangle,554,1005,24726,confirmed,1.0
1072,1,pentagon,1375,322,36357,confirmed,1.0
1072,11,trapezoid,1105,278,27158,confirmed,1.0
1072,17,circle,309,496,32350,confirmed,1.0
1072,21,triangle,637,798,20441,confirmed,0.977
1072,22,rectangle,504,1008,24726,confirmed,1.0
1073,1,pentagon,1421,292,36323,confirmed,1.0
1073,11,trapezoid,1120,249,27168,confirmed,1.0
1073,17,circle,353,491,32409,confirmed,1.0
1073,21,triangle,592,779,20472,confirmed,0.977
1073,22,rectangle,452,1006,25298,confirmed,1.0
1074,1,pentagon,1475,266,36162,confirmed,1.0
1074,11,trapezoid,1133,214,27032,confirmed,1.0
1074,17,circle,390,477,32399,confirmed,1.0
1074,21,triangle,565,751,20414,confirmed,0.978
1074,22,rectangle,401,1000,27014,confirmed,1.0
1075,1,pentagon,1536,247,36096,confirmed,1.0
1075,11,trapezoid,1146,177,27031,confirmed,1.0
1075,17,circle,426,461,32377,confirmed,1.0
1075,21,triangle,550,720,20467,confirmed,0.978
1075,22,rectangle,351,991,29016,confirmed,1.0
1076,1,pentagon,1605,237,36188,confirmed,1.0
1076,11,trapezoid,1159,139,27086,confirmed,1.0
1076,17,circle,457,443,32428,confirmed,1.0
1076,21,triangle,542,688,20617,confirmed,0.978
1076,22,rectangle,305,968,29861,confirmed,1.0
1077,1,pentagon,1676,235,36204,confirmed,1.0
1077,11,trapezoid,1173,102,27045,confirmed,1.0
1077,17,circle,481,421,32392,confirmed,1.0
1077,21,triangle,538,656,20444,confirmed,0.978
1077,22,rectangle,267,946,29861,confirmed,1.0
1078,1,pentagon,1747,236,36065,confirmed,1.0
1078,11,trapezoid,1182,90,27099,confirmed,1.0
1078,17,circle,496,397,32413,confirmed,1.0
1078,21,triangle,535,624,20685,confirmed,0.978
1078,22,rectangle,243,920,29575,confirmed,1.0
1079,1,pentagon,1814,240,36160,confirmed,1.0
1079,11,trapezoid,1176,152,27037,confirmed,1.0
1079,17,circle,504,372,32350,confirmed,1.0
1079,21,triangle,531,593,20461,confirmed,0.978
1079,22,rectangle,226,893,29575,confirmed,1.0
1080,1,pentagon,1872,252,27863,confirmed,1.0
1080,11,trapezoid,1172,204,27125,confirmed,1.0
1080,17,circle,506,347,32439,confirmed,1.0
1080,21,triangle,531,563,20593,confirmed,0.978
1080,22,rectangle,208,865,29861,confirmed,1.0
1081,1,pentagon,1914,273,17882,confirmed,1.0
1081,11,trapezoid,1169,248,27100,confirmed,1.0
1081,17,circle,500,322,32381,confirmed,1.0
1081,21,triangle,536,531,20258,confirmed,0.978
1081,22,rectangle,197,837,29575,confirmed,1.0
1082,1,pentagon,1940,305,10023,confirmed,1.0
1082,11,trapezoid,1167,288,27133,confirmed,1.0
1082,17,circle,486,298,32403,confirmed,1.0
1082,21,triangle,531,502,20326,confirmed,0.978
1082,22,rectangle,190,808,29575,confirmed,1.0
1083,1,pentagon,1979,328,10023,coasting,1.0
1083,11,trapezoid,1166,326,27147,confirmed,1.0
1083,17,circle,465,276,32452,confirmed,1.0
1083,21,triangle,524,472,20423,confirmed,0.978
1083,22,rectangle,183,778,29861,confirmed,1.0
1084,11,trapezoid,1165,365,27162,confirmed,1.0
1084,17,circle,438,255,32442,confirmed,1.0
1084,21,triangle,514,440,20259,confirmed,0.978
1084,22,rectangle,180,750,29575,confirmed,1.0
1085,11,trapezoid,1163,403,27145,confirmed,1.0
1085,17,circle,409,236,32396,confirmed,1.0
1085,21,triangle,501,409,20455,confirmed,0.978
1085,22,rectangle,180,720,29861,confirmed,1.0
1086,11,trapezoid,1162,440,27172,confirmed,1.0
1086,17,circle,379,218,32396,confirmed,1.0
1086,21,triangle,478,382,20626,confirmed,0.978
1086,22,rectangle,183,692,29861,confirmed,1.0
1087,11,trapezoid,1161,479,27179,confirmed,1.0
1087,17,circle,343,207,32371,confirmed,1.0
1087,21,triangle,435,368,19913,confirmed,0.978
1087,22,rectangle,184,664,29575,confirmed,1.0
1088,11,trapezoid,1159,517,27142,confirmed,1.0
1088,17,circle,300,202,32448,confirmed,1.0
1088,21,triangle,387,376,20450,confirmed,0.978
1088,22,rectangle,186,634,29861,confirmed,1.0
1089,11,trapezoid,1156,555,27086,confirmed,1.0
1089,17,circle,256,201,32483,confirmed,1.0
1089,21,triangle,358,402,20613,confirmed,0.978
1089,22,rectangle,188,606,29575,confirmed,1.0
1090,11,trapezoid,1154,593,27123,confirmed,1.0
1090,17,circle,213,208,32378,confirmed,1.0
1090,21,triangle,338,433,20394,confirmed,0.978
1090,22,rectangle,190,579,28822,confirmed,0.967
1091,11,trapezoid,1152,631,27127,confirmed,1.0
1091,17,circle,177,224,32375,confirmed,1.0
1091,21,triangle,325,466,20384,confirmed,0.978
1091,22,rectangle,193,551,27734,confirmed,0.967
1092,11,trapezoid,1150,669,27081,confirmed,1.0
1092,17,circle,148,243,32417,confirmed,1.0
1092,21,triangle,317,499,20754,confirmed,0.978
1092,22,rectangle,198,522,26191,confirmed,0.967
1092,23,pentagon,1873,670,26450,confirmed,0.0
1093,11,trapezoid,1147,707,27162,confirmed,1.0
1093,17,circle,123,265,32392,confirmed,1.0
1093,21,triangle,312,530,20653,confirmed,0.978
1093,22,rectangle,199,483,24337,confirmed,0.935
1093,23,pentagon,1851,698,34999,confirmed,0.0
1094,11,trapezoid,1145,745,27241,confirmed,1.0
1094,17,circle,97,285,32508,confirmed,1.0
1094,21,triangle,310,560,20526,confirmed,0.978
1094,22,rectangle,211,457,26509,confirmed,0.906
1094,23,pentagon,1783,740,36186,confirmed,1.0
1095,11,trapezoid,1144,783,27253,confirmed,1.0
1095,17,circle,76,306,31321,confirmed,1.0
1095,21,triangle,312,591,20434,confirmed,0.978
1095,22,rectangle,224,435,27696,confirmed,0.879
1095,23,pentagon,1712,759,36358,confirmed,1.0
1096,11,trapezoid,1143,821,27282,confirmed,1.0
1096,17,circle,61,329,29509,confirmed,1.0
1096,21,triangle,323,620,20479,confirmed,0.978
1096,22,rectangle,233,409,28799,confirmed,0.882
1096,23,pentagon,1640,763,36344,confirmed,1.0
1097,11,trapezoid,1145,859,27227,confirmed,1.0
1097,17,circle,52,353,27350,confirmed,1.0
1097,21,triangle,341,650,20765,confirmed,0.978
1097,22,rectangle,236,381,29575,confirmed,0.886
1097,23,pentagon,1569,763,36264,confirmed,1.0
1098,11,trapezoid,1151,879,27132,confirmed,1.0
1098,17,circle,47,379,25691,confirmed,1.0
1098,21,triangle,365,677,20475,confirmed,0.978
1098,22,rectangle,237,351,29861,confirmed,0.889
1098,23,pentagon,1500,756,36328,confirmed,1.0
1099,11,trapezoid,1160,874,27221,confirmed,1.0
1099,17,circle,46,404,23989,confirmed,1.0
1099,21,triangle,392,703,20436,confirmed,0.978
1099,22,rectangle,235,322,29861,confirmed,0.892
1099,23,pentagon,1433,747,36293,confirmed,1.0
1100,11,trapezoid,1170,846,26301,confirmed,1.0
1100,17,circle,46,430,22240,confirmed,1.0
1100,21,triangle,424,729,20660,confirmed,0.978
1100,22,rectangle,233,294,29861,confirmed,0.895
1100,23,pentagon,1367,735,36220,confirmed,1.0
1101,11,trapezoid,1169,803,15781,confirmed,1.0
1101,17,circle,46,455,20446,confirmed,1.0
1101,21,triangle,461,751,20643,confirmed,0.978
1101,22,rectangle,229,266,29861,confirmed,0.897
1101,23,pentagon,1307,717,36228,confirmed,1.0
1102,11,trapezoid,1158,751,6713,confirmed,1.0
1102,17,circle,46,480,18907,confirmed,1.0
1102,21,triangle,504,769,20400,confirmed,0.978
1102,22,rectangle,223,238,29861,confirmed,0.9
1102,23,pentagon,1253,694,36230,confirmed,1.0
1103,11,trapezoid,1155,713,6713,coasting,1.0
1103,17,circle,45,505,17340,confirmed,1.0
1103,21,triangle,556,779,20599,confirmed,0.978
1103,22,rectangle,217,210,29861,confirmed,0.902
1103,23,pentagon,1207,665,36351,confirmed,1.0
1104,11,trapezoid,1201,658,7869,confirmed,1.0
1104,17,circle,43,530,15710,confirmed,1.0
1104,21,triangle,610,783,20792,confirmed,0.978
1104,22,rectangle,205,184,29575,confirmed,0.905
1104,23,pentagon,1168,633,36203,confirmed,1.0
1105,11,trapezoid,1242,602,14612,confirmed,1.0
1105,17,circle,41,555,14165,confirmed,1.0
1105,21,triangle,665,783,20456,confirmed,0.978
1105,22,rectangle,191,156,29575,confirmed,0.907
1105,23,pentagon,1132,600,36207,confirmed,1.0
1106,11,trapezoid,1272,549,20459,confirmed,1.0
1106,17,circle,39,579,15106,confirmed,1.0
1106,21,triangle,718,780,20744,confirmed,0.978
1106,22,rectangle,175,130,29575,confirmed,0.909
1106,23,pentagon,1102,566,36224,confirmed,1.0
1107,11,trapezoid,1292,502,25190,confirmed,1.0
1107,17,circle,39,603,16333,confirmed,1.0
1107,21,triangle,769,771,20466,confirmed,0.978
1107,22,rectangle,144,109,29861,confirmed,0.911
1107,23,pentagon,1075,531,36307,confirmed,1.0
1108,11,trapezoid,1287,469,27101,confirmed,1.0
1108,17,circle,41,627,17671,confirmed,1.0
1108,21,triangle,821,763,20691,confirmed,0.978
1108,22,rectangle,108,119,29575,confirmed,0.911
1108,23,pentagon,1047,496,36326,confirmed,1.0
1109,11,trapezoid,1292,434,27209,confirmed,1.0
1109,17,circle,44,652,19382,confirmed,1.0
1109,21,triangle,874,761,20619,confirmed,0.978
1109,22,rectangle,80,144,29861,confirmed,0.911
1109,23,pentagon,1019,461,36121,confirmed,1.0
1110,11,trapezoid,1302,397,27114,confirmed,1.0
1110,17,circle,50,676,22069,confirmed,1.0
1110,21,triangle,924,769,20588,confirmed,1.0
1110,22,rectangle,58,163,29174,confirmed,0.911
1110,23,pentagon,988,428,36298,confirmed,1.0
1111,11,trapezoid,1315,361,27212,confirmed,1.0
1111,17,circle,59,699,26683,confirmed,1.0
1111,21,triangle,966,788,20633,confirmed,1.0
1111,22,rectangle,44,187,27518,confirmed,0.911
1111,23,pentagon,956,395,36196,confirmed,1.0
1112,11,trapezoid,1327,324,27176,confirmed,1.0
1112,17,circle,74,718,31761,confirmed,1.0
1112,21,triangle,995,814,20754,confirmed,1.0
1112,22,rectangle,38,216,26948,confirmed,0.911
1112,23,pentagon,923,362,36058,confirmed,1.0
1113,11,trapezoid,1341,286,27108,confirmed,1.0
1113,17,circle,122,722,32422,confirmed,1.0
1113,21,triangle,1019,842,20647,confirmed,1.0
1113,22,rectangle,39,248,26948,confirmed,0.911
1113,23,pentagon,889,330,36117,confirmed,1.0
1114,11,trapezoid,1354,249,27169,confirmed,1.0
1114,17,circle,170,725,32365,confirmed,1.0
1114,21,triangle,1036,871,20636,confirmed,1.0
1114,22,rectangle,44,281,27366,confirmed,0.911
1114,23,pentagon,850,299,36196,confirmed,1.0
1115,11,trapezoid,1365,211,27095,confirmed,1.0
1115,17,circle,216,723,32394,confirmed,1.0
1115,21,triangle,1048,900,20426,confirmed,1.0
1115,22,rectangle,52,314,27784,confirmed,0.911
1115,23,pentagon,801,275,36269,confirmed,1.0
1116,11,trapezoid,1374,173,27109,confirmed,1.0
1116,17,circle,261,717,32431,confirmed,1.0
1116,21,triangle,1047,930,20541,confirmed,1.0
1116,22,rectangle,60,345,28346,confirmed,0.911
1116,23,pentagon,741,279,36169,confirmed,1.0
1117,11,trapezoid,1379,173,27164,confirmed,1.0
1117,17,circle,301,706,32389,confirmed,1.0
1117,21,triangle,1021,955,20561,confirmed,1.0
1117,22,rectangle,67,376,29174,confirmed,0.911
1117,23,pentagon,688,304,36258,confirmed,1.0
1118,11,trapezoid,1382,178,27086,confirmed,1.0
1118,17,circle,329,687,32411,confirmed,1.0
1118,21,triangle,972,966,20789,confirmed,1.0
1118,22,rectangle,74,405,30665,confirmed,0.911
1118,23,pentagon,638,332,36357,confirmed,1.0
1119,11,trapezoid,1382,202,27212,confirmed,1.0
1119,17,circle,310,669,32444,confirmed,1.0
1119,21,triangle,917,964,20481,confirmed,1.0
1119,22,rectangle,83,429,29575,confirmed,0.911
1119,23,pentagon,589,360,36186,confirmed,1.0
1120,11,trapezoid,1372,280,27151,confirmed,1.0
1120,17,circle,279,681,32376,confirmed,1.0
1120,21,triangle,860,959,20720,confirmed,1.0
1120,22,rectangle,93,455,29861,confirmed,0.911
1120,23,pentagon,541,388,36225,confirmed,1.0
1121,11,trapezoid,1368,327,27162,confirmed,1.0
1121,17,circle,248,702,32407,confirmed,1.0
1121,21,triangle,807,952,20660,confirmed,1.0
1121,22,rectangle,107,482,29575,confirmed,0.911
1121,23,pentagon,495,415,36188,confirmed,1.0
1122,11,trapezoid,1365,373,27087,confirmed,1.0
1122,17,circle,222,726,32400,confirmed,1.0
1122,21,triangle,755,944,20552,confirmed,1.0
1122,22,rectangle,123,506,29861,confirmed,0.911
1122,23,pentagon,448,441,36191,confirmed,1.0
1123,11,trapezoid,1362,412,27172,confirmed,1.0
1123,17,circle,204,750,32434,confirmed,1.0
1123,21,triangle,706,933,20724,confirmed,1.0
1123,22,rectangle,139,532,29861,confirmed,0.911
1123,23,pentagon,402,469,36308,confirmed,1.0
1124,11,trapezoid,1359,453,27212,confirmed,1.0
1124,17,circle,190,775,32401,confirmed,1.0
1124,21,triangle,660,919,20810,confirmed,1.0
1124,22,rectangle,159,558,29575,confirmed,0.911
1124,23,pentagon,370,500,36152,confirmed,1.0
1125,11,trapezoid,1357,488,27104,confirmed,1.0
1125,17,circle,183,800,32393,confirmed,1.0
1125,21,triangle,618,902,20541,confirmed,1.0
1125,22,rectangle,177,584,29513,confirmed,0.911
1125,23,pentagon,355,535,36172,confirmed,1.0
1126,11,trapezoid,1355,525,27103,confirmed,1.0
1126,17,circle,182,826,32362,confirmed,1.0
1126,21,triangle,583,880,20680,confirmed,1.0
1126,22,rectangle,194,609,29391,confirmed,0.911
1126,23,pentagon,361,573,36320,confirmed,1.0
1127,11,trapezoid,1352,563,27125,confirmed,1.0
1127,17,circle,186,850,32459,confirmed,1.0
1127,21,triangle,567,852,20749,confirmed,1.0
1127,22,rectangle,214,634,29090,confirmed,0.911
1127,23,pentagon,381,609,36208,confirmed,1.0
1128,11,trapezoid,1349,601,27152,confirmed,1.0
1128,17,circle,211,870,32360,confirmed,1.0
1128,21,triangle,562,822,20518,confirmed,1.0
1128,22,rectangle,238,657,29683,confirmed,0.911
1128,23,pentagon,412,642,36365,confirmed,1.0
1129,11,trapezoid,1344,639,27069,confirmed,1.0
1129,17,circle,241,889,32362,confirmed,1.0
1129,21,triangle,556,794,19567,confirmed,1.0
1129,22,rectangle,268,679,29823,confirmed,0.911
1129,23,pentagon,457,670,36347,confirmed,1.0
1130,11,trapezoid,1339,677,27078,confirmed,1.0
1130,17,circle,280,902,32383,confirmed,1.0
1130,21,triangle,561,774,10797,confirmed,1.0
1130,22,rectangle,305,696,29664,confirmed,0.911
1130,23,pentagon,511,691,36101,confirmed,1.0
1131,11,trapezoid,1334,715,27190,confirmed,1.0
1131,17,circle,323,909,32427,confirmed,1.0
1131,21,triangle,558,750,10797,coasting,1.0
1131,22,rectangle,349,705,29397,confirmed,0.911
1131,23,pentagon,571,709,36319,confirmed,1.0
1132,11,trapezoid,1329,753,27177,confirmed,1.0
1132,17,circle,369,909,32406,confirmed,1.0
1132,21,triangle,556,728,10797,coasting,1.0
1132,22,rectangle,397,705,29460,confirmed,0.911
1132,23,pentagon,635,718,36124,confirmed,1.0
1133,11,trapezoid,1324,792,27352,confirmed,1.0
1133,17,circle,412,902,32400,confirmed,1.0
1133,21,triangle,553,709,10797,coasting,1.0
1133,22,rectangle,437,693,29575,confirmed,0.911
1133,23,pentagon,701,720,36099,confirmed,1.0
1134,11,trapezoid,1319,830,27121,confirmed,1.0
1134,17,circle,454,892,32388,confirmed,1.0
1134,21,triangle,593,677,8996,confirmed,1.0
1134,22,rectangle,475,674,29575,confirmed,0.911
1134,23,pentagon,767,719,36213,confirmed,1.0
1135,11,trapezoid,1315,867,27144,confirmed,1.0
1135,17,circle,494,880,32404,confirmed,1.0
1135,21,triangle,649,646,13460,confirmed,1.0
1135,22,rectangle,509,654,29861,confirmed,0.911
1135,23,pentagon,833,717,36350,confirmed,1.0
1136,11,trapezoid,1310,905,27163,confirmed,1.0
1136,17,circle,530,866,32394,confirmed,1.0
1136,21,triangle,711,618,16695,confirmed,1.0
1136,22,rectangle,544,635,29575,confirmed,0.911
1136,23,pentagon,895,711,36175,confirmed,1.0
1137,11,trapezoid,1305,943,27159,confirmed,1.0
1137,17,circle,550,845,32382,confirmed,1.0
1137,21,triangle,790,597,18505,confirmed,0.978
1137,22,rectangle,575,615,29575,confirmed,0.911
1137,23,pentagon,957,699,36245,confirmed,1.0
1138,11,trapezoid,1302,981,27136,confirmed,1.0
1138,17,circle,566,821,32398,confirmed,1.0
1138,21,triangle,840,580,19815,confirmed,0.956
1138,22,rectangle,603,593,29575,confirmed,0.911
1138,23,pentagon,1017,685,36103,confirmed,1.0
1139,11,trapezoid,1298,1018,26226,confirmed,1.0
1139,17,circle,579,797,32397,confirmed,1.0
1139,21,triangle,884,565,20114,confirmed,0.956
1139,22,rectangle,628,569,29861,confirmed,0.911
1139,23,pentagon,1074,668,36320,confirmed,1.0
1140,11,trapezoid,1294,1048,17769,confirmed,1.0
1140,17,circle,569,776,32397,confirmed,1.0
1140,21,triangle,921,575,20504,confirmed,0.956
1140,22,rectangle,651,546,29575,confirmed,0.911
1140,23,pentagon,1125,646,36346,confirmed,1.0
1141,11,trapezoid,1290,1071,10105,confirmed,1.0
1141,17,circle,540,786,32439,confirmed,1.0
1141,21,triangle,965,570,20553,confirmed,0.956
1141,22,rectangle,671,521,29861,confirmed,0.911
1141,23,pentagon,1170,619,36149,confirmed,1.0
1142,11,trapezoid,1286,1099,10105,coasting,1.0
1142,17,circle,510,807,32417,confirmed,1.0
1142,21,triangle,1007,556,20273,confirmed,0.956
1142,22,rectangle,691,496,29861,confirmed,0.911
1142,23,pentagon,1203,589,36268,confirmed,1.0
1143,11,trapezoid,1285,1101,8674,confirmed,1.0
1143,17,circle,490,833,32376,confirmed,1.0
1143,21,triangle,1043,538,18811,confirmed,0.956
1143,22,rectangle,710,472,29861,confirmed,0.911
1143,23,pentagon,1220,553,36102,confirmed,1.0
1144,11,trapezoid,1287,1087,16278,confirmed,1.0
1144,17,circle,477,859,32382,confirmed,1.0
1144,21,triangle,1079,521,14955,confirmed,0.956
1144,22,rectangle,730,448,29861,confirmed,0.911
1144,23,pentagon,1224,516,36085,confirmed,1.0
1145,11,trapezoid,1290,1063,24581,confirmed,1.0
1145,17,circle,466,884,32396,confirmed,1.0
1145,21,triangle,1111,502,9676,confirmed,0.956
1145,22,rectangle,748,424,29861,confirmed,0.911
1145,23,pentagon,1223,481,36334,confirmed,1.0
1146,11,trapezoid,1299,1001,27140,confirmed,1.0
1146,17,circle,456,909,32404,confirmed,1.0
1146,21,triangle,1120,506,5598,confirmed,0.956
1146,22,rectangle,768,400,29861,confirmed,0.933
1146,23,pentagon,1232,445,36190,confirmed,1.0
1147,11,trapezoid,1308,953,27029,confirmed,1.0
1147,17,circle,450,934,32357,confirmed,1.0
1147,21,triangle,1160,499,6476,confirmed,0.956
1147,22,rectangle,786,376,29861,confirmed,0.956
1147,23,pentagon,1254,412,36332,confirmed,1.0
1148,11,trapezoid,1317,912,27069,confirmed,1.0
1148,17,circle,449,959,32426,confirmed,1.0
1148,21,triangle,1206,487,7805,confirmed,0.956
1148,22,rectangle,804,352,29861,confirmed,0.978
1148,23,pentagon,1290,382,36153,confirmed,1.0
1149,11,trapezoid,1325,872,27204,confirmed,1.0
1149,17,circle,450,983,32072,confirmed,1.0
1149,21,triangle,1254,471,9360,confirmed,0.956
1149,22,rectangle,824,328,29861,confirmed,1.0
1149,23,pentagon,1333,356,36167,confirmed,1.0
1150,11,trapezoid,1333,836,27306,confirmed,1.0
1150,17,circle,463,1003,30092,confirmed,1.0
1150,21,triangle,1303,450,10949,confirmed,0.956
1150,22,rectangle,844,304,29861,confirmed,1.0
1150,23,pentagon,1382,332,36064,confirmed,1.0
1151,11,trapezoid,1343,799,27254,confirmed,1.0
1151,17,circle,490,1017,28480,confirmed,1.0
1151,21,triangle,1347,423,12963,confirmed,0.956
1151,22,rectangle,867,282,29575,confirmed,1.0
1151,23,pentagon,1433,310,36100,confirmed,1.0
1152,11,trapezoid,1352,762,27187,confirmed,1.0
1152,17,circle,529,1025,26981,confirmed,1.0
1152,21,triangle,1384,390,16546,confirmed,0.956
1152,22,rectangle,891,260,29575,confirmed,1.0
1152,23,pentagon,1485,290,36128,confirmed,1.0
1153,11,trapezoid,1364,725,27187,confirmed,1.0
1153,17,circle,577,1028,26593,confirmed,1.0
1153,21,triangle,1412,354,20129,confirmed,0.956
1153,22,rectangle,917,238,29861,confirmed,1.0
1153,23,pentagon,1538,270,36092,confirmed,1.0
1154,11,trapezoid,1376,688,27298,confirmed,1.0
1154,17,circle,630,1025,26835,confirmed,1.0
1154,21,triangle,1413,314,20709,confirmed,0.956
1154,22,rectangle,947,218,29861,confirmed,1.0
1154,23,pentagon,1591,252,36238,confirmed,1.0
1155,11,trapezoid,1388,649,27085,confirmed,1.0
1155,17,circle,684,1021,27081,confirmed,1.0
1155,21,triangle,1419,283,20565,confirmed,0.956
1155,22,rectangle,982,201,29575,confirmed,1.0
1155,23,pentagon,1644,233,36122,confirmed,1.0
1156,11,trapezoid,1400,611,27150,confirmed,1.0
1156,17,circle,738,1014,27526,confirmed,1.0
1156,21,triangle,1421,255,20501,confirmed,0.956
1156,22,rectangle,1023,188,29861,confirmed,1.0
1156,23,pentagon,1702,223,36215,confirmed,1.0
1157,11,trapezoid,1410,574,27046,confirmed,1.0
1157,17,circle,790,1007,28434,confirmed,1.0
1157,21,triangle,1417,228,20447,confirmed,0.956
1157,22,rectangle,1066,182,29575,confirmed,1.0
1157,23,pentagon,1758,230,36105,confirmed,1.0
1158,11,trapezoid,1421,537,27074,confirmed,1.0
1158,17,circle,837,1000,29833,confirmed,1.0
1158,21,triangle,1402,201,20522,confirmed,0.956
1158,22,rectangle,1112,181,29861,confirmed,1.0
1158,23,pentagon,1793,259,36351,confirmed,1.0
1159,11,trapezoid,1434,500,27155,confirmed,1.0
1159,17,circle,880,991,31460,confirmed,1.0
1159,21,triangle,1374,179,20554,confirmed,0.956
1159,22,rectangle,1157,187,29861,confirmed,1.0
1159,23,pentagon,1827,281,36127,confirmed,1.0
1160,11,trapezoid,1446,462,27069,confirmed,1.0
1160,17,circle,916,980,32567,confirmed,1.0
1160,21,triangle,1338,160,20729,confirmed,0.956
1160,22,rectangle,1200,193,27922,confirmed,1.0
1160,23,pentagon,1851,311,35508,confirmed,1.0
1161,11,trapezoid,1459,425,27097,confirmed,1.0
1161,17,circle,933,957,32405,confirmed,1.0
1161,21,triangle,1297,144,20378,confirmed,0.956
1161,22,rectangle,1236,209,21188,confirmed,1.0
1161,23,pentagon,1864,346,34339,confirmed,1.0
1162,11,trapezoid,1471,387,27116,confirmed,1.0
1162,17,circle,952,934,32439,confirmed,1.0
1162,21,triangle,1251,133,20403,confirmed,0.956
1162,22,rectangle,1263,263,20423,confirmed,1.0
1162,23,pentagon,1868,385,33355,confirmed,1.0
1163,11,trapezoid,1484,350,27146,confirmed,1.0
1163,17,circle,967,910,32392,confirmed,1.0
1163,21,triangle,1202,128,20623,confirmed,0.956
1163,22,rectangle,1294,285,26604,confirmed,1.0
1163,23,pentagon,1867,426,31752,confirmed,1.0
1164,11,trapezoid,1497,313,27147,confirmed,1.0
1164,17,circle,973,885,32457,confirmed,1.0
1164,21,triangle,1153,127,20437,confirmed,0.956
1164,22,rectangle,1311,292,29256,confirmed,1.0
1164,23,pentagon,1863,466,30134,confirmed,1.0
1165,11,trapezoid,1509,275,27049,confirmed,1.0
1165,17,circle,977,860,32396,confirmed,1.0
1165,21,triangle,1109,136,20747,confirmed,0.956
1165,22,rectangle,1330,307,29355,confirmed,1.0
1165,23,pentagon,1859,504,28683,confirmed,1.0
1166,11,trapezoid,1522,238,27031,confirmed,1.0
1166,17,circle,982,835,32409,confirmed,1.0
1166,21,triangle,1087,160,20800,confirmed,0.956
1166,22,rectangle,1347,330,29346,confirmed,1.0
1166,23,pentagon,1853,542,29987,confirmed,1.0
1167,11,trapezoid,1533,206,27056,confirmed,1.0
1167,17,circle,971,812,32407,confirmed,1.0
1167,21,triangle,1079,188,20595,confirmed,0.956
1167,22,rectangle,1365,355,29432,confirmed,0.978
1167,23,pentagon,1847,578,31045,confirmed,1.0
1168,11,trapezoid,1535,230,27048,confirmed,1.0
1168,17,circle,955,788,32416,confirmed,1.0
1168,21,triangle,1076,218,20821,confirmed,0.956
1168,22,rectangle,1380,381,28586,confirmed,0.956
1168,23,pentagon,1841,613,32057,confirmed,1.0
1169,11,trapezoid,1532,271,27088,confirmed,1.0
1169,17,circle,923,773,32375,confirmed,1.0
1169,21,triangle,1076,245,20534,confirmed,0.956
1169,22,rectangle,1396,406,27300,confirmed,0.956
1169,23,pentagon,1835,647,33248,confirmed,1.0
1170,11,trapezoid,1530,315,27044,confirmed,1.0
1170,17,circle,887,782,32412,confirmed,1.0
1170,21,triangle,1078,274,20702,confirmed,0.956
1170,22,rectangle,1410,431,25860,confirmed,0.956
1170,23,pentagon,1830,681,34332,confirmed,1.0
1171,11,trapezoid,1527,351,26947,confirmed,1.0
1171,17,circle,861,804,32404,confirmed,1.0
1171,21,triangle,1080,301,20447,confirmed,0.956
1171,22,rectangle,1418,457,25000,confirmed,0.956
1171,23,pentagon,1823,714,35657,confirmed,1.0
1172,11,trapezoid,1523,388,26970,confirmed,1.0
1172,17,circle,844,830,32393,confirmed,1.0
1172,21,triangle,1085,328,20688,confirmed,0.956
1172,22,rectangle,1421,483,24254,confirmed,0.956
1172,23,pentagon,1812,746,36334,confirmed,1.0
1173,11,trapezoid,1520,426,26963,confirmed,1.0
1173,17,circle,830,856,32386,confirmed,1.0
1173,21,triangle,1096,354,20618,confirmed,0.956
1173,22,rectangle,1419,508,23245,confirmed,0.956
1173,23,pentagon,1767,768,36188,confirmed,1.0
1174,11,trapezoid,1518,465,26885,confirmed,1.0
1174,17,circle,818,880,32463,confirmed,1.0
1174,21,triangle,1110,380,20676,confirmed,0.956
1174,22,rectangle,1415,534,22502,confirmed,0.956
1174,23,pentagon,1710,781,36319,confirmed,1.0
1175,11,trapezoid,1515,504,26905,confirmed,1.0
1175,17,circle,820,905,32391,confirmed,1.0
1175,21,triangle,1128,405,20426,confirmed,0.956
1175,22,rectangle,1409,560,21220,confirmed,0.956
1175,23,pentagon,1648,788,36100,confirmed,1.0
1176,11,trapezoid,1512,542,26830,confirmed,1.0
1176,17,circle,827,931,32383,confirmed,1.0
1176,21,triangle,1148,430,20731,confirmed,0.956
1176,22,rectangle,1404,586,20227,confirmed,0.956
1176,23,pentagon,1586,790,36111,confirmed,1.0
1177,11,trapezoid,1509,580,26817,confirmed,1.0
1177,17,circle,846,953,32393,confirmed,1.0
1177,21,triangle,1171,454,20436,confirmed,0.956
1177,22,rectangle,1399,611,18816,confirmed,0.956
1177,23,pentagon,1525,784,36178,confirmed,1.0
1178,11,trapezoid,1506,618,24658,confirmed,1.0
1178,17,circle,877,971,32404,confirmed,1.0
1178,21,triangle,1196,476,20710,confirmed,0.956
1178,22,rectangle,1394,625,14405,confirmed,0.956
1178,23,pentagon,1467,774,36250,confirmed,1.0
1179,11,trapezoid,1512,652,18626,confirmed,1.0
1179,17,circle,905,989,32021,confirmed,1.0
1179,21,triangle,1223,498,20713,confirmed,0.956
1179,22,rectangle,1392,627,10107,confirmed,0.956
1179,23,pentagon,1417,755,36252,confirmed,1.0
1180,11,trapezoid,1516,688,17858,confirmed,1.0
1180,17,circle,939,1001,31017,confirmed,1.0
1180,21,triangle,1253,519,20498,confirmed,0.956
1180,22,rectangle,1389,638,10107,coasting,0.956
1180,23,pentagon,1373,730,36205,confirmed,1.0
1181,11,trapezoid,1518,727,21708,confirmed,1.0
1181,17,circle,980,1009,30299,confirmed,1.0
1181,21,triangle,1281,540,19411,confirmed,0.956
1181,22,rectangle,1386,648,10107,coasting,0.956
1181,23,pentagon,1334,705,36295,confirmed,1.0
1182,11,trapezoid,1498,764,9890,confirmed,1.0
1182,17,circle,1026,1011,29983,confirmed,1.0
1182,21,triangle,1312,558,12421,confirmed,0.956
1182,22,rectangle,1383,657,10107,coasting,0.956
1182,23,pentagon,1297,677,36383,confirmed,1.0
1183,11,trapezoid,1490,802,9890,coasting,1.0
1183,17,circle,1075,1010,30050,confirmed,1.0
1183,21,triangle,1342,578,12421,coasting,0.956
1183,22,rectangle,1398,685,15183,confirmed,0.956
1183,23,pentagon,1261,650,36121,confirmed,1.0
1184,11,trapezoid,1482,836,9890,coasting,1.0
1184,17,circle,1125,1006,30307,confirmed,1.0
1184,21,triangle,1368,595,12421,coasting,0.956
1184,22,rectangle,1420,715,15680,confirmed,0.956
1184,23,pentagon,1225,623,36206,confirmed,1.0
1185,11,trapezoid,1485,880,27065,confirmed,1.0
1185,17,circle,1174,1001,30597,confirmed,1.0
1185,21,triangle,1396,621,20646,confirmed,0.956
1185,22,rectangle,1462,749,16996,confirmed,0.956
1185,23,pentagon,1191,595,36090,confirmed,1.0
1186,11,trapezoid,1484,921,27116,confirmed,1.0
1186,17,circle,1222,995,30901,confirmed,1.0
1186,21,triangle,1422,645,20593,confirmed,0.956
1186,22,rectangle,1488,781,19279,confirmed,0.956
1186,23,pentagon,1158,568,36324,confirmed,1.0
1187,11,trapezoid,1481,960,27064,confirmed,1.0
1187,17,circle,1268,990,31329,confirmed,1.0
1187,21,triangle,1447,668,20531,confirmed,0.956
1187,22,rectangle,1514,814,21848,confirmed,0.956
1187,23,pentagon,1126,541,36229,confirmed,1.0
1188,11,trapezoid,1479,999,27064,coasting,1.0
1188,17,circle,1310,983,29286,confirmed,1.0
1188,21,triangle,1473,691,20531,coasting,0.956
1188,22,rectangle,1539,848,25370,confirmed,0.956
1188,23,pentagon,1093,513,36170,confirmed,1.0
1189,11,trapezoid,1478,1034,27064,coasting,1.0
1189,17,circle,1348,974,26869,confirmed,1.0
1189,21,triangle,1496,711,20531,coasting,0.956
1189,22,rectangle,1564,879,26374,confirmed,0.956
1189,23,pentagon,1060,485,36099,confirmed,1.0
1190,11,trapezoid,1476,1066,27064,coasting,1.0
1190,17,circle,1384,964,20687,confirmed,1.0
1190,21,triangle,1516,729,20531,coasting,0.956
1190,22,rectangle,1593,903,22695,confirmed,0.956
1190,23,pentagon,1027,459,36332,confirmed,1.0
1191,11,trapezoid,1475,1094,27064,coasting,1.0
1191,17,circle,1420,953,16566,confirmed,1.0
1191,21,triangle,1535,746,20531,coasting,0.956
1191,22,rectangle,1626,921,22016,confirmed,0.956
1191,23,pentagon,996,431,36292,confirmed,1.0
1192,11,trapezoid,1473,1120,27064,coasting,1.0
1192,17,circle,1452,940,14121,confirmed,1.0
1192,21,triangle,1552,760,20531,coasting,0.956
1192,22,rectangle,1660,935,27001,confirmed,0.956
1192,23,pentagon,965,402,36326,confirmed,1.0
1193,11,trapezoid,1514,929,26705,confirmed,1.0
1193,17,circle,1478,929,14081,confirmed,1.0
1193,21,triangle,1567,774,20531,coasting,0.956
1193,22,rectangle,1707,929,29531,confirmed,0.956
1193,23,pentagon,936,374,36366,confirmed,1.0
1194,11,trapezoid,1536,838,26776,confirmed,1.0
1194,17,circle,1498,913,15518,confirmed,1.0
1194,21,triangle,1581,786,20531,coasting,0.956
1194,22,rectangle,1751,929,29861,confirmed,0.956
1194,23,pentagon,904,347,36348,confirmed,1.0
1195,11,trapezoid,1550,789,26811,confirmed,1.0
1195,17,circle,1509,892,18298,confirmed,1.0
1195,21,triangle,1593,796,20531,coasting,0.956
1195,22,rectangle,1794,931,29861,confirmed,0.956
1195,23,pentagon,867,321,36117,confirmed,1.0
1196,11,trapezoid,1565,736,27055,confirmed,1.0
1196,17,circle,1511,865,21632,confirmed,1.0
1196,21,triangle,1541,847,7103,confirmed,0.956
1196,22,rectangle,1838,931,29861,confirmed,0.956
1196,23,pentagon,824,300,36271,confirmed,1.0
1197,11,trapezoid,1572,715,26995,confirmed,1.0
1197,17,circle,1499,836,27515,confirmed,1.0
1197,21,triangle,1481,898,11767,confirmed,0.956
1197,22,rectangle,1875,930,23378,confirmed,0.956
1197,23,pentagon,780,278,36122,confirmed,1.0
1198,11,trapezoid,1582,685,27005,confirmed,1.0
1198,17,circle,1435,820,32000,confirmed,1.0
1198,21,triangle,1420,945,13501,confirmed,0.956
1198,22,rectangle,1904,925,15244,confirmed,0.956
1198,23,pentagon,734,258,36274,confirmed,1.0
1199,11,trapezoid,1595,651,27152,confirmed,1.0
1199,17,circle,1386,828,32364,confirmed,1.0
1199,21,triangle,1362,983,13911,confirmed,0.956
1199,22,rectangle,1925,917,7232,confirmed,0.956
1199,23,pentagon,683,249,36374,confirmed,1.0
1200,11,trapezoid,1609,614,27149,confirmed,1.0
1200,17,circle,1355,848,32397,confirmed,1.0
1200,21,triangle,1307,1011,13555,confirmed,0.956
1200,22,rectangle,1954,912,7232,coasting,0.956
1200,23,pentagon,629,257,36262,confirmed,1.0
1201,11,trapezoid,1624,577,27026,confirmed,1.0
1201,17,circle,1340,874,32346,confirmed,1.0
1201,21,triangle,1256,1025,14332,confirmed,0.956
1201,22,rectangle,1979,907,7232,coasting,0.956
1201,23,pentagon,576,272,36265,confirmed,1.0
1202,11,trapezoid,1639,539,27070,confirmed,1.0
1202,17,circle,1333,901,32335,confirmed,1.0
1202,21,triangle,1210,1022,17136,confirmed,0.956
1202,23,pentagon,528,292,36372,confirmed,1.0
1203,11,trapezoid,1654,502,27081,confirmed,1.0
1203,17,circle,1332,928,32385,confirmed,1.0
1203,21,triangle,1167,1011,20156,confirmed,0.956
1203,23,pentagon,488,316,36212,confirmed,1.0
1204,11,trapezoid,1668,465,27056,confirmed,1.0
1204,17,circle,1338,953,32400,confirmed,1.0
1204,21,triangle,1143,969,20719,confirmed,0.956
1204,23,pentagon,455,343,36085,confirmed,1.0
1205,11,trapezoid,1683,428,27132,confirmed,1.0
1205,17,circle,1344,977,32472,confirmed,1.0
1205,21,triangle,1160,939,19920,confirmed,0.956
1205,23,pentagon,429,372,36309,confirmed,1.0
1206,11,trapezoid,1698,391,27057,confirmed,1.0
1206,17,circle,1363,996,31329,confirmed,1.0
1206,21,triangle,1202,926,19593,confirmed,0.933
1206,23,pentagon,408,402,36086,confirmed,1.0
1207,11,trapezoid,1714,354,27078,confirmed,1.0
1207,17,circle,1395,1009,30287,confirmed,1.0
1207,21,triangle,1250,919,19911,confirmed,0.911
1207,23,pentagon,396,434,36217,confirmed,1.0
1208,11,trapezoid,1732,317,27058,confirmed,1.0
1208,17,circle,1437,1016,29418,confirmed,1.0
1208,21,triangle,1298,913,19769,confirmed,0.889
1208,23,pentagon,387,466,36287,confirmed,1.0
1209,11,trapezoid,1751,281,27148,confirmed,1.0
1209,17,circle,1487,1017,29907,confirmed,1.0
1209,21,triangle,1344,908,19794,confirmed,0.867
1209,23,pentagon,378,497,36104,confirmed,1.0
1210,11,trapezoid,1768,244,27179,confirmed,1.0
1210,17,circle,1539,1012,30668,confirmed,1.0
1210,21,triangle,1389,903,20105,confirmed,0.844
1210,23,pentagon,372,529,36210,confirmed,1.0
1211,11,trapezoid,1786,207,27123,confirmed,1.0
1211,17,circle,1590,1002,32128,confirmed,1.0
1211,21,triangle,1431,896,19292,confirmed,0.844
1211,23,pentagon,369,561,36262,confirmed,1.0
1212,11,trapezoid,1798,186,27159,confirmed,1.0
1212,17,circle,1627,969,32423,confirmed,1.0
1212,21,triangle,1470,888,18105,confirmed,0.844
1212,23,pentagon,372,592,36314,confirmed,1.0
1213,11,trapezoid,1805,182,27155,confirmed,1.0
1213,17,circle,1649,942,32356,confirmed,1.0
1213,21,triangle,1509,879,16121,confirmed,0.844
1213,23,pentagon,379,623,36145,confirmed,1.0
1214,11,trapezoid,1790,246,27091,confirmed,1.0
1214,17,circle,1664,917,32365,confirmed,1.0
1214,21,triangle,1546,869,12694,confirmed,0.844
1214,23,pentagon,388,654,36308,confirmed,1.0
1215,11,trapezoid,1780,297,27130,confirmed,1.0
1215,17,circle,1674,892,32410,confirmed,1.0
1215,21,triangle,1580,858,7998,confirmed,0.844
1215,23,pentagon,404,684,36299,confirmed,1.0
1216,11,trapezoid,1773,337,27164,confirmed,1.0
1216,17,circle,1684,868,32354,confirmed,1.0
1216,21,triangle,1616,848,7998,coasting,0.844
1216,23,pentagon,432,712,36243,confirmed,1.0
1217,11,trapezoid,1765,378,27075,confirmed,1.0
1217,17,circle,1693,844,32418,confirmed,1.0
1217,21,triangle,1649,839,7998,coasting,0.844
1217,23,pentagon,471,734,36337,confirmed,1.0
1218,11,trapezoid,1760,417,27103,confirmed,1.0
1218,17,circle,1696,820,32369,confirmed,1.0
1218,21,triangle,1678,831,7998,coasting,0.844
1218,23,pentagon,518,751,36156,confirmed,1.0
1219,11,trapezoid,1756,455,27070,confirmed,1.0
1219,17,circle,1681,798,32321,confirmed,1.0
1219,21,triangle,1734,825,10647,confirmed,0.844
1219,23,pentagon,567,766,36140,confirmed,1.0
1220,11,trapezoid,1752,494,27136,confirmed,1.0
1220,17,circle,1648,803,32357,confirmed,1.0
1220,21,triangle,1786,819,19545,confirmed,0.844
1220,23,pentagon,618,774,36131,confirmed,1.0
1221,11,trapezoid,1749,531,27083,confirmed,1.0
1221,17,circle,1622,824,32420,confirmed,1.0
1221,21,triangle,1834,810,20035,confirmed,0.844
1221,23,pentagon,673,773,36178,confirmed,1.0
1222,11,trapezoid,1747,569,27040,confirmed,1.0
1222,17,circle,1609,851,32457,confirmed,1.0
1222,21,triangle,1875,796,17124,confirmed,0.844
1222,23,pentagon,728,768,36070,confirmed,1.0
1223,11,trapezoid,1743,607,27015,confirmed,1.0
1223,17,circle,1604,877,32423,confirmed,1.0
1223,21,triangle,1905,780,12473,confirmed,0.844
1223,23,pentagon,781,759,36281,confirmed,1.0
1224,11,trapezoid,1740,645,27085,confirmed,1.0
1224,17,circle,1604,904,32362,confirmed,1.0
1224,21,triangle,1923,767,7122,confirmed,0.844
1224,23,pentagon,830,744,36153,confirmed,1.0
1225,11,trapezoid,1737,683,27074,confirmed,1.0
1225,17,circle,1614,929,32388,confirmed,1.0
1225,21,triangle,1951,754,7122,coasting,0.844
1225,23,pentagon,875,725,36088,confirmed,1.0
1226,11,trapezoid,1735,721,27128,confirmed,1.0
1226,17,circle,1630,952,32428,confirmed,1.0
1226,21,triangle,1976,743,7122,coasting,0.844
1226,23,pentagon,916,705,36345,confirmed,1.0
1227,11,trapezoid,1735,759,27080,confirmed,1.0
1227,17,circle,1646,975,32528,confirmed,1.0
1227,23,pentagon,956,684,36168,confirmed,1.0
1228,11,trapezoid,1733,797,27091,confirmed,1.0
1228,17,circle,1669,995,31361,confirmed,1.0
1228,23,pentagon,994,662,36101,confirmed,1.0
1229,11,trapezoid,1731,835,27104,confirmed,1.0
1229,17,circle,1701,1009,30005,confirmed,1.0
1229,23,pentagon,1030,639,36171,confirmed,1.0
1230,11,trapezoid,1730,873,27004,confirmed,1.0
1230,17,circle,1742,1021,25749,confirmed,1.0
1230,23,pentagon,1066,617,36299,confirmed,1.0
1231,11,trapezoid,1730,911,27022,confirmed,1.0
1231,17,circle,1790,1029,21870,confirmed,1.0
1231,23,pentagon,1100,593,36205,confirmed,1.0
1232,11,trapezoid,1732,949,26975,confirmed,1.0
1232,17,circle,1840,1030,18046,confirmed,1.0
1232,23,pentagon,1133,569,36192,confirmed,1.0
1233,11,trapezoid,1737,987,26973,confirmed,1.0
1233,17,circle,1882,1022,13584,confirmed,1.0
1233,23,pentagon,1165,545,36094,confirmed,1.0
1234,11,trapezoid,1748,965,26962,confirmed,1.0
1234,17,circle,1913,1012,10446,confirmed,1.0
1234,23,pentagon,1195,521,36283,confirmed,1.0
1235,11,trapezoid,1759,924,27010,confirmed,1.0
1235,17,circle,1931,996,7988,confirmed,1.0
1235,23,pentagon,1222,495,36233,confirmed,1.0
1236,11,trapezoid,1772,882,27060,confirmed,1.0
1236,17,circle,1938,975,6594,confirmed,1.0
1236,23,pentagon,1249,469,36187,confirmed,1.0
1236,24,trapezoid,1849,891,5559,confirmed,1.0
1237,11,trapezoid,1785,840,27031,confirmed,1.0
1237,17,circle,1935,950,6266,confirmed,1.0
1237,23,pentagon,1275,443,36203,confirmed,1.0
1237,24,trapezoid,1849,891,5559,coasting,1.0
1238,11,trapezoid,1797,801,26999,confirmed,1.0
1238,17,circle,1924,925,7245,confirmed,1.0
1238,23,pentagon,1305,419,36188,confirmed,1.0
1238,24,trapezoid,1849,891,5559,coasting,1.0
1239,11,trapezoid,1809,763,26957,confirmed,1.0
1239,17,circle,1910,899,8755,confirmed,1.0
1239,23,pentagon,1338,396,36262,confirmed,1.0
1239,24,trapezoid,1849,891,5559,coasting,1.0
1240,11,trapezoid,1821,725,26391,confirmed,1.0
1240,17,circle,1899,881,9107,confirmed,1.0
1240,23,pentagon,1376,376,36298,confirmed,1.0
1240,24,trapezoid,1849,891,5559,coasting,1.0
1241,11,trapezoid,1831,687,25160,confirmed,1.0
1241,17,circle,1892,880,6595,confirmed,1.0
1241,23,pentagon,1417,358,36264,confirmed,1.0
1241,24,trapezoid,1849,891,5559,coasting,1.0
1242,11,trapezoid,1838,648,23331,confirmed,1.0
1242,17,circle,1884,869,6595,coasting,1.0
1242,23,pentagon,1461,340,36179,confirmed,1.0
1242,24,trapezoid,1849,891,5559,coasting,1.0
1243,11,trapezoid,1845,611,21638,confirmed,1.0
1243,17,circle,1877,859,6595,coasting,1.0
1243,23,pentagon,1503,323,36069,confirmed,1.0
1243,24,trapezoid,1849,891,5559,coasting,1.0
1244,11,trapezoid,1850,573,19962,confirmed,1.0
1244,17,circle,1870,850,6595,coasting,1.0
1244,23,pentagon,1544,305,36197,confirmed,1.0
1244,24,trapezoid,1849,891,5559,coasting,1.0
1245,11,trapezoid,1855,536,18240,confirmed,1.0
1245,17,circle,1864,841,6595,coasting,1.0
1245,23,pentagon,1583,285,36084,confirmed,1.0
1245,24,trapezoid,1849,891,5559,coasting,1.0
1245,25,rectangle,1885,201,18588,confirmed,0.0
1246,11,trapezoid,1860,499,16649,confirmed,1.0
1246,17,circle,1859,834,6595,coasting,1.0
1246,23,pentagon,1622,266,36302,confirmed,1.0
1246,24,trapezoid,1849,891,5559,coasting,1.0
1246,25,rectangle,1876,219,21722,confirmed,0.0
1247,11,trapezoid,1864,462,15015,confirmed,1.0
1247,17,circle,1854,827,6595,coasting,1.0
1247,23,pentagon,1660,247,36221,confirmed,1.0
1247,24,trapezoid,1849,891,5559,coasting,1.0
1247,25,rectangle,1866,241,24620,confirmed,0.0
1248,11,trapezoid,1869,426,13415,confirmed,1.0
1248,17,circle,1850,822,6595,coasting,1.0
1248,23,pentagon,1701,250,36260,confirmed,1.0
1248,24,trapezoid,1849,891,5559,coasting,1.0
1248,25,pentagon,1856,263,22987,confirmed,0.0
1249,11,trapezoid,1874,389,11778,confirmed,1.0
1249,17,circle,1846,816,6595,coasting,1.0
1249,23,pentagon,1737,268,36230,confirmed,1.0
1249,24,trapezoid,1849,891,5559,coasting,1.0
1249,25,7-gon,1854,280,12358,confirmed,0.0
1250,11,trapezoid,1880,353,9891,confirmed,1.0
1250,17,circle,1842,811,6595,coasting,1.0
1250,23,pentagon,1758,296,36370,confirmed,1.0
1250,24,trapezoid,1849,891,5559,coasting,1.0
1250,25,trapezoid,1856,279,3714,confirmed,0.0
1251,11,trapezoid,1886,316,9891,coasting,1.0
1251,17,circle,1839,807,6595,coasting,1.0
1251,23,pentagon,1770,327,36351,confirmed,1.0
1251,24,trapezoid,1849,891,5559,coasting,1.0
1251,25,trapezoid,1855,287,3714,coasting,0.0
1252,11,trapezoid,1894,280,5159,confirmed,1.0
1252,17,circle,1836,803,6595,coasting,1.0
1252,23,pentagon,1779,356,36380,confirmed,1.0
1252,24,trapezoid,1849,891,5559,coasting,1.0
1252,25,trapezoid,1853,295,3714,coasting,0.0
1253,11,trapezoid,1900,261,4887,confirmed,1.0
1253,17,circle,1834,800,6595,coasting,1.0
1253,23,pentagon,1786,386,36345,confirmed,1.0
1253,24,trapezoid,1849,891,5559,coasting,1.0
1253,25,trapezoid,1852,301,3714,coasting,0.0
1254,11,trapezoid,1905,265,4405,confirmed,1.0
1254,17,circle,1832,796,6595,coasting,1.0
1254,23,pentagon,1793,415,36296,confirmed,1.0
1254,24,trapezoid,1849,891,5559,coasting,1.0
1254,25,trapezoid,1851,308,3714,coasting,0.0
1255,11,trapezoid,1907,287,3930,confirmed,1.0
1255,17,circle,1829,794,6595,coasting,1.0
1255,23,pentagon,1799,443,36205,confirmed,1.0
1255,24,trapezoid,1849,891,5559,coasting,1.0
1255,25,trapezoid,1850,313,3714,coasting,0.0
1256,11,trapezoid,1911,293,3930,coasting,1.0
1256,17,circle,1828,791,6595,coasting,1.0
1256,23,pentagon,1805,471,36203,confirmed,1.0
1256,24,trapezoid,1849,891,5559,coasting,1.0
1256,25,trapezoid,1849,318,3714,coasting,0.0
1257,11,trapezoid,1914,298,3930,coasting,1.0
1257,17,circle,1826,789,6595,coasting,1.0
1257,23,pentagon,1811,499,36218,confirmed,1.0
1257,25,trapezoid,1848,323,3714,coasting,0.0
1258,11,trapezoid,1917,302,3930,coasting,1.0
1258,17,circle,1824,787,6595,coasting,1.0
1258,23,pentagon,1815,527,36085,confirmed,1.0
1258,25,pentagon,1816,358,8132,confirmed,0.0
1258,26,pentagon,1877,119,17181,confirmed,0.0
1259,11,trapezoid,1920,306,3930,coasting,1.0
1259,17,circle,1823,785,6595,coasting,1.0
1259,23,pentagon,1820,556,35840,confirmed,1.0
1259,25,hexagon,1780,414,12773,confirmed,0.0
1259,26,triangle,1856,111,19964,confirmed,0.0
1260,11,trapezoid,1923,310,3930,coasting,1.0
1260,17,circle,1822,783,6595,coasting,1.0
1260,23,pentagon,1822,584,35838,confirmed,1.0
1260,25,hexagon,1745,470,15837,confirmed,0.0
1260,26,triangle,1826,108,20411,confirmed,0.0
1261,11,trapezoid,1925,313,3930,coasting,1.0
1261,17,circle,1821,782,6595,coasting,1.0
1261,23,pentagon,1821,611,35968,confirmed,1.0
1261,25,hexagon,1716,520,18660,confirmed,0.0
1261,26,triangle,1770,125,20597,confirmed,1.0
1262,11,trapezoid,1927,316,3930,coasting,1.0
1262,23,pentagon,1818,639,36174,confirmed,1.0
1262,25,hexagon,1693,560,21025,confirmed,0.0
1262,26,triangle,1730,140,20498,confirmed,1.0
1263,11,trapezoid,1929,319,3930,coasting,1.0
1263,23,pentagon,1801,666,36353,confirmed,1.0
1263,25,hexagon,1674,591,22535,confirmed,0.0
1263,26,triangle,1698,156,20828,confirmed,1.0
1264,11,trapezoid,1930,321,3930,coasting,1.0
1264,23,pentagon,1774,690,36149,confirmed,1.0
1264,25,hexagon,1657,611,22031,confirmed,0.0
1264,26,triangle,1672,173,20626,confirmed,1.0
1265,11,trapezoid,1932,324,3930,coasting,1.0
1265,23,pentagon,1741,711,36315,confirmed,1.0
1265,25,hexagon,1639,624,21128,confirmed,0.0
1265,26,triangle,1654,193,20725,confirmed,1.0
1266,11,trapezoid,1933,326,3930,coasting,1.0
1266,23,pentagon,1705,731,36375,confirmed,1.0
1266,25,hexagon,1620,631,20520,confirmed,0.0
1266,26,triangle,1643,214,20480,confirmed,1.0
1266,27,trapezoid,1886,754,9847,confirmed,0.0
1267,11,trapezoid,1935,327,3930,coasting,1.0
1267,23,pentagon,1668,749,36336,confirmed,1.0
1267,25,trapezoid,1598,636,19609,confirmed,0.0
1267,26,triangle,1639,235,20565,confirmed,1.0
1267,27,trapezoid,1882,789,10054,confirmed,0.0
1268,11,trapezoid,1936,329,3930,coasting,1.0
1268,23,pentagon,1627,764,36255,confirmed,1.0
1268,25,trapezoid,1574,635,17851,confirmed,0.0
1268,26,triangle,1641,258,20591,confirmed,1.0
1268,27,trapezoid,1879,832,10497,confirmed,0.0
1269,11,trapezoid,1937,330,3930,coasting,1.0
1269,23,pentagon,1581,774,36370,confirmed,1.0
1269,25,pentagon,1549,635,16423,confirmed,0.0
1269,26,triangle,1646,280,20690,confirmed,1.0
1269,27,trapezoid,1877,879,11039,confirmed,0.0
1270,11,trapezoid,1938,332,3930,coasting,1.0
1270,23,pentagon,1534,782,36287,confirmed,1.0
1270,25,pentagon,1522,637,15306,confirmed,0.0
1270,26,triangle,1654,301,20404,confirmed,1.0
1270,27,trapezoid,1881,913,7222,confirmed,0.0
1271,11,trapezoid,1938,333,3930,coasting,1.0
1271,23,pentagon,1487,788,36124,confirmed,1.0
1271,25,pentagon,1493,641,14699,confirmed,0.0
1271,26,triangle,1662,322,20533,confirmed,1.0
1271,27,trapezoid,1885,919,7187,confirmed,0.0
1272,11,trapezoid,1939,334,3930,coasting,1.0
1272,23,pentagon,1439,784,36213,confirmed,1.0
1272,25,pentagon,1463,645,12509,confirmed,0.0
1272,26,triangle,1670,344,20775,confirmed,1.0
1272,27,trapezoid,1890,900,6381,confirmed,0.0
1273,11,trapezoid,1940,335,3930,coasting,1.0
1273,23,pentagon,1393,776,36352,confirmed,1.0
1273,25,pentagon,1433,648,10902,confirmed,0.0
1273,26,triangle,1680,364,20589,confirmed,1.0
1273,27,trapezoid,1894,902,6381,coasting,0.0
1274,11,trapezoid,1940,336,3930,coasting,1.0
1274,23,pentagon,1347,767,36147,confirmed,1.0
1274,25,pentagon,1404,651,9075,confirmed,0.0
1274,26,triangle,1689,386,20794,confirmed,1.0
1274,27,trapezoid,1897,903,6381,coasting,0.0
1275,11,trapezoid,1941,336,3930,coasting,1.0
1275,23,pentagon,1303,755,36139,confirmed,1.0
1275,25,pentagon,1374,666,11024,confirmed,0.0
1275,26,triangle,1698,406,20671,confirmed,1.0
1275,27,trapezoid,1900,904,6381,coasting,0.0
1276,23,pentagon,1261,742,36295,confirmed,1.0
1276,25,pentagon,1344,677,11716,confirmed,0.0
1276,26,triangle,1707,426,20516,confirmed,1.0
1276,27,trapezoid,1903,905,6381,coasting,0.0
1277,23,pentagon,1221,728,36341,confirmed,1.0
1277,25,pentagon,1313,685,12613,confirmed,0.0
1277,26,triangle,1717,448,20868,confirmed,1.0
1277,27,trapezoid,1905,906,6381,coasting,0.0
1278,23,pentagon,1181,712,36170,confirmed,1.0
1278,25,pentagon,1281,686,14451,confirmed,0.0
1278,26,triangle,1726,468,20719,confirmed,1.0
1278,27,trapezoid,1907,907,6381,coasting,0.0
1279,23,pentagon,1143,696,36184,confirmed,1.0
1279,25,pentagon,1251,680,17932,confirmed,0.0
1279,26,triangle,1734,488,20563,confirmed,1.0
1279,27,trapezoid,1909,908,6381,coasting,0.0
1280,23,pentagon,1108,678,36387,confirmed,1.0
1280,25,pentagon,1225,668,21196,confirmed,0.0
1280,26,triangle,1742,509,20415,confirmed,1.0
1280,27,trapezoid,1911,908,6381,coasting,0.0
1281,23,pentagon,1074,660,36161,confirmed,1.0
1281,25,hexagon,1203,650,25084,confirmed,0.0
1281,26,triangle,1750,530,20738,confirmed,1.0
1281,27,trapezoid,1913,909,6381,coasting,0.0
1282,23,pentagon,1042,640,36329,confirmed,1.0
1282,25,rectangle,1188,630,28184,confirmed,0.0
1282,26,triangle,1758,550,20632,confirmed,1.0
1282,27,trapezoid,1914,909,6381,coasting,0.0
1283,23,pentagon,1012,620,36138,confirmed,1.0
1283,25,rectangle,1197,598,29861,confirmed,1.0
1283,26,triangle,1766,570,20585,confirmed,1.0
1283,27,trapezoid,1915,910,6381,coasting,0.0
1284,23,pentagon,984,599,36217,confirmed,1.0
1284,25,rectangle,1200,576,29575,confirmed,1.0
1284,26,triangle,1770,592,20843,confirmed,1.0
1284,27,trapezoid,1917,910,6381,coasting,0.0
1285,23,pentagon,957,577,36170,confirmed,1.0
1285,25,rectangle,1200,555,29575,confirmed,1.0
1285,26,triangle,1772,612,20636,confirmed,1.0
1285,27,trapezoid,1918,911,6381,coasting,0.0
1286,23,pentagon,932,555,36209,confirmed,1.0
1286,25,rectangle,1208,537,29575,confirmed,1.0
1286,26,triangle,1772,633,20488,confirmed,1.0
1286,27,trapezoid,1919,911,6381,coasting,0.0
1287,23,pentagon,908,533,36238,confirmed,1.0
1287,25,rectangle,1217,518,29861,confirmed,1.0
1287,26,triangle,1768,654,20841,confirmed,1.0
1287,27,trapezoid,1919,911,6381,coasting,0.0
1288,23,pentagon,885,511,36320,confirmed,1.0
1288,25,rectangle,1225,500,29575,confirmed,1.0
1288,26,triangle,1760,674,20791,confirmed,1.0
1288,27,trapezoid,1920,912,6381,coasting,0.0
1289,23,pentagon,864,487,36180,confirmed,1.0
1289,25,rectangle,1235,482,29575,confirmed,1.0
1289,26,triangle,1751,694,20779,confirmed,1.0
1289,27,trapezoid,1921,912,6381,coasting,0.0
1290,23,pentagon,845,463,36079,confirmed,1.0
1290,25,rectangle,1247,464,29575,confirmed,1.0
1290,26,triangle,1740,712,20495,confirmed,1.0
1290,27,trapezoid,1921,912,6381,coasting,0.0
1291,23,pentagon,827,440,36321,confirmed,1.0
1291,25,rectangle,1261,446,29861,confirmed,1.0
1291,26,triangle,1729,732,20595,confirmed,1.0
1291,27,trapezoid,1922,912,6381,coasting,0.0
1292,23,pentagon,811,415,36099,confirmed,1.0
1292,25,rectangle,1277,430,29575,confirmed,1.0
1292,26,triangle,1716,752,20770,confirmed,1.0
1292,27,trapezoid,1922,913,6381,coasting,0.0
1293,23,pentagon,795,391,36087,confirmed,1.0
1293,25,rectangle,1293,414,29575,confirmed,1.0
1293,26,triangle,1703,770,20601,confirmed,1.0
1294,23,pentagon,780,368,36387,confirmed,1.0
1294,25,rectangle,1310,396,29861,confirmed,1.0
1294,26,triangle,1688,788,20497,confirmed,1.0
1295,23,pentagon,763,345,36296,confirmed,1.0
1295,25,rectangle,1327,380,29861,confirmed,1.0
1295,26,triangle,1673,807,20413,confirmed,1.0
1296,23,pentagon,743,321,36108,confirmed,1.0
1296,25,rectangle,1344,364,29861,confirmed,1.0
1296,26,triangle,1656,825,20408,confirmed,1.0
1297,23,pentagon,719,300,36290,confirmed,1.0
1297,25,rectangle,1362,348,29861,confirmed,1.0
1297,26,triangle,1640,842,20494,confirmed,1.0
1298,23,pentagon,692,280,36208,confirmed,1.0
1298,25,rectangle,1380,332,29861,confirmed,1.0
1298,26,triangle,1622,860,20609,confirmed,1.0
1299,23,pentagon,658,263,36335,confirmed,1.0
1299,25,rectangle,1398,318,29575,confirmed,1.0
1299,26,triangle,1605,878,20738,confirmed,1.0
1300,23,pentagon,615,258,36100,confirmed,1.0
1300,25,rectangle,1414,302,29575,confirmed,1.0
1300,26,triangle,1586,894,20582,confirmed,1.0
1300,28,hexagon,1879,200,23295,confirmed,0.0
1301,23,pentagon,576,266,36185,confirmed,1.0
1301,25,rectangle,1432,286,29861,confirmed,1.0
1301,26,triangle,1565,910,20658,confirmed,1.0
1301,28,circle,1860,208,29432,confirmed,0.0
1302,23,pentagon,541,284,36280,confirmed,1.0
1302,25,rectangle,1451,272,29575,confirmed,1.0
1302,26,triangle,1540,925,20761,confirmed,1.0
1302,28,circle,1841,223,31427,confirmed,0.0
1303,23,pentagon,509,302,36198,confirmed,1.0
1303,25,rectangle,1472,256,29861,confirmed,1.0
1303,26,triangle,1508,933,20474,confirmed,1.0
1303,28,circle,1823,244,32422,confirmed,0.0
1304,23,pentagon,477,321,36304,confirmed,1.0
1304,25,rectangle,1493,242,29861,confirmed,1.0
1304,26,triangle,1474,936,20770,confirmed,1.0
1304,28,circle,1811,270,32442,confirmed,0.0
1305,23,pentagon,446,339,36085,confirmed,1.0
1305,25,rectangle,1506,241,29861,confirmed,1.0
1305,26,triangle,1439,938,20655,confirmed,1.0
1305,28,circle,1810,296,30614,confirmed,0.0
1306,23,pentagon,416,357,36141,confirmed,1.0
1306,25,rectangle,1517,232,29861,confirmed,1.0
1306,26,triangle,1406,931,20771,confirmed,1.0
1306,28,circle,1821,310,25397,confirmed,0.0
1307,23,pentagon,387,376,36294,confirmed,1.0
1307,25,rectangle,1532,219,29575,confirmed,1.0
1307,26,triangle,1375,921,20494,confirmed,1.0
1307,28,pentagon,1838,308,20386,confirmed,0.0
1308,23,pentagon,360,395,36182,confirmed,1.0
1308,25,rectangle,1548,203,29575,confirmed,1.0
1308,26,triangle,1344,911,20586,confirmed,1.0
1308,28,pentagon,1858,293,15092,confirmed,0.0
1309,23,pentagon,336,415,36106,confirmed,1.0
1309,25,rectangle,1559,185,29861,confirmed,1.0
1309,26,triangle,1313,902,20697,confirmed,1.0
1309,28,pentagon,1875,268,14571,confirmed,0.0
1310,23,pentagon,315,436,36191,confirmed,1.0
1310,25,rectangle,1566,167,29861,confirmed,1.0
1310,26,triangle,1283,892,20460,confirmed,1.0
1310,28,pentagon,1887,236,15760,confirmed,0.0
1311,23,pentagon,294,458,36353,confirmed,1.0
1311,25,rectangle,1563,150,29575,confirmed,1.0
1311,26,triangle,1253,884,20780,confirmed,1.0
1311,28,pentagon,1892,200,16972,confirmed,0.0
1312,23,pentagon,279,481,36234,confirmed,1.0
1312,25,rectangle,1557,132,29575,confirmed,1.0
1312,26,triangle,1225,873,20543,confirmed,1.0
1312,28,pentagon,1891,165,18280,confirmed,0.0
1313,23,pentagon,270,504,36338,confirmed,1.0
1313,25,rectangle,1545,114,29861,confirmed,1.0
1313,26,triangle,1197,862,20731,confirmed,1.0
1313,28,pentagon,1885,131,19837,confirmed,0.0
1314,23,pentagon,263,528,36340,confirmed,1.0
1314,25,rectangle,1534,98,29016,confirmed,1.0
1314,26,triangle,1171,850,20430,confirmed,1.0
1314,28,hexagon,1878,100,22002,confirmed,0.0
1315,23,pentagon,263,552,36362,confirmed,1.0
1315,25,rectangle,1519,86,27300,confirmed,1.0
1315,26,triangle,1149,836,20457,confirmed,1.0
1315,28,circle,1867,75,23049,confirmed,0.0
1316,23,pentagon,277,573,36144,confirmed,1.0
1316,25,rectangle,1498,78,25584,confirmed,1.0
1316,26,triangle,1130,820,20447,confirmed,1.0
1316,28,circle,1853,56,23594,confirmed,0.0
1317,23,pentagon,308,590,36317,confirmed,1.0
1317,25,rectangle,1471,73,24726,confirmed,1.0
1317,26,triangle,1114,803,20591,confirmed,1.0
1317,28,circle,1837,44,23331,confirmed,0.0
1318,23,pentagon,348,601,36276,confirmed,1.0
1318,25,rectangle,1440,72,24440,confirmed,1.0
1318,26,triangle,1102,785,20496,confirmed,1.0
1318,28,pentagon,1815,36,20448,confirmed,0.0
1319,23,pentagon,390,607,36095,confirmed,1.0
1319,25,rectangle,1406,74,25012,confirmed,1.0
1319,26,triangle,1091,768,20814,confirmed,1.0
1319,28,pentagon,1785,31,17625,confirmed,0.0
1320,23,pentagon,432,613,36331,confirmed,1.0
1320,25,rectangle,1372,79,25870,confirmed,1.0
1320,26,triangle,1080,750,20699,confirmed,1.0
1320,28,pentagon,1747,30,16778,confirmed,0.0
1321,23,pentagon,473,618,36163,confirmed,1.0
1321,25,rectangle,1338,86,27014,confirmed,1.0
1321,26,triangle,1069,732,20585,confirmed,1.0
1321,28,pentagon,1701,32,16388,confirmed,0.0
1322,23,pentagon,515,622,36087,confirmed,1.0
1322,25,rectangle,1308,93,28444,confirmed,1.0
1322,26,triangle,1058,714,20529,confirmed,1.0
1322,28,pentagon,1655,37,18962,confirmed,0.0
1323,23,pentagon,556,627,36325,confirmed,1.0
1323,25,rectangle,1280,101,29853,confirmed,1.0
1323,26,triangle,1050,696,20497,confirmed,1.0
1323,28,hexagon,1610,46,22070,confirmed,0.0
1324,23,pentagon,597,628,36318,confirmed,1.0
1324,25,rectangle,1263,116,29861,confirmed,1.0
1324,26,triangle,1044,679,20475,confirmed,1.0
1324,28,circle,1570,57,25738,confirmed,0.0
1325,23,pentagon,638,627,36325,confirmed,1.0
1325,25,rectangle,1246,131,29575,confirmed,1.0
1325,26,triangle,1038,660,20516,confirmed,1.0
1325,28,circle,1541,71,29392,confirmed,0.0
1326,23,pentagon,680,626,36303,confirmed,1.0
1326,25,rectangle,1231,146,29861,confirmed,1.0
1326,26,triangle,1032,642,20518,confirmed,1.0
1326,28,circle,1523,88,32170,confirmed,0.0
1327,23,pentagon,720,626,36328,confirmed,1.0
1327,25,rectangle,1217,161,29575,confirmed,1.0
1327,26,triangle,1026,624,20513,confirmed,1.0
1327,28,circle,1551,118,32450,confirmed,1.0
1328,23,pentagon,761,625,36173,confirmed,1.0
1328,25,rectangle,1207,178,29575,confirmed,1.0
1328,26,triangle,1020,607,20458,confirmed,1.0
1328,28,circle,1584,129,32377,confirmed,1.0
1329,23,pentagon,802,623,36174,confirmed,1.0
1329,25,rectangle,1197,194,29575,confirmed,1.0
1329,26,triangle,1014,589,20386,confirmed,1.0
1329,28,circle,1604,130,32434,confirmed,1.0
1330,23,pentagon,841,619,36306,confirmed,1.0
1330,25,rectangle,1189,210,29575,confirmed,1.0
1330,26,triangle,1010,570,18612,confirmed,1.0
1330,28,circle,1619,120,30190,confirmed,1.0
1331,23,pentagon,880,612,36217,confirmed,1.0
1331,25,rectangle,1182,226,29575,confirmed,1.0
1331,26,triangle,1009,549,15190,confirmed,1.0
1331,28,circle,1622,103,26819,confirmed,1.0
1332,23,pentagon,917,602,36214,confirmed,1.0
1332,25,rectangle,1175,242,29575,confirmed,1.0
1332,26,triangle,1010,526,11430,confirmed,1.0
1332,28,circle,1610,83,23241,confirmed,1.0
1333,23,pentagon,951,590,36197,confirmed,1.0
1333,25,rectangle,1168,258,29575,confirmed,1.0
1333,26,triangle,1012,500,7333,confirmed,1.0
1333,28,circle,1584,62,19731,confirmed,1.0
1334,23,pentagon,983,576,36150,confirmed,1.0
1334,25,rectangle,1162,274,29861,confirmed,1.0
1334,26,triangle,1002,466,5017,confirmed,1.0
1334,28,circle,1548,45,16504,confirmed,1.0
1335,23,pentagon,1013,562,36182,confirmed,1.0
1335,25,rectangle,1156,290,29861,confirmed,1.0
1335,26,triangle,981,443,7655,confirmed,1.0
1335,28,circle,1505,31,13613,confirmed,1.0
1336,23,pentagon,1042,546,36049,confirmed,1.0
1336,25,rectangle,1150,306,29861,confirmed,1.0
1336,26,triangle,962,428,11735,confirmed,1.0
1336,28,circle,1458,21,11015,confirmed,1.0
1337,23,pentagon,1070,530,36096,confirmed,1.0
1337,25,rectangle,1142,321,29426,confirmed,0.978
1337,26,triangle,946,418,14836,confirmed,1.0
1337,28,circle,1410,15,8474,confirmed,1.0
1338,23,pentagon,1097,513,36112,confirmed,1.0
1338,25,rectangle,1136,335,26084,confirmed,0.978
1338,26,triangle,936,410,17487,confirmed,1.0
1338,28,circle,1363,11,6538,confirmed,1.0
1339,23,pentagon,1123,498,36363,confirmed,1.0
1339,25,rectangle,1129,344,20749,confirmed,0.978
1339,26,triangle,940,409,19207,confirmed,0.978
1339,28,circle,1316,11,7103,confirmed,1.0
1340,23,pentagon,1149,481,36185,confirmed,1.0
1340,25,rectangle,1120,348,16779,confirmed,0.978
1340,26,triangle,940,399,20468,confirmed,0.978
1340,28,circle,1270,13,7479,confirmed,1.0
1341,23,pentagon,1175,465,36255,confirmed,1.0
1341,25,rectangle,1107,359,16330,confirmed,0.978
1341,26,triangle,936,383,20381,confirmed,0.978
1341,28,circle,1225,17,8083,confirmed,1.0
1342,23,pentagon,1200,448,36353,confirmed,1.0
1342,25,rectangle,1095,376,19305,confirmed,0.978
1342,26,triangle,928,365,20551,confirmed,0.978
1342,28,circle,1181,22,9290,confirmed,1.0
1343,23,pentagon,1225,431,36222,confirmed,1.0
1343,25,rectangle,1084,397,24618,confirmed,0.978
1343,26,triangle,920,349,20715,confirmed,0.978
1343,28,circle,1139,28,11436,confirmed,1.0
1344,23,pentagon,1250,415,36224,confirmed,1.0
1344,25,rectangle,1075,426,29174,confirmed,0.978
1344,26,triangle,911,332,20844,confirmed,0.978
1344,28,circle,1099,35,14057,confirmed,1.0
1345,23,pentagon,1274,398,36329,confirmed,1.0
1345,25,rectangle,1064,445,29238,confirmed,0.978
1345,26,triangle,901,315,20448,confirmed,0.978
1345,28,circle,1063,42,17115,confirmed,1.0
1346,23,pentagon,1299,381,36165,confirmed,1.0
1346,25,rectangle,1051,460,29314,confirmed,0.978
1346,26,triangle,891,298,20521,confirmed,0.978
1346,28,circle,1030,51,20488,confirmed,1.0
1347,23,pentagon,1323,365,36224,confirmed,1.0
1347,25,rectangle,1038,473,29575,confirmed,0.978
1347,26,triangle,882,282,20584,confirmed,0.978
1347,28,circle,1001,60,24170,confirmed,1.0
1347,29,trapezoid,1888,917,10206,confirmed,0.0
1348,23,pentagon,1347,349,36287,confirmed,1.0
1348,25,rectangle,1023,485,29861,confirmed,0.978
1348,26,triangle,873,266,20650,confirmed,0.978
1348,28,circle,976,71,27898,confirmed,1.0
1348,29,trapezoid,1882,916,10985,confirmed,0.0
1349,23,pentagon,1372,332,36326,confirmed,1.0
1349,25,rectangle,1008,498,29861,confirmed,0.978
1349,26,triangle,864,250,20636,confirmed,0.978
1349,28,circle,955,84,30942,confirmed,1.0
1349,29,trapezoid,1877,898,11746,confirmed,0.0
1350,23,pentagon,1396,315,36133,confirmed,1.0
1350,25,rectangle,992,510,29861,confirmed,0.978
1350,26,triangle,854,235,19044,confirmed,0.978
1350,28,circle,938,99,32516,confirmed,1.0
1350,29,trapezoid,1872,866,12529,confirmed,0.0
1351,23,pentagon,1419,299,36176,confirmed,1.0
1351,25,rectangle,975,522,29861,confirmed,0.978
1351,26,triangle,843,223,15304,confirmed,0.978
1351,28,circle,931,126,32313,confirmed,1.0
1351,29,trapezoid,1868,823,13318,confirmed,0.0
1352,23,pentagon,1443,283,36277,confirmed,1.0
1352,25,rectangle,953,533,29861,confirmed,0.978
1352,26,triangle,826,210,10117,confirmed,0.978
1352,28,circle,916,152,32348,confirmed,1.0
1352,29,trapezoid,1865,774,14092,confirmed,0.0
1353,23,pentagon,1466,266,36304,confirmed,1.0
1353,25,rectangle,931,542,29575,confirmed,0.978
1353,26,triangle,805,191,9857,confirmed,0.978
1353,28,circle,905,176,32341,confirmed,1.0
1353,29,trapezoid,1862,724,14856,confirmed,0.0
1354,23,pentagon,1491,251,36299,confirmed,1.0
1354,25,rectangle,905,547,29861,confirmed,0.978
1354,26,triangle,787,171,13507,confirmed,0.978
1354,28,circle,908,201,32406,confirmed,1.0
1354,29,trapezoid,1860,674,15679,confirmed,0.0
1355,23,pentagon,1515,235,36205,confirmed,1.0
1355,25,rectangle,879,551,29861,confirmed,0.978
1355,26,triangle,777,155,18191,confirmed,0.956
1355,28,circle,929,222,32361,confirmed,1.0
1355,29,trapezoid,1858,627,16214,confirmed,0.0
1356,23,pentagon,1542,221,36231,confirmed,1.0
1356,25,rectangle,852,555,29861,confirmed,0.978
1356,26,triangle,769,144,20494,confirmed,0.956
1356,28,circle,962,239,32412,confirmed,1.0
1356,29,trapezoid,1856,584,16601,confirmed,0.0
1357,23,pentagon,1572,208,36252,confirmed,1.0
1357,25,rectangle,825,555,29861,confirmed,0.978
1357,26,triangle,753,134,20455,confirmed,0.956
1357,28,circle,1000,253,32375,confirmed,1.0
1357,29,trapezoid,1855,543,17178,confirmed,0.0
1358,23,pentagon,1602,196,36347,confirmed,1.0
1358,25,rectangle,798,552,29861,confirmed,0.978
1358,26,triangle,735,123,20558,confirmed,0.956
1358,28,circle,1043,259,32417,confirmed,1.0
1358,29,trapezoid,1853,505,17569,confirmed,0.0
1359,23,pentagon,1632,184,36298,confirmed,1.0
1359,25,rectangle,772,549,29861,confirmed,0.978
1359,26,triangle,713,113,20719,confirmed,0.956
1359,28,circle,1089,255,32406,confirmed,1.0
1359,29,trapezoid,1852,468,18072,confirmed,0.0
1360,23,pentagon,1664,179,36269,confirmed,1.0
1360,25,rectangle,746,546,29575,confirmed,0.978
1360,26,triangle,687,108,20615,confirmed,0.956
1360,28,circle,1126,245,32419,confirmed,1.0
1360,29,trapezoid,1851,433,18491,confirmed,0.0
1361,23,pentagon,1697,184,36186,confirmed,1.0
1361,25,rectangle,720,542,29575,confirmed,0.978
1361,26,triangle,658,106,20740,confirmed,0.956
1361,28,circle,1137,222,32400,confirmed,1.0
1361,29,trapezoid,1849,397,18997,confirmed,0.0
1362,23,pentagon,1721,200,36364,confirmed,1.0
1362,25,rectangle,694,537,29575,confirmed,0.978
1362,26,triangle,627,105,20380,confirmed,0.956
1362,28,circle,1136,195,32400,confirmed,1.0
1362,29,trapezoid,1847,361,19400,confirmed,0.0
1363,23,pentagon,1739,218,36148,confirmed,1.0
1363,25,rectangle,673,529,29575,confirmed,0.978
1363,26,triangle,594,107,20445,confirmed,0.956
1363,28,circle,1118,171,32410,confirmed,1.0
1363,29,trapezoid,1848,327,16977,confirmed,0.0
1364,23,pentagon,1754,238,36314,confirmed,1.0
1364,25,rectangle,655,517,29861,confirmed,0.978
1364,26,triangle,562,110,20499,confirmed,0.956
1364,28,circle,1095,148,32370,confirmed,1.0
1364,29,trapezoid,1859,291,10250,confirmed,0.0
1365,23,pentagon,1766,258,36210,confirmed,1.0
1365,25,rectangle,639,505,29861,confirmed,0.978
1365,26,triangle,531,113,20499,confirmed,0.956
1365,28,circle,1068,128,32447,confirmed,1.0
1365,29,pentagon,1873,251,7481,confirmed,0.0
1366,23,pentagon,1776,278,36334,confirmed,1.0
1366,25,rectangle,628,491,29861,confirmed,0.978
1366,26,triangle,504,119,20659,confirmed,0.956
1366,28,circle,1037,109,32406,confirmed,1.0
1366,29,pentagon,1885,218,7239,confirmed,0.0
1367,23,pentagon,1784,297,36198,confirmed,1.0
1367,25,rectangle,619,477,29861,confirmed,0.978
1367,26,triangle,485,133,20739,confirmed,0.956
1367,28,circle,1006,92,32092,confirmed,1.0
1367,29,pentagon,1896,213,5151,confirmed,0.0
1368,23,pentagon,1792,317,36189,confirmed,1.0
1368,25,rectangle,613,462,29861,confirmed,0.978
1368,26,triangle,465,145,20788,confirmed,0.956
1368,28,circle,970,80,31375,confirmed,1.0
1368,29,triangle,1905,246,2634,confirmed,0.0
1369,23,pentagon,1799,336,36334,confirmed,1.0
1369,25,rectangle,609,448,29861,confirmed,0.978
1369,26,triangle,443,155,20479,confirmed,0.956
1369,28,circle,929,73,30706,confirmed,1.0
1369,29,triangle,1915,253,2634,coasting,0.0
1370,23,pentagon,1806,355,36216,confirmed,1.0
1370,25,rectangle,607,434,29575,confirmed,0.978
1370,26,triangle,422,164,20542,confirmed,0.956
1370,28,circle,885,69,29864,confirmed,1.0
1370,29,triangle,1925,259,2634,coasting,0.0
1371,23,pentagon,1814,375,36134,confirmed,1.0
1371,25,rectangle,604,420,29575,confirmed,0.978
1371,26,triangle,401,176,20834,confirmed,0.956
1371,28,circle,841,72,31221,confirmed,1.0
1371,29,pentagon,1877,331,7418,confirmed,0.0
1372,23,pentagon,1821,394,35600,confirmed,1.0
1372,25,rectangle,602,406,29575,confirmed,0.978
1372,26,triangle,381,186,20783,confirmed,0.956
1372,28,circle,799,82,32476,confirmed,1.0
1372,29,hexagon,1825,410,12570,confirmed,0.0
1373,23,pentagon,1825,413,35690,confirmed,1.0
1373,25,rectangle,601,390,29861,confirmed,0.978
1373,26,triangle,362,196,20541,confirmed,0.956
1373,28,circle,767,114,32404,confirmed,1.0
1373,29,hexagon,1778,486,16223,confirmed,0.0
1374,23,pentagon,1826,433,35961,confirmed,1.0
1374,25,rectangle,603,376,29861,confirmed,0.978
1374,26,triangle,344,208,20579,confirmed,0.956
1374,28,circle,737,138,32407,confirmed,1.0
1374,29,hexagon,1742,553,19618,confirmed,0.0
1375,23,pentagon,1824,452,35918,confirmed,1.0
1375,25,rectangle,604,362,29861,confirmed,0.978
1375,26,triangle,327,220,20541,confirmed,0.956
1375,28,circle,711,159,32389,confirmed,1.0
1375,29,trapezoid,1718,609,22289,confirmed,0.0
1376,23,pentagon,1820,471,36127,confirmed,1.0
1376,25,rectangle,602,353,28001,confirmed,0.956
1376,26,triangle,313,233,20755,confirmed,0.956
1376,28,circle,688,181,32451,confirmed,1.0
1376,29,trapezoid,1705,654,24627,confirmed,0.0
1377,23,pentagon,1815,490,36282,confirmed,1.0
1377,25,rectangle,602,343,23224,confirmed,0.956
1377,26,triangle,301,248,20841,confirmed,0.956
1377,28,circle,670,203,32382,confirmed,1.0
1377,29,trapezoid,1699,690,26396,confirmed,0.0
1378,23,pentagon,1810,509,36192,confirmed,1.0
1378,25,rectangle,600,335,18507,confirmed,0.956
1378,26,triangle,290,261,20436,confirmed,0.956
1378,28,circle,664,227,32426,confirmed,1.0
1378,29,trapezoid,1697,721,27080,confirmed,0.0
1379,23,pentagon,1805,528,36388,confirmed,1.0
1379,25,rectangle,598,324,17413,confirmed,0.956
1379,26,triangle,280,275,20436,confirmed,0.956
1379,28,circle,680,248,32365,confirmed,1.0
1379,29,trapezoid,1705,737,27091,confirmed,1.0
1380,23,pentagon,1801,547,36218,confirmed,1.0
1380,25,rectangle,599,308,20157,confirmed,0.956
1380,26,triangle,270,289,20490,confirmed,0.956
1380,28,circle,710,267,32381,confirmed,1.0
1380,29,trapezoid,1703,766,27154,confirmed,1.0
1381,23,pentagon,1798,565,36079,confirmed,1.0
1381,25,rectangle,603,289,26262,confirmed,0.956
1381,26,triangle,263,304,20822,confirmed,0.956
1381,28,circle,748,281,32369,confirmed,1.0
1381,29,trapezoid,1690,804,27106,confirmed,1.0
1382,23,pentagon,1793,585,36357,confirmed,1.0
1382,25,rectangle,612,266,29861,confirmed,0.956
1382,26,triangle,259,318,20648,confirmed,0.956
1382,28,circle,793,285,32396,confirmed,1.0
1382,29,trapezoid,1677,844,27165,confirmed,1.0
1383,23,pentagon,1788,603,36196,confirmed,1.0
1383,25,rectangle,616,249,29861,confirmed,0.956
1383,26,triangle,254,332,20549,confirmed,0.956
1383,28,circle,826,272,32411,confirmed,1.0
1383,29,trapezoid,1666,880,27201,confirmed,1.0
1384,23,pentagon,1784,621,36161,confirmed,1.0
1384,25,rectangle,617,235,29861,confirmed,0.956
1384,26,triangle,248,346,20501,confirmed,0.956
1384,28,circle,828,248,32448,confirmed,1.0
1384,29,trapezoid,1648,919,27141,confirmed,1.0
1385,23,pentagon,1779,639,36114,confirmed,1.0
1385,25,rectangle,618,221,29861,confirmed,0.956
1385,26,triangle,240,360,20546,confirmed,0.956
1385,28,circle,808,224,32501,confirmed,1.0
1385,29,trapezoid,1632,952,27166,confirmed,1.0
1386,23,pentagon,1774,658,36317,confirmed,1.0
1386,25,rectangle,620,208,28291,confirmed,0.956
1386,26,triangle,227,374,20768,confirmed,0.956
1386,28,circle,781,201,32406,confirmed,1.0
1386,29,trapezoid,1620,960,27185,confirmed,1.0
1387,23,pentagon,1768,676,36340,confirmed,1.0
1387,25,rectangle,621,195,24248,confirmed,0.956
1387,26,triangle,211,385,20630,confirmed,0.956
1387,28,circle,755,179,32362,confirmed,1.0
1387,29,trapezoid,1619,892,27106,confirmed,1.0
1388,23,pentagon,1761,694,36363,confirmed,1.0
1388,25,rectangle,620,184,19844,confirmed,0.956
1388,26,triangle,189,393,20675,confirmed,0.956
1388,28,circle,730,158,32406,confirmed,1.0
1388,29,trapezoid,1613,857,26196,confirmed,1.0
1389,23,pentagon,1752,711,36165,confirmed,1.0
1389,25,rectangle,621,177,14236,confirmed,0.956
1389,26,triangle,165,399,20733,confirmed,0.956
1389,28,circle,705,137,32402,confirmed,1.0
1389,29,trapezoid,1606,817,23130,confirmed,1.0
1390,23,pentagon,1742,729,36266,confirmed,1.0
1390,25,rectangle,630,189,8126,confirmed,0.956
1390,26,triangle,139,401,20649,confirmed,0.956
1390,28,circle,679,117,32368,confirmed,1.0
1390,29,trapezoid,1581,764,18148,confirmed,1.0
1391,23,pentagon,1727,745,36333,confirmed,1.0
1391,25,rectangle,652,199,10063,confirmed,0.956
1391,26,triangle,120,394,20412,confirmed,0.956
1391,28,circle,651,97,32267,confirmed,1.0
1391,29,trapezoid,1569,717,17063,confirmed,1.0
1392,23,pentagon,1699,750,36178,confirmed,1.0
1392,25,rectangle,680,191,19366,confirmed,0.956
1392,26,triangle,110,381,20726,confirmed,0.956
1392,28,circle,621,81,30807,confirmed,1.0
1392,29,trapezoid,1562,671,16813,confirmed,1.0
1393,23,pentagon,1667,748,36264,confirmed,1.0
1393,25,rectangle,721,161,27629,confirmed,0.933
1393,26,triangle,109,366,20746,confirmed,0.956
1393,28,circle,586,69,29212,confirmed,1.0
1393,29,trapezoid,1562,627,18350,confirmed,1.0
1394,23,pentagon,1635,742,36294,confirmed,1.0
1394,25,rectangle,746,148,29575,confirmed,0.933
1394,26,triangle,110,351,20802,confirmed,0.956
1394,28,circle,547,62,27720,confirmed,1.0
1394,29,trapezoid,1570,589,22362,confirmed,1.0
1395,23,pentagon,1605,734,36371,confirmed,1.0
1395,25,rectangle,769,143,29861,confirmed,0.933
1395,26,triangle,111,336,20799,confirmed,0.956
1395,28,circle,505,57,26542,confirmed,1.0
1395,29,trapezoid,1579,554,26082,confirmed,1.0
1396,23,pentagon,1574,726,36057,confirmed,1.0
1396,25,rectangle,791,144,29575,confirmed,0.933
1396,26,triangle,110,322,20798,confirmed,0.956
1396,28,circle,460,56,25594,confirmed,1.0
1396,29,trapezoid,1590,526,27093,confirmed,1.0
1397,23,pentagon,1545,719,36135,confirmed,1.0
1397,25,rectangle,814,143,29861,confirmed,0.933
1397,26,triangle,109,308,20792,confirmed,0.956
1397,28,circle,415,59,27318,confirmed,1.0
1397,29,trapezoid,1593,490,27144,confirmed,1.0
1398,23,pentagon,1516,713,36094,confirmed,1.0
1398,25,rectangle,838,143,29575,confirmed,0.933
1398,26,triangle,108,294,20791,confirmed,0.956
1398,28,circle,372,67,29535,confirmed,1.0
1398,29,trapezoid,1595,455,27128,confirmed,1.0
1399,23,pentagon,1486,707,36114,confirmed,1.0
1399,25,rectangle,860,144,29575,confirmed,0.933
1399,26,triangle,106,280,20786,confirmed,0.956
1399,28,circle,336,79,31803,confirmed,1.0
1399,29,trapezoid,1590,415,27092,confirmed,1.0
1400,23,pentagon,1458,701,36167,confirmed,1.0
1400,25,rectangle,882,144,29575,confirmed,0.956
1400,26,triangle,105,266,20745,confirmed,0.956
1400,28,circle,326,110,32394,confirmed,1.0
1400,29,trapezoid,1586,376,27132,confirmed,1.0
1401,23,pentagon,1429,695,36329,confirmed,1.0
1401,25,rectangle,906,144,29861,confirmed,0.956
1401,26,triangle,104,252,20661,confirmed,0.956
1401,28,circle,316,138,32404,confirmed,1.0
1401,29,trapezoid,1583,338,27211,confirmed,1.0
1402,23,pentagon,1401,687,36197,confirmed,1.0
1402,25,rectangle,928,146,29575,confirmed,0.956
1402,26,triangle,103,238,20618,confirmed,0.956
1402,28,circle,307,164,32401,confirmed,1.0
1402,29,trapezoid,1580,300,27158,confirmed,1.0
1403,23,pentagon,1374,679,36285,confirmed,1.0
1403,25,rectangle,950,146,29575,confirmed,0.956
1403,26,triangle,103,224,20496,confirmed,0.956
1403,28,circle,300,188,32374,confirmed,1.0
1403,29,trapezoid,1576,262,27222,confirmed,1.0
1404,23,pentagon,1349,670,36201,confirmed,1.0
1404,25,rectangle,974,146,29861,confirmed,0.956
1404,26,triangle,109,212,20721,confirmed,0.978
1404,28,circle,298,213,32382,confirmed,1.0
1404,29,trapezoid,1572,224,27132,confirmed,1.0
1405,23,pentagon,1324,659,36153,confirmed,1.0
1405,25,rectangle,995,149,29575,confirmed,0.956
1405,26,triangle,122,201,19826,confirmed,0.978
1405,28,circle,302,238,32351,confirmed,1.0
1405,29,trapezoid,1563,186,27136,confirmed,1.0
1406,23,pentagon,1301,649,36300,confirmed,1.0
1406,25,rectangle,1014,153,29861,confirmed,0.956
1406,26,triangle,144,200,19326,confirmed,0.956
1406,28,circle,316,261,32382,confirmed,1.0
1406,29,trapezoid,1555,150,27095,confirmed,1.0
1407,23,pentagon,1278,637,36167,confirmed,1.0
1407,25,rectangle,1034,161,29575,confirmed,0.956
1407,26,triangle,168,205,19700,confirmed,0.933
1407,28,circle,341,282,32392,confirmed,1.0
1407,29,trapezoid,1538,175,27119,confirmed,1.0
1408,23,pentagon,1257,625,36158,confirmed,1.0
1408,25,rectangle,1053,168,29861,confirmed,0.956
1408,26,triangle,194,212,20124,confirmed,0.933
1408,28,circle,378,297,32387,confirmed,1.0
1408,29,trapezoid,1522,215,27088,confirmed,1.0
1409,23,pentagon,1236,613,36176,confirmed,1.0
1409,25,rectangle,1070,176,29575,confirmed,0.956
1409,26,triangle,219,219,20606,confirmed,0.933
1409,28,circle,420,306,32400,confirmed,1.0
1409,29,trapezoid,1507,258,27133,confirmed,1.0
1410,23,pentagon,1217,601,36277,confirmed,1.0
1410,25,rectangle,1087,184,29575,confirmed,0.956
1410,26,triangle,240,226,20805,confirmed,0.933
1410,28,circle,462,315,32415,confirmed,1.0
1410,29,trapezoid,1493,298,27077,confirmed,1.0
1411,23,pentagon,1198,588,36347,confirmed,1.0
1411,25,rectangle,1101,192,29861,confirmed,0.956
1411,26,triangle,260,233,20841,confirmed,0.933
1411,28,circle,506,314,32391,confirmed,1.0
1411,29,trapezoid,1479,335,27111,confirmed,1.0
1412,23,pentagon,1180,575,36218,confirmed,1.0
1412,25,rectangle,1115,202,29861,confirmed,0.956
1412,26,triangle,278,242,20827,confirmed,0.933
1412,28,circle,551,312,32414,confirmed,1.0
1412,29,trapezoid,1464,374,27098,confirmed,1.0
1413,23,pentagon,1163,561,36112,confirmed,1.0
1413,25,rectangle,1128,212,29575,confirmed,0.956
1413,26,triangle,296,250,20793,confirmed,0.933
1413,28,circle,595,306,32393,confirmed,1.0
1413,29,trapezoid,1449,413,27137,confirmed,1.0
1414,23,pentagon,1146,548,36351,confirmed,1.0
1414,25,rectangle,1141,222,29575,confirmed,0.956
1414,26,triangle,314,258,20782,confirmed,0.933
1414,28,circle,632,293,32412,confirmed,1.0
1414,29,trapezoid,1435,451,27176,confirmed,1.0
1415,23,pentagon,1131,534,36321,confirmed,1.0
1415,25,rectangle,1152,232,29575,confirmed,0.956
1415,26,triangle,331,266,20565,confirmed,0.956
1415,28,circle,661,273,32353,confirmed,1.0
1415,29,trapezoid,1420,488,27164,confirmed,1.0
1416,23,pentagon,1116,521,36322,confirmed,1.0
1416,25,rectangle,1163,242,29861,confirmed,0.956
1416,26,triangle,344,276,20455,confirmed,0.956
1416,28,circle,682,250,32385,confirmed,1.0
1416,29,trapezoid,1406,524,27148,confirmed,1.0
1417,23,pentagon,1102,507,36307,confirmed,1.0
1417,25,rectangle,1172,252,29861,confirmed,0.956
1417,26,triangle,355,288,20636,confirmed,0.956
1417,28,circle,696,226,32445,confirmed,1.0
1417,29,trapezoid,1390,561,27162,confirmed,1.0
1418,23,pentagon,1087,493,36304,confirmed,1.0
1418,25,rectangle,1182,264,29575,confirmed,0.956
1418,26,triangle,363,300,20631,confirmed,0.956
1418,28,circle,701,201,32365,confirmed,1.0
1418,29,trapezoid,1372,598,27154,confirmed,1.0
1419,23,pentagon,1073,479,36226,confirmed,1.0
1419,25,rectangle,1192,274,29575,confirmed,0.956
1419,26,triangle,371,312,20645,confirmed,0.956
1419,28,circle,692,176,32396,confirmed,1.0
1419,29,trapezoid,1354,634,27037,confirmed,1.0
1420,23,pentagon,1059,465,36195,confirmed,1.0
1420,25,rectangle,1200,284,29861,confirmed,0.956
1420,26,triangle,377,324,20615,confirmed,0.956
1420,28,circle,668,155,32393,confirmed,1.0
1420,29,trapezoid,1337,671,27116,confirmed,1.0
1421,23,pentagon,1045,451,36224,confirmed,1.0
1421,25,rectangle,1208,295,29530,confirmed,0.956
1421,26,triangle,382,336,20572,confirmed,0.956
1421,28,circle,630,142,32377,confirmed,1.0
1421,29,trapezoid,1319,708,27149,confirmed,1.0
1422,23,pentagon,1031,437,36176,confirmed,1.0
1422,25,rectangle,1216,306,29804,confirmed,0.956
1422,26,triangle,387,348,20537,confirmed,0.956
1422,28,circle,584,137,32399,confirmed,1.0
1422,29,trapezoid,1302,745,27157,confirmed,1.0
1423,23,pentagon,1018,423,36183,confirmed,1.0
1423,25,rectangle,1222,318,29575,confirmed,0.956
1423,26,triangle,389,361,20416,confirmed,0.956
1423,28,circle,538,135,32395,confirmed,1.0
1423,29,trapezoid,1284,781,27083,confirmed,1.0
1424,23,pentagon,1004,409,36088,confirmed,1.0
1424,25,rectangle,1230,328,29575,confirmed,0.956
1424,26,triangle,389,374,20763,confirmed,0.956
1424,28,circle,501,147,32420,confirmed,1.0
1424,29,trapezoid,1266,818,27152,confirmed,1.0
1425,23,pentagon,991,396,36352,confirmed,1.0
1425,25,rectangle,1236,338,29861,confirmed,0.956
1425,26,triangle,389,386,20731,confirmed,0.956
1425,28,circle,472,166,32396,confirmed,1.0
1425,29,trapezoid,1249,855,27167,confirmed,1.0
1426,23,pentagon,978,383,36294,confirmed,1.0
1426,25,rectangle,1244,350,29575,confirmed,0.956
1426,26,triangle,390,398,20611,confirmed,0.956
1426,28,circle,444,187,32391,confirmed,1.0
1426,29,trapezoid,1232,892,27162,confirmed,1.0
1427,23,pentagon,965,369,36179,confirmed,1.0
1427,25,rectangle,1250,360,29861,confirmed,0.956
1427,26,triangle,386,412,20213,confirmed,0.956
1427,28,circle,416,207,32368,confirmed,1.0
1427,29,trapezoid,1220,880,27083,confirmed,1.0
1428,23,pentagon,951,355,36138,confirmed,1.0
1428,25,rectangle,1258,370,29861,confirmed,0.956
1428,26,triangle,382,427,19813,confirmed,0.933
1428,28,circle,389,227,32422,confirmed,1.0
1428,29,trapezoid,1210,843,27068,confirmed,1.0
1429,23,pentagon,938,342,36316,confirmed,1.0
1429,25,rectangle,1264,382,29575,confirmed,0.956
1429,26,triangle,377,440,19477,confirmed,0.911
1429,28,circle,362,247,32378,confirmed,1.0
1429,29,trapezoid,1200,800,27161,confirmed,1.0
1430,23,pentagon,925,329,36220,confirmed,1.0
1430,25,rectangle,1272,392,29575,confirmed,0.956
1430,26,triangle,372,453,19273,confirmed,0.889
1430,28,circle,338,268,32380,confirmed,1.0
1430,29,trapezoid,1190,767,27254,confirmed,1.0
1431,23,pentagon,911,315,36045,confirmed,1.0
1431,25,rectangle,1280,402,29861,confirmed,0.956
1431,26,triangle,368,466,19209,confirmed,0.867
1431,28,circle,315,289,32356,confirmed,1.0
1431,29,trapezoid,1180,730,27219,confirmed,1.0
1432,23,pentagon,897,303,36179,confirmed,1.0
1432,25,rectangle,1288,412,29861,confirmed,0.956
1432,26,triangle,363,477,18803,confirmed,0.844
1432,28,circle,295,311,32362,confirmed,1.0
1432,29,trapezoid,1171,691,27191,confirmed,1.0
1433,23,pentagon,883,291,36337,confirmed,1.0
1433,25,rectangle,1296,422,29861,confirmed,0.978
1433,26,triangle,359,488,18945,confirmed,0.844
1433,28,circle,276,334,32356,confirmed,1.0
1433,29,trapezoid,1162,650,27133,confirmed,1.0
1434,23,pentagon,868,278,36311,confirmed,1.0
1434,25,rectangle,1304,432,29813,confirmed,0.978
1434,26,triangle,355,498,19284,confirmed,0.844
1434,28,circle,259,357,32360,confirmed,1.0
1434,29,trapezoid,1154,605,27044,confirmed,1.0
1435,23,pentagon,852,266,36324,confirmed,1.0
1435,25,rectangle,1312,442,29845,confirmed,0.978
1435,26,triangle,351,508,19379,confirmed,0.844
1435,28,circle,246,381,32344,confirmed,1.0
1435,29,trapezoid,1145,566,27116,confirmed,1.0
1436,23,pentagon,836,255,36325,confirmed,1.0
1436,25,rectangle,1318,452,29861,confirmed,0.978
1436,26,triangle,347,518,18378,confirmed,0.844
1436,28,circle,241,405,32411,confirmed,1.0
1436,29,trapezoid,1137,528,27095,confirmed,1.0
1437,23,pentagon,819,243,36212,confirmed,1.0
1437,25,rectangle,1326,462,29861,confirmed,0.978
1437,26,triangle,343,528,17526,confirmed,0.844
1437,28,circle,238,430,32368,confirmed,1.0
1437,29,trapezoid,1128,491,27107,confirmed,1.0
1438,23,pentagon,802,233,36349,confirmed,1.0
1438,25,rectangle,1335,472,29575,confirmed,1.0
1438,26,triangle,341,543,14706,confirmed,0.844
1438,28,circle,248,452,32366,confirmed,1.0
1438,29,trapezoid,1119,452,27152,confirmed,1.0
1439,23,pentagon,784,222,36322,confirmed,1.0
1439,25,rectangle,1344,482,29575,confirmed,1.0
1439,26,triangle,340,563,10878,confirmed,0.844
1439,28,circle,273,473,32328,confirmed,1.0
1439,29,trapezoid,1110,416,27122,confirmed,1.0
1440,23,pentagon,765,212,36323,confirmed,1.0
1440,25,rectangle,1354,490,29861,confirmed,1.0
1440,26,triangle,338,585,8163,confirmed,0.844
1440,28,circle,308,489,32370,confirmed,1.0
1440,29,trapezoid,1101,378,27259,confirmed,1.0
1441,23,pentagon,745,203,36157,confirmed,1.0
1441,25,rectangle,1362,500,29861,confirmed,1.0
1441,26,triangle,332,605,8583,confirmed,0.844
1441,28,circle,350,499,32390,confirmed,1.0
1441,29,trapezoid,1093,340,27244,confirmed,1.0
1442,23,pentagon,722,197,36088,confirmed,1.0
1442,25,rectangle,1370,510,29575,confirmed,1.0
1442,26,triangle,326,618,12176,confirmed,0.844
1442,28,circle,394,506,32368,confirmed,1.0
1442,29,trapezoid,1084,303,27223,confirmed,1.0
1443,23,pentagon,697,194,36144,confirmed,1.0
1443,25,rectangle,1380,518,29861,confirmed,1.0
1443,26,triangle,323,620,18650,confirmed,0.844
1443,28,circle,439,507,32437,confirmed,1.0
1443,29,trapezoid,1076,265,27137,confirmed,1.0
1444,23,pentagon,672,194,36208,confirmed,1.0
1444,25,rectangle,1388,528,29861,confirmed,1.0
1444,26,triangle,322,611,20737,confirmed,0.844
1444,28,circle,483,503,32425,confirmed,1.0
1444,29,trapezoid,1068,227,27134,confirmed,1.0
1445,23,pentagon,646,193,36121,confirmed,1.0
1445,25,rectangle,1398,536,29861,confirmed,1.0
1445,26,triangle,321,615,20521,confirmed,0.844
1445,28,circle,528,498,32406,confirmed,1.0
1445,29,trapezoid,1060,189,27088,confirmed,1.0
1446,23,pentagon,623,196,36224,confirmed,1.0
1446,25,rectangle,1408,546,29575,confirmed,1.0
1446,26,triangle,318,626,20676,confirmed,0.844
1446,28,circle,534,481,32381,confirmed,1.0
1446,29,trapezoid,1051,151,27162,confirmed,1.0
1447,23,pentagon,601,202,36121,confirmed,1.0
1447,25,rectangle,1416,554,29861,confirmed,1.0
1447,26,triangle,318,638,20466,confirmed,0.844
1447,28,circle,502,465,32434,confirmed,1.0
1447,29,trapezoid,1042,117,27148,confirmed,1.0
1448,23,pentagon,579,210,36300,confirmed,1.0
1448,25,rectangle,1426,564,29575,confirmed,1.0
1448,26,triangle,317,649,20675,confirmed,0.844
1448,28,circle,457,465,32374,confirmed,1.0
1448,29,trapezoid,1029,143,27069,confirmed,1.0
1449,23,pentagon,558,217,36079,confirmed,1.0
1449,25,rectangle,1436,572,29575,confirmed,1.0
1449,26,triangle,316,661,20499,confirmed,0.844
1449,28,circle,420,481,32398,confirmed,1.0
1449,29,trapezoid,1015,184,27063,confirmed,1.0
1450,23,pentagon,539,226,36245,confirmed,1.0
1450,25,rectangle,1446,580,29861,confirmed,1.0
1450,26,triangle,315,675,19952,confirmed,0.844
1450,28,circle,393,503,32395,confirmed,1.0
1450,29,trapezoid,1000,227,27110,confirmed,1.0
1451,23,pentagon,523,236,36215,confirmed,1.0
1451,25,rectangle,1458,588,29861,confirmed,1.0
1451,26,triangle,313,692,18254,confirmed,0.822
1451,28,circle,369,526,32400,confirmed,1.0
1451,29,trapezoid,987,262,27121,confirmed,1.0
1452,23,pentagon,509,247,36340,confirmed,1.0
1452,25,rectangle,1470,596,29575,confirmed,1.0
1452,26,triangle,312,707,17070,confirmed,0.822
1452,28,circle,352,550,32399,confirmed,1.0
1452,29,trapezoid,973,299,27158,confirmed,1.0
1453,23,pentagon,496,259,36159,confirmed,1.0
1453,25,rectangle,1482,602,29861,confirmed,1.0
1453,26,triangle,311,722,15335,confirmed,0.822
1453,28,circle,341,574,32411,confirmed,1.0
1453,29,trapezoid,958,343,27146,confirmed,1.0
1454,23,pentagon,484,271,36166,confirmed,1.0
1454,25,rectangle,1494,610,29575,confirmed,1.0
1454,26,triangle,310,738,13545,confirmed,0.822
1454,28,circle,330,599,32347,confirmed,1.0
1454,29,trapezoid,944,382,27197,confirmed,1.0
1455,23,pentagon,474,283,36165,confirmed,1.0
1455,25,rectangle,1508,616,29861,confirmed,1.0
1455,26,triangle,309,753,12102,confirmed,0.822
1455,28,circle,321,623,32376,confirmed,1.0
1455,29,trapezoid,930,419,27112,confirmed,1.0
1456,23,pentagon,465,295,36078,confirmed,1.0
1456,25,rectangle,1522,622,29575,confirmed,1.0
1456,26,triangle,309,769,10106,confirmed,0.822
1456,28,circle,316,648,32330,confirmed,1.0
1456,29,trapezoid,916,457,27092,confirmed,1.0
1457,23,pentagon,458,308,36306,confirmed,1.0
1457,25,rectangle,1537,627,29861,confirmed,1.0
1457,26,triangle,310,784,8000,confirmed,0.822
1457,28,circle,317,673,32334,confirmed,1.0
1457,29,trapezoid,902,495,27109,confirmed,1.0
1458,23,pentagon,451,321,36237,confirmed,1.0
1458,25,rectangle,1554,630,29861,confirmed,1.0
1458,26,triangle,310,799,8000,coasting,0.822
1458,28,circle,325,697,32391,confirmed,1.0
1458,29,trapezoid,888,531,27091,confirmed,1.0
1459,23,pentagon,443,333,36203,confirmed,1.0
1459,25,rectangle,1570,634,29575,confirmed,1.0
1459,26,triangle,294,811,4227,confirmed,0.822
1459,28,circle,344,720,32326,confirmed,1.0
1459,29,trapezoid,874,568,27050,confirmed,1.0
1460,23,pentagon,435,345,36164,confirmed,1.0
1460,25,rectangle,1586,636,29861,confirmed,1.0
1460,26,triangle,280,817,5852,confirmed,0.822
1460,28,circle,372,740,32339,confirmed,1.0
1460,29,trapezoid,860,605,27060,confirmed,1.0
1461,23,pentagon,428,357,36113,confirmed,1.0
1461,25,rectangle,1602,637,29861,confirmed,1.0
1461,26,triangle,279,812,11479,confirmed,0.822
1461,28,circle,407,755,32336,confirmed,1.0
1461,29,trapezoid,846,643,27098,confirmed,1.0
1462,23,pentagon,421,370,36088,confirmed,1.0
1462,25,rectangle,1620,637,29575,confirmed,1.0
1462,26,triangle,288,808,17588,confirmed,0.822
1462,28,circle,449,763,32362,confirmed,1.0
1462,29,trapezoid,832,680,27072,confirmed,1.0
1463,23,pentagon,419,383,36237,confirmed,1.0
1463,25,rectangle,1636,635,29861,confirmed,1.0
1463,26,triangle,315,808,20680,confirmed,0.822
1463,28,circle,494,764,32374,confirmed,1.0
1463,29,trapezoid,817,717,27110,confirmed,1.0
1464,23,pentagon,417,395,36126,confirmed,1.0
1464,25,rectangle,1652,634,29575,confirmed,1.0
1464,26,triangle,327,816,20725,confirmed,0.822
1464,28,circle,540,763,32386,confirmed,1.0
1464,29,trapezoid,803,754,27084,confirmed,1.0
1465,23,pentagon,416,408,36328,confirmed,1.0
1465,25,rectangle,1668,632,29575,confirmed,1.0
1465,26,triangle,336,825,20575,confirmed,0.822
1465,28,circle,579,753,32342,confirmed,1.0
1465,29,trapezoid,789,791,26994,confirmed,1.0
1466,23,pentagon,416,421,36242,confirmed,1.0
1466,25,rectangle,1684,629,29861,confirmed,1.0
1466,26,triangle,348,833,20813,confirmed,0.822
1466,28,circle,609,735,31883,confirmed,1.0
1466,29,trapezoid,774,828,27008,confirmed,1.0
1467,23,pentagon,415,433,36158,confirmed,1.0
1467,25,rectangle,1700,624,29861,confirmed,1.0
1467,26,triangle,362,839,20422,confirmed,0.822
1467,28,circle,611,711,32397,confirmed,1.0
1467,29,trapezoid,760,865,27083,confirmed,1.0
1468,23,pentagon,414,445,36108,confirmed,1.0
1468,25,rectangle,1713,620,29575,confirmed,1.0
1468,26,triangle,377,844,20571,confirmed,0.822
1468,28,circle,594,687,32370,confirmed,1.0
1468,29,trapezoid,747,903,27063,confirmed,1.0
1469,23,pentagon,414,458,36361,confirmed,1.0
1469,25,rectangle,1725,614,29575,confirmed,1.0
1469,26,triangle,392,850,20778,confirmed,0.822
1469,28,circle,561,668,32411,confirmed,1.0
1469,29,trapezoid,734,935,27113,confirmed,1.0
1470,23,pentagon,415,471,36274,confirmed,1.0
1470,25,rectangle,1736,607,29861,confirmed,1.0
1470,26,triangle,408,854,20659,confirmed,0.822
1470,28,circle,516,663,32265,confirmed,1.0
1470,29,trapezoid,725,911,27080,confirmed,1.0
1471,23,pentagon,418,483,36273,confirmed,1.0
1471,25,rectangle,1747,600,29575,confirmed,1.0
1471,26,triangle,424,862,19814,confirmed,0.8
1471,28,circle,471,671,31367,confirmed,1.0
1471,29,trapezoid,717,870,26994,confirmed,1.0
1472,23,pentagon,421,495,36218,confirmed,1.0
1472,25,rectangle,1758,594,29575,confirmed,1.0
1472,26,triangle,440,868,18969,confirmed,0.8
1472,28,circle,427,683,30868,confirmed,1.0
1472,29,trapezoid,713,826,27048,confirmed,1.0
1473,23,pentagon,426,507,36263,confirmed,1.0
1473,25,rectangle,1767,586,29575,confirmed,1.0
1473,26,triangle,458,871,19175,confirmed,0.8
1473,28,circle,393,699,31394,confirmed,1.0
1473,29,trapezoid,709,785,27048,confirmed,1.0
1474,23,pentagon,433,518,36351,confirmed,1.0
1474,25,rectangle,1776,578,29861,confirmed,1.0
1474,26,triangle,474,866,20313,confirmed,0.8
1474,28,circle,366,718,32195,confirmed,1.0
1474,29,trapezoid,706,745,27012,confirmed,1.0
1475,23,pentagon,444,528,36318,confirmed,1.0
1475,25,rectangle,1786,572,29575,confirmed,1.0
1475,26,triangle,491,863,20511,confirmed,0.8
1475,28,circle,344,739,32396,confirmed,1.0
1475,29,trapezoid,702,706,27041,confirmed,1.0
1476,23,pentagon,458,537,36230,confirmed,1.0
1476,25,rectangle,1794,564,29861,confirmed,1.0
1476,26,triangle,508,863,20434,confirmed,0.8
1476,28,circle,330,763,32394,confirmed,1.0
1476,29,trapezoid,699,668,27111,confirmed,1.0
1477,23,pentagon,474,544,36106,confirmed,1.0
1477,25,rectangle,1802,556,29861,confirmed,1.0
1477,26,triangle,525,864,20762,confirmed,0.8
1477,28,circle,320,787,32384,confirmed,1.0
1477,29,trapezoid,695,630,27054,confirmed,1.0
1478,23,pentagon,494,550,36239,confirmed,1.0
1478,25,rectangle,1810,550,29575,confirmed,1.0
1478,26,triangle,541,864,20754,confirmed,0.8
1478,28,circle,315,812,32387,confirmed,1.0
1478,29,trapezoid,691,592,27056,confirmed,1.0
1479,23,pentagon,514,554,36180,confirmed,1.0
1479,25,rectangle,1818,542,29575,confirmed,1.0
1479,26,triangle,557,862,20660,confirmed,0.8
1479,28,circle,318,838,32374,confirmed,1.0
1479,29,trapezoid,690,553,23312,confirmed,1.0
1480,23,pentagon,534,557,36221,confirmed,1.0
1480,25,rectangle,1824,534,29861,confirmed,1.0
1480,26,triangle,573,860,20626,confirmed,0.8
1480,28,circle,329,862,32372,confirmed,1.0
1480,29,trapezoid,692,514,21368,confirmed,1.0
1481,23,pentagon,553,561,36171,confirmed,1.0
1481,25,rectangle,1832,526,29861,confirmed,1.0
1481,26,triangle,589,858,20609,confirmed,0.8
1481,28,circle,348,885,32390,confirmed,1.0
1481,29,trapezoid,693,473,21649,confirmed,1.0
1482,23,pentagon,572,565,36150,confirmed,1.0
1482,25,rectangle,1838,518,29861,confirmed,1.0
1482,26,triangle,605,856,20576,confirmed,0.8
1482,28,circle,375,905,32384,confirmed,1.0
1482,29,trapezoid,689,434,23739,confirmed,0.978
1483,23,pentagon,592,569,36150,confirmed,1.0
1483,25,rectangle,1845,510,30665,confirmed,1.0
1483,26,triangle,621,854,20623,confirmed,0.8
1483,28,circle,408,922,32389,confirmed,1.0
1483,29,trapezoid,683,397,26078,confirmed,0.978
1484,23,pentagon,611,573,36163,confirmed,1.0
1484,25,rectangle,1851,503,29588,confirmed,1.0
1484,26,triangle,637,852,20432,confirmed,0.8
1484,28,circle,444,936,32402,confirmed,1.0
1484,29,trapezoid,673,363,26994,confirmed,0.978
1485,23,pentagon,630,577,36336,confirmed,1.0
1485,25,rectangle,1855,495,28346,confirmed,1.0
1485,26,triangle,655,848,20067,confirmed,0.778
1485,28,circle,483,949,32347,confirmed,1.0
1485,29,trapezoid,668,326,27064,confirmed,0.978
1486,23,pentagon,649,579,36203,confirmed,1.0
1486,25,rectangle,1857,488,27518,confirmed,1.0
1486,26,triangle,672,844,19260,confirmed,0.756
1486,28,circle,524,960,32386,confirmed,1.0
1486,29,trapezoid,663,288,27068,confirmed,0.978
1487,23,pentagon,669,581,36218,confirmed,1.0
1487,25,rectangle,1859,480,26690,confirmed,1.0
1487,26,triangle,688,839,18960,confirmed,0.733
1487,28,circle,564,970,32385,confirmed,1.0
1487,29,trapezoid,656,251,27109,confirmed,0.978
1488,23,pentagon,688,583,36154,confirmed,1.0
1488,25,rectangle,1860,472,25862,confirmed,1.0
1488,26,triangle,704,835,18344,confirmed,0.733
1488,28,circle,605,979,32458,confirmed,1.0
1488,29,trapezoid,646,223,27155,confirmed,0.978
1489,23,pentagon,708,585,36261,confirmed,1.0
1489,25,rectangle,1861,465,24620,confirmed,1.0
1489,26,triangle,719,830,17297,confirmed,0.733
1489,28,circle,650,974,32366,confirmed,1.0
1489,29,trapezoid,628,261,27108,confirmed,0.978
1490,23,pentagon,727,586,36316,confirmed,1.0
1490,25,rectangle,1863,456,24022,confirmed,1.0
1490,26,triangle,731,826,16910,confirmed,0.733
1490,28,circle,694,969,32321,confirmed,1.0
1490,29,trapezoid,613,305,27112,confirmed,0.978
1491,23,pentagon,747,587,36157,confirmed,1.0
1491,25,rectangle,1864,448,23186,confirmed,1.0
1491,26,triangle,742,823,17252,confirmed,0.733
1491,28,circle,739,965,32371,confirmed,1.0
1491,29,trapezoid,600,348,27063,confirmed,0.978
1492,23,pentagon,766,588,36302,confirmed,1.0
1492,25,rectangle,1866,440,22350,confirmed,1.0
1492,26,triangle,750,818,17202,confirmed,0.733
1492,28,circle,782,960,32318,confirmed,1.0
1492,29,trapezoid,587,388,27042,confirmed,0.978
1493,23,pentagon,785,589,36183,confirmed,1.0
1493,25,rectangle,1867,433,21308,confirmed,1.0
1493,26,triangle,758,812,17559,confirmed,0.733
1493,28,circle,824,952,32380,confirmed,1.0
1493,29,trapezoid,574,427,27073,confirmed,0.978
1494,23,pentagon,804,590,36341,confirmed,1.0
1494,25,rectangle,1870,425,20066,confirmed,1.0
1494,26,triangle,766,806,17725,confirmed,0.733
1494,28,circle,863,940,32382,confirmed,1.0
1494,29,trapezoid,561,465,27056,confirmed,0.978
1495,23,pentagon,823,591,36202,confirmed,1.0
1495,25,rectangle,1872,418,19424,confirmed,1.0
1495,26,triangle,776,801,17978,confirmed,0.711
1495,28,circle,898,925,32349,confirmed,1.0
1495,29,trapezoid,549,502,27013,confirmed,0.978
1496,23,pentagon,842,591,36083,confirmed,1.0
1496,25,rectangle,1875,410,18588,confirmed,1.0
1496,26,triangle,788,798,18232,confirmed,0.689
1496,28,circle,929,907,32348,confirmed,1.0
1496,29,trapezoid,536,540,27067,confirmed,0.978
1497,23,pentagon,860,591,36219,confirmed,1.0
1497,25,rectangle,1877,403,17582,confirmed,1.0
1497,26,triangle,802,795,18381,confirmed,0.667
1497,28,circle,957,887,32373,confirmed,1.0
1497,29,trapezoid,522,577,27020,confirmed,0.978
1498,23,pentagon,878,589,36165,confirmed,1.0
1498,25,rectangle,1879,396,16916,confirmed,1.0
1498,26,triangle,817,793,18646,confirmed,0.644
1498,28,circle,984,868,32443,confirmed,1.0
1498,29,trapezoid,507,614,27027,confirmed,0.978
1499,23,pentagon,896,587,36154,confirmed,1.0
1499,25,rectangle,1881,388,16080,confirmed,1.0
1499,26,triangle,832,790,18801,confirmed,0.622
1499,28,circle,1007,847,32471,confirmed,1.0
1499,29,trapezoid,492,651,27021,confirmed,0.978
1500,23,pentagon,915,585,36159,confirmed,1.0
1500,25,rectangle,1883,381,15098,confirmed,1.0
1500,26,triangle,844,788,18955,confirmed,0.6
1500,28,circle,1023,823,32396,confirmed,1.0
1500,29,trapezoid,476,688,27041,confirmed,0.978
1501,23,pentagon,932,583,36131,confirmed,1.0
1501,25,rectangle,1885,374,14408,confirmed,1.0
1501,26,triangle,858,784,18756,confirmed,0.6
1501,28,circle,1034,799,32376,confirmed,1.0
1501,29,trapezoid,461,725,27077,confirmed,0.978
1502,23,pentagon,950,581,36216,confirmed,1.0
1502,25,rectangle,1887,367,13442,confirmed,1.0
1502,26,triangle,872,781,19158,confirmed,0.6
1502,28,circle,1043,775,32047,confirmed,1.0
1502,29,trapezoid,446,762,27047,confirmed,0.978
1503,23,pentagon,968,579,36202,confirmed,1.0
1503,25,rectangle,1889,360,12736,confirmed,1.0
1503,26,triangle,883,777,17094,confirmed,0.6
1503,28,circle,1040,782,32377,confirmed,1.0
1503,29,trapezoid,430,799,27035,confirmed,0.978
1504,23,pentagon,985,577,36297,confirmed,1.0
1504,25,rectangle,1891,353,11900,confirmed,1.0
1504,26,triangle,894,772,16640,confirmed,0.6
1504,28,circle,1041,805,32347,confirmed,1.0
1504,29,trapezoid,415,836,27123,confirmed,0.978
1505,23,pentagon,1002,574,36349,confirmed,1.0
1505,25,rectangle,1893,346,10958,confirmed,1.0
1505,26,triangle,906,768,17582,confirmed,0.6
1505,28,circle,1055,831,32374,confirmed,1.0
1505,29,trapezoid,400,873,27100,confirmed,0.978
1506,23,pentagon,1019,571,36223,confirmed,1.0
1506,25,rectangle,1895,338,10228,confirmed,1.0
1506,26,triangle,921,765,18878,confirmed,0.6
1506,28,circle,1074,857,32400,confirmed,1.0
1506,29,trapezoid,391,872,27025,confirmed,0.978
1507,23,pentagon,1035,567,36249,confirmed,1.0
1507,25,rectangle,1897,331,9392,confirmed,1.0
1507,26,triangle,938,764,19681,confirmed,0.6
1507,28,circle,1093,880,32375,confirmed,1.0
1507,29,trapezoid,389,837,27066,confirmed,0.978
1508,23,pentagon,1049,562,36348,confirmed,1.0
1508,25,rectangle,1899,325,8474,confirmed,1.0
1508,26,triangle,955,764,20519,confirmed,0.622
1508,28,circle,1118,902,32417,confirmed,1.0
1508,29,trapezoid,390,795,27041,confirmed,0.978
1509,23,pentagon,1062,554,36103,confirmed,1.0
1509,25,rectangle,1901,318,7720,confirmed,1.0
1509,26,triangle,969,762,20775,confirmed,0.644
1509,28,circle,1148,920,32400,confirmed,1.0
1509,29,trapezoid,393,752,27124,confirmed,0.978
1510,23,pentagon,1073,547,36260,confirmed,1.0
1510,25,rectangle,1902,312,7646,confirmed,1.0
1510,26,triangle,981,760,20642,confirmed,0.644
1510,28,circle,1184,934,32382,confirmed,1.0
1510,29,trapezoid,395,712,27077,confirmed,0.978
1511,23,pentagon,1084,539,36178,confirmed,1.0
1511,25,rectangle,1903,305,7646,confirmed,1.0
1511,26,triangle,995,760,20543,confirmed,0.644
1511,28,circle,1225,946,32397,confirmed,1.0
1511,29,trapezoid,398,672,27060,confirmed,0.978
1512,23,pentagon,1095,533,36337,confirmed,1.0
1512,25,rectangle,1903,297,7302,confirmed,1.0
1512,26,triangle,1008,760,20539,confirmed,0.644
1512,28,circle,1266,954,32390,confirmed,1.0
1512,29,trapezoid,399,634,27066,confirmed,0.978
1513,23,pentagon,1106,525,36206,confirmed,1.0
1513,25,rectangle,1903,290,7232,confirmed,1.0
1513,26,triangle,1022,761,20402,confirmed,0.644
1513,28,circle,1309,962,32358,confirmed,1.0
1513,29,trapezoid,401,596,27044,confirmed,0.978
1514,23,pentagon,1117,518,36392,confirmed,1.0
1514,25,rectangle,1903,283,7232,confirmed,1.0
1514,26,triangle,1035,762,20603,confirmed,0.644
1514,28,circle,1350,971,32414,confirmed,1.0
1514,29,trapezoid,403,558,27083,confirmed,0.978
1515,23,pentagon,1128,511,36235,confirmed,1.0
1515,25,rectangle,1903,276,7302,confirmed,1.0
1515,26,triangle,1047,764,20545,confirmed,0.644
1515,28,circle,1393,971,32377,confirmed,1.0
1515,29,trapezoid,404,520,27029,confirmed,0.978
1516,23,pentagon,1139,503,36083,confirmed,1.0
1516,25,rectangle,1902,269,7232,confirmed,1.0
1516,26,triangle,1058,767,20539,confirmed,0.644
1516,28,circle,1436,965,32403,confirmed,1.0
1516,29,trapezoid,406,482,27094,confirmed,0.978
1517,23,pentagon,1149,497,36310,confirmed,1.0
1517,25,rectangle,1902,262,7302,confirmed,1.0
1517,26,triangle,1068,773,20806,confirmed,0.644
1517,28,circle,1479,958,32409,confirmed,1.0
1517,29,trapezoid,408,444,27084,confirmed,0.978
1518,23,pentagon,1159,489,36153,confirmed,1.0
1518,25,rectangle,1902,256,7232,confirmed,1.0
1518,26,triangle,1077,778,20564,confirmed,0.667
1518,28,circle,1521,950,32360,confirmed,1.0
1518,29,trapezoid,409,406,27071,confirmed,0.978
1519,23,pentagon,1169,483,36291,confirmed,1.0
1519,25,rectangle,1902,249,7302,confirmed,1.0
1519,26,triangle,1086,784,20640,confirmed,0.667
1519,28,circle,1563,942,32427,confirmed,1.0
1519,29,trapezoid,411,368,27072,confirmed,0.978
1520,23,pentagon,1183,478,36265,confirmed,1.0
1520,25,rectangle,1902,242,7302,confirmed,1.0
1520,26,triangle,1093,790,20654,confirmed,0.667
1520,28,circle,1604,933,32490,confirmed,1.0
1520,29,trapezoid,412,330,27048,confirmed,0.978
1521,23,pentagon,1198,475,36116,confirmed,1.0
1521,25,rectangle,1901,235,7646,confirmed,1.0
1521,26,triangle,1099,796,20528,confirmed,0.667
1521,28,circle,1642,920,32427,confirmed,1.0
1521,29,trapezoid,412,292,27088,confirmed,0.978
1522,23,pentagon,1200,475,36093,confirmed,1.0
1522,25,rectangle,1901,229,7646,confirmed,1.0
1522,26,triangle,1103,803,20396,confirmed,0.667
1522,28,circle,1677,904,32406,confirmed,1.0
1522,29,trapezoid,411,253,27017,confirmed,0.978
1523,23,pentagon,1190,476,36241,confirmed,1.0
1523,25,rectangle,1901,222,8138,confirmed,1.0
1523,26,triangle,1106,810,20715,confirmed,0.667
1523,28,circle,1708,886,32394,confirmed,1.0
1523,29,trapezoid,411,215,27006,confirmed,0.978
1524,23,pentagon,1198,474,36205,confirmed,1.0
1524,25,rectangle,1899,216,8974,confirmed,1.0
1524,26,triangle,1110,816,20564,confirmed,0.667
1524,28,circle,1733,866,32421,confirmed,1.0
1524,29,trapezoid,410,177,27082,confirmed,0.978
1525,23,pentagon,1211,470,36166,confirmed,1.0
1525,25,rectangle,1898,210,9392,confirmed,1.0
1525,26,triangle,1113,823,20404,confirmed,0.667
1525,28,circle,1756,844,32372,confirmed,1.0
1525,29,trapezoid,402,173,27057,confirmed,0.978
1526,23,pentagon,1226,466,36329,confirmed,1.0
1526,25,rectangle,1896,203,10228,confirmed,1.0
1526,26,triangle,1116,830,20692,confirmed,0.667
1526,28,circle,1775,822,32377,confirmed,1.0
1526,29,trapezoid,392,205,27040,confirmed,0.978
1527,23,pentagon,1241,463,36233,confirmed,1.0
1527,25,rectangle,1894,197,11064,confirmed,1.0
1527,26,triangle,1118,836,20572,confirmed,0.689
1527,28,circle,1791,798,32395,confirmed,1.0
1527,29,trapezoid,381,248,27098,confirmed,0.978
1528,23,pentagon,1256,459,36122,confirmed,1.0
1528,25,rectangle,1892,192,11900,confirmed,1.0
1528,26,triangle,1121,843,20454,confirmed,0.711
1528,28,circle,1804,774,32405,confirmed,1.0
1528,29,trapezoid,370,290,27018,confirmed,0.978
1529,23,pentagon,1271,457,36270,confirmed,1.0
1529,25,rectangle,1890,186,12736,confirmed,1.0
1529,26,triangle,1124,850,20770,confirmed,0.733
1529,28,circle,1811,749,32428,confirmed,1.0
1529,29,trapezoid,359,330,27032,confirmed,0.978
1530,23,pentagon,1285,453,36149,confirmed,1.0
1530,25,rectangle,1887,181,13856,confirmed,1.0
1530,26,triangle,1127,856,20678,confirmed,0.733
1530,28,circle,1815,725,32408,confirmed,1.0
1530,29,trapezoid,349,369,27032,confirmed,1.0
1531,23,pentagon,1298,450,36333,confirmed,1.0
1531,25,rectangle,1884,175,14684,confirmed,1.0
1531,26,triangle,1130,862,20602,confirmed,0.733
1531,28,circle,1820,701,32511,confirmed,1.0
1531,29,trapezoid,339,407,27079,confirmed,1.0
1532,23,pentagon,1312,447,36214,confirmed,1.0
1532,25,rectangle,1881,170,16498,confirmed,1.0
1532,26,triangle,1134,868,20535,confirmed,0.733
1532,28,circle,1824,676,32547,confirmed,1.0
1532,29,trapezoid,329,445,27069,confirmed,1.0
1533,23,pentagon,1325,443,36115,confirmed,1.0
1533,25,rectangle,1878,165,17752,confirmed,1.0
1533,26,triangle,1137,874,20492,confirmed,0.733
1533,28,circle,1826,651,32476,confirmed,1.0
1533,29,trapezoid,319,482,27014,confirmed,1.0
1534,23,pentagon,1338,440,36056,confirmed,1.0
1534,25,rectangle,1874,161,19424,confirmed,1.0
1534,26,triangle,1141,881,20411,confirmed,0.733
1534,28,circle,1826,626,32429,confirmed,1.0
1534,29,trapezoid,309,520,27007,confirmed,1.0
1535,23,pentagon,1351,436,36084,confirmed,1.0
1535,25,rectangle,1870,157,21096,confirmed,1.0
1535,26,triangle,1145,887,20422,confirmed,0.733
1535,28,circle,1811,602,32412,confirmed,1.0
1535,29,trapezoid,298,557,27004,confirmed,1.0
1536,23,pentagon,1363,431,36056,confirmed,1.0
1536,25,rectangle,1866,153,23186,confirmed,1.0
1536,26,triangle,1149,893,20425,confirmed,0.733
1536,28,circle,1795,578,32406,confirmed,1.0
1536,29,trapezoid,286,595,27006,confirmed,1.0
1537,23,pentagon,1376,427,36071,confirmed,1.0
1537,25,rectangle,1861,150,24620,confirmed,1.0
1537,26,triangle,1153,899,20457,confirmed,0.733
1537,28,circle,1777,555,32398,confirmed,1.0
1537,29,trapezoid,274,632,26993,confirmed,1.0
1538,23,pentagon,1388,423,36122,confirmed,1.0
1538,25,rectangle,1856,147,26948,confirmed,1.0
1538,26,triangle,1157,905,20461,confirmed,0.733
1538,28,circle,1761,532,32403,confirmed,1.0
1538,29,trapezoid,262,670,27015,confirmed,1.0
1539,23,pentagon,1399,419,36161,confirmed,1.0
1539,25,rectangle,1851,144,28620,confirmed,1.0
1539,26,triangle,1162,910,20553,confirmed,0.733
1539,28,circle,1745,509,32394,confirmed,1.0
1539,29,trapezoid,250,707,26993,confirmed,1.0
1540,23,pentagon,1411,415,36195,confirmed,1.0
1540,25,rectangle,1846,142,30665,confirmed,1.0
1540,26,triangle,1168,916,20671,confirmed,0.733
1540,28,circle,1728,486,32409,confirmed,1.0
1540,29,trapezoid,238,745,27096,confirmed,1.0
1541,23,pentagon,1423,411,36213,confirmed,1.0
1541,25,rectangle,1835,143,29575,confirmed,1.0
1541,26,triangle,1173,921,20417,confirmed,0.756
1541,28,circle,1706,465,32439,confirmed,1.0
1541,29,trapezoid,226,782,27035,confirmed,1.0
1542,23,pentagon,1435,407,36173,confirmed,1.0
1542,25,rectangle,1825,142,29861,confirmed,1.0
1542,26,triangle,1179,926,20603,confirmed,0.778
1542,28,circle,1681,444,32459,confirmed,1.0
1542,29,trapezoid,216,820,27019,confirmed,1.0
1543,23,pentagon,1446,403,36160,confirmed,1.0
1543,25,rectangle,1814,142,29861,confirmed,1.0
1543,26,triangle,1186,931,20454,confirmed,0.8
1543,28,circle,1647,429,32229,confirmed,1.0
1543,29,trapezoid,208,857,27003,confirmed,1.0
1544,23,pentagon,1458,399,36173,confirmed,1.0
1544,25,rectangle,1804,142,29861,confirmed,1.0
1544,26,triangle,1194,935,20483,confirmed,0.822
1544,28,circle,1618,418,25626,confirmed,1.0
1544,29,trapezoid,206,845,27029,confirmed,1.0
1545,23,pentagon,1470,395,36092,confirmed,1.0
1545,25,rectangle,1794,144,29575,confirmed,1.0
1545,26,triangle,1204,938,20745,confirmed,0.844
1545,28,circle,1591,424,21537,confirmed,1.0
1545,29,trapezoid,208,808,26972,confirmed,1.0
1546,23,pentagon,1482,393,36271,confirmed,1.0
1546,25,rectangle,1784,144,29575,confirmed,1.0
1546,26,triangle,1214,940,20747,confirmed,0.867
1546,28,circle,1569,444,21436,confirmed,1.0
1546,29,trapezoid,212,765,27017,confirmed,1.0
1547,23,pentagon,1494,389,36081,confirmed,1.0
1547,25,rectangle,1774,144,29575,confirmed,1.0
1547,26,triangle,1224,941,20501,confirmed,0.889
1547,28,circle,1554,473,23320,confirmed,1.0
1547,29,trapezoid,219,723,27019,confirmed,1.0
1548,23,pentagon,1506,387,36136,confirmed,1.0
1548,25,rectangle,1766,146,29861,confirmed,1.0
1548,26,triangle,1234,942,20767,confirmed,0.911
1548,28,circle,1548,506,26014,confirmed,1.0
1548,29,trapezoid,225,682,26974,confirmed,1.0
1549,23,pentagon,1519,385,36037,confirmed,1.0
1549,25,rectangle,1758,149,29575,confirmed,1.0
1549,26,triangle,1244,942,20671,confirmed,0.933
1549,28,circle,1548,540,28715,confirmed,1.0
1549,29,trapezoid,231,643,27015,confirmed,1.0
1550,23,pentagon,1532,384,36192,confirmed,1.0
1550,25,rectangle,1750,152,29575,confirmed,1.0
1550,26,triangle,1255,942,20567,confirmed,0.956
1550,28,circle,1571,576,31135,confirmed,1.0
1550,29,trapezoid,237,606,27043,confirmed,1.0
1551,23,pentagon,1545,385,36180,confirmed,1.0
1551,25,rectangle,1742,154,29861,confirmed,1.0
1551,26,triangle,1265,942,20775,confirmed,0.978
1551,28,circle,1593,599,32387,confirmed,1.0
1551,29,trapezoid,242,568,27006,confirmed,1.0
1552,23,pentagon,1558,385,36079,confirmed,1.0
1552,25,rectangle,1734,156,29861,confirmed,1.0
1552,26,triangle,1274,940,20631,confirmed,1.0
1552,28,circle,1616,621,32422,confirmed,1.0
1552,29,trapezoid,248,530,27020,confirmed,1.0
1553,23,pentagon,1570,385,36086,confirmed,1.0
1553,25,rectangle,1726,160,29575,confirmed,1.0
1553,26,triangle,1284,938,20523,confirmed,1.0
1553,28,circle,1645,639,32384,confirmed,1.0
1553,29,trapezoid,253,493,27028,confirmed,1.0
1554,23,pentagon,1582,386,36298,confirmed,1.0
1554,25,rectangle,1718,162,29861,confirmed,1.0
1554,26,triangle,1294,938,20782,confirmed,1.0
1554,28,circle,1685,648,32390,confirmed,1.0
1554,29,trapezoid,253,455,27032,confirmed,1.0
1555,23,pentagon,1592,390,36265,confirmed,1.0
1555,25,rectangle,1710,166,29575,confirmed,1.0
1555,26,triangle,1303,936,20682,confirmed,1.0
1555,28,circle,1728,644,32383,confirmed,1.0
1555,29,trapezoid,246,417,27016,confirmed,1.0
1556,23,pentagon,1602,394,36167,confirmed,1.0
1556,25,rectangle,1704,170,29575,confirmed,1.0
1556,26,triangle,1312,934,20603,confirmed,1.0
1556,28,circle,1769,632,32395,confirmed,1.0
1556,29,trapezoid,238,379,26953,confirmed,1.0
1557,23,pentagon,1611,399,36114,confirmed,1.0
1557,25,rectangle,1698,174,29575,confirmed,1.0
1557,26,triangle,1321,932,20624,confirmed,1.0
1557,28,circle,1809,619,32378,confirmed,1.0
1557,29,trapezoid,231,341,27000,confirmed,1.0
1558,23,pentagon,1620,404,36345,confirmed,1.0
1558,25,rectangle,1693,177,29565,confirmed,1.0
1558,26,triangle,1330,930,20747,confirmed,1.0
1558,28,circle,1841,605,31714,confirmed,1.0
1558,29,trapezoid,226,303,26976,confirmed,1.0
1559,23,pentagon,1629,408,36348,confirmed,1.0
1559,25,rectangle,1688,181,29521,confirmed,1.0
1559,26,triangle,1338,928,20802,confirmed,1.0
1559,28,circle,1863,587,30135,confirmed,1.0
1559,29,trapezoid,224,265,26994,confirmed,1.0
1560,23,pentagon,1638,413,36297,confirmed,1.0
1560,25,rectangle,1684,185,29535,confirmed,1.0
1560,26,triangle,1346,924,20518,confirmed,1.0
1560,28,circle,1876,564,28015,confirmed,1.0
1560,29,trapezoid,223,227,26982,confirmed,1.0
1561,23,pentagon,1647,417,36217,confirmed,1.0
1561,25,rectangle,1680,190,29789,confirmed,1.0
1561,26,triangle,1354,922,20662,confirmed,1.0
1561,28,circle,1881,538,26042,confirmed,1.0
1561,29,trapezoid,227,190,27037,confirmed,1.0
1562,23,pentagon,1656,421,36118,confirmed,1.0
1562,25,rectangle,1677,194,29801,confirmed,1.0
1562,26,triangle,1362,919,20418,confirmed,1.0
1562,28,circle,1881,510,24873,confirmed,1.0
1562,29,trapezoid,224,153,26972,confirmed,1.0
1563,23,pentagon,1664,426,36338,confirmed,1.0
1563,25,rectangle,1674,199,29523,confirmed,1.0
1563,26,triangle,1370,916,20634,confirmed,1.0
1563,28,circle,1876,482,24994,confirmed,1.0
1563,29,trapezoid,217,175,26956,confirmed,1.0
1564,23,pentagon,1672,431,36188,confirmed,1.0
1564,25,rectangle,1671,203,29528,confirmed,1.0
1564,26,triangle,1377,912,20481,confirmed,1.0
1564,28,circle,1868,453,25620,confirmed,1.0
1564,29,trapezoid,211,216,26972,confirmed,1.0
1565,23,pentagon,1679,435,36103,confirmed,1.0
1565,25,rectangle,1667,208,29804,confirmed,1.0
1565,26,triangle,1383,910,20767,confirmed,1.0
1565,28,circle,1861,426,25526,confirmed,1.0
1565,29,trapezoid,206,259,26991,confirmed,1.0
1566,23,pentagon,1686,441,36252,confirmed,1.0
1566,25,rectangle,1665,212,29821,confirmed,1.0
1566,26,triangle,1390,906,20681,confirmed,1.0
1566,28,circle,1853,400,25812,confirmed,1.0
1566,29,trapezoid,201,301,26954,confirmed,1.0
1567,23,pentagon,1693,445,36122,confirmed,1.0
1567,25,rectangle,1663,216,29834,confirmed,1.0
1567,26,triangle,1396,902,20608,confirmed,1.0
1567,28,circle,1844,373,25676,confirmed,1.0
1567,29,trapezoid,196,341,26976,confirmed,1.0
1568,23,pentagon,1700,451,36250,confirmed,1.0
1568,25,rectangle,1658,219,28813,confirmed,0.978
1568,26,triangle,1402,898,20551,confirmed,1.0
1568,28,circle,1827,348,23173,confirmed,1.0
1568,29,trapezoid,192,380,27024,confirmed,1.0
1569,23,pentagon,1706,455,36103,confirmed,1.0
1569,25,rectangle,1654,221,25878,confirmed,0.978
1569,26,triangle,1407,895,20460,confirmed,1.0
1569,28,circle,1801,324,21479,confirmed,1.0
1569,29,trapezoid,187,418,26967,confirmed,1.0
1570,23,pentagon,1712,461,36215,confirmed,1.0
1570,25,rectangle,1649,221,21105,confirmed,0.978
1570,26,triangle,1413,891,20458,confirmed,1.0
1570,28,circle,1764,304,23098,confirmed,1.0
1570,29,trapezoid,182,456,26982,confirmed,1.0
1571,23,pentagon,1718,467,36278,confirmed,1.0
1571,25,rectangle,1643,218,15266,confirmed,0.978
1571,26,triangle,1418,888,20801,confirmed,1.0
1571,28,circle,1721,290,26069,confirmed,1.0
1571,29,trapezoid,177,494,27007,confirmed,1.0
1572,23,pentagon,1723,471,36156,confirmed,1.0
1572,25,rectangle,1641,203,10020,confirmed,0.978
1572,26,triangle,1423,884,20775,confirmed,1.0
1572,28,circle,1675,281,29943,confirmed,1.0
1572,29,trapezoid,173,532,27026,confirmed,1.0
1573,23,pentagon,1727,477,36239,confirmed,1.0
1573,25,rectangle,1644,191,10139,confirmed,0.978
1573,26,triangle,1428,880,20753,confirmed,1.0
1573,28,circle,1620,292,32423,confirmed,1.0
1573,29,trapezoid,168,570,26994,confirmed,1.0
1574,23,pentagon,1732,482,36352,confirmed,1.0
1574,25,rectangle,1649,199,16044,confirmed,0.978
1574,26,triangle,1433,876,20691,confirmed,1.0
1574,28,circle,1572,295,32437,confirmed,1.0
1574,29,trapezoid,162,608,26998,confirmed,1.0
1575,23,pentagon,1737,487,36161,confirmed,1.0
1575,25,rectangle,1651,214,22552,confirmed,0.978
1575,26,triangle,1438,872,20640,confirmed,1.0
1575,28,circle,1527,298,32391,confirmed,1.0
1575,29,trapezoid,156,646,26975,confirmed,1.0
1576,23,pentagon,1741,493,36288,confirmed,1.0
1576,25,rectangle,1651,233,27876,confirmed,0.978
1576,26,triangle,1443,868,20611,confirmed,1.0
1576,28,circle,1488,308,32420,confirmed,1.0
1576,29,trapezoid,150,683,26980,confirmed,1.0
1577,23,pentagon,1746,497,36078,confirmed,1.0
1577,25,rectangle,1644,257,29575,confirmed,0.978
1577,26,triangle,1448,864,20528,confirmed,1.0
1577,28,circle,1456,325,32407,confirmed,1.0
1577,29,trapezoid,144,721,26944,confirmed,1.0
1578,23,pentagon,1750,503,36239,confirmed,1.0
1578,25,rectangle,1640,266,29575,confirmed,0.978
1578,26,triangle,1453,861,20429,confirmed,1.0
1578,28,circle,1429,346,32425,confirmed,1.0
1578,29,trapezoid,138,759,26976,confirmed,1.0
1579,23,pentagon,1753,508,36296,confirmed,1.0
1579,25,rectangle,1638,270,29575,confirmed,0.978
1579,26,triangle,1457,858,20803,confirmed,1.0
1579,28,circle,1407,368,32399,confirmed,1.0
1579,29,trapezoid,132,797,26951,confirmed,1.0
1580,23,pentagon,1755,513,36110,confirmed,1.0
1580,25,rectangle,1636,273,29575,confirmed,0.978
1580,26,triangle,1462,854,20726,confirmed,1.0
1580,28,circle,1390,391,32382,confirmed,1.0
1580,29,trapezoid,126,835,27006,confirmed,1.0
1581,23,pentagon,1757,519,36152,confirmed,1.0
1581,25,rectangle,1634,277,29575,confirmed,0.978
1581,26,triangle,1466,850,20620,confirmed,1.0
1581,28,circle,1375,414,32367,confirmed,1.0
1581,29,trapezoid,137,818,27040,confirmed,1.0
1582,23,pentagon,1758,525,36270,confirmed,1.0
1582,25,rectangle,1632,280,29575,confirmed,0.978
1582,26,triangle,1471,846,20549,confirmed,1.0
1582,28,circle,1363,439,32425,confirmed,1.0
1582,29,trapezoid,147,778,26965,confirmed,1.0
1583,23,pentagon,1760,530,36321,confirmed,1.0
1583,25,rectangle,1632,284,29575,confirmed,0.978
1583,26,triangle,1475,843,20456,confirmed,1.0
1583,28,circle,1353,463,32395,confirmed,1.0
1583,29,trapezoid,161,736,26993,confirmed,1.0
1584,23,pentagon,1761,535,36163,confirmed,1.0
1584,25,rectangle,1630,288,29575,confirmed,0.978
1584,26,triangle,1479,840,20753,confirmed,1.0
1584,28,circle,1342,487,32393,confirmed,1.0
1584,29,trapezoid,176,695,27059,confirmed,1.0
1585,23,pentagon,1763,541,36211,confirmed,1.0
1585,25,rectangle,1628,292,29575,confirmed,0.978
1585,26,triangle,1484,836,20681,confirmed,1.0
1585,28,circle,1332,511,32413,confirmed,1.0
1585,29,trapezoid,191,656,27038,confirmed,1.0
1586,23,pentagon,1764,546,36336,confirmed,1.0
1586,25,rectangle,1628,296,29575,confirmed,0.978
1586,26,triangle,1487,832,20628,confirmed,1.0
1586,28,circle,1323,535,32402,confirmed,1.0
1586,29,trapezoid,207,618,27003,confirmed,1.0
1587,23,pentagon,1765,551,36191,confirmed,1.0
1587,25,rectangle,1626,300,29575,confirmed,0.978
1587,26,triangle,1491,828,20551,confirmed,1.0
1587,28,circle,1313,560,32379,confirmed,1.0
1587,29,trapezoid,226,581,26980,confirmed,1.0
1588,23,pentagon,1765,557,36298,confirmed,1.0
1588,25,rectangle,1624,302,29861,confirmed,0.978
1588,26,triangle,1494,825,20439,confirmed,1.0
1588,28,circle,1306,584,32396,confirmed,1.0
1588,29,trapezoid,245,545,27025,confirmed,1.0
1589,23,pentagon,1766,561,36101,confirmed,1.0
1589,25,rectangle,1624,306,29861,confirmed,0.978
1589,26,triangle,1498,822,20784,confirmed,1.0
1589,28,circle,1317,607,32396,confirmed,1.0
1589,29,trapezoid,264,508,27046,confirmed,1.0
1590,23,pentagon,1766,567,36251,confirmed,1.0
1590,25,rectangle,1622,310,29861,confirmed,0.978
1590,26,triangle,1500,818,20735,confirmed,1.0
1590,28,circle,1333,631,32431,confirmed,1.0
1590,29,trapezoid,283,472,27052,confirmed,1.0
1591,23,pentagon,1766,571,36089,confirmed,1.0
1591,25,rectangle,1622,314,29861,confirmed,0.978
1591,26,triangle,1503,814,20685,confirmed,1.0
1591,28,circle,1355,653,32461,confirmed,1.0
1591,29,trapezoid,301,435,27029,confirmed,1.0
1592,23,pentagon,1766,577,36205,confirmed,1.0
1592,25,rectangle,1622,318,29575,confirmed,0.978
1592,26,triangle,1506,810,20628,confirmed,1.0
1592,28,circle,1387,670,32422,confirmed,1.0
1592,29,trapezoid,322,399,27030,confirmed,1.0
1593,23,pentagon,1767,581,36087,confirmed,1.0
1593,25,rectangle,1620,322,29575,confirmed,0.978
1593,26,triangle,1509,810,17443,confirmed,1.0
1593,28,circle,1428,680,32379,confirmed,1.0
1593,29,trapezoid,343,363,27074,confirmed,1.0
1594,23,pentagon,1767,587,36279,confirmed,1.0
1594,25,rectangle,1620,326,29575,confirmed,0.978
1594,26,triangle,1512,812,15789,confirmed,1.0
1594,28,circle,1470,675,32395,confirmed,1.0
1594,29,trapezoid,364,327,27047,confirmed,1.0
1595,23,pentagon,1767,591,36133,confirmed,1.0
1595,25,rectangle,1620,328,29861,confirmed,0.978
1595,26,triangle,1514,813,16501,confirmed,1.0
1595,28,circle,1503,658,32385,confirmed,1.0
1595,29,trapezoid,385,291,27068,confirmed,1.0
1596,23,pentagon,1768,597,36275,confirmed,1.0
1596,25,rectangle,1618,332,29861,confirmed,0.978
1596,26,triangle,1515,809,18178,confirmed,0.978
1596,28,circle,1530,636,32356,confirmed,1.0
1596,29,trapezoid,406,255,27072,confirmed,1.0
1597,23,pentagon,1768,601,36182,confirmed,1.0
1597,25,rectangle,1618,336,29575,confirmed,0.978
1597,26,triangle,1516,800,19455,confirmed,0.956
1597,28,circle,1555,614,32345,confirmed,1.0
1597,29,trapezoid,425,218,27083,confirmed,1.0
1598,23,pentagon,1768,605,36104,confirmed,1.0
1598,25,rectangle,1618,340,29575,confirmed,0.978
1598,26,triangle,1518,791,20232,confirmed,0.956
1598,28,circle,1564,589,32274,confirmed,1.0
1598,29,trapezoid,445,181,27115,confirmed,1.0
1599,23,pentagon,1768,611,36269,confirmed,1.0
1599,25,rectangle,1616,342,29861,confirmed,0.978
1599,26,triangle,1520,784,20530,confirmed,0.956
1599,28,circle,1567,564,32155,confirmed,1.0
1599,29,trapezoid,461,144,27129,confirmed,1.0
1600,23,pentagon,1769,615,36143,confirmed,1.0
1600,25,rectangle,1617,343,28510,confirmed,0.978
1600,26,triangle,1522,780,20412,confirmed,0.956
1600,28,circle,1570,539,32232,confirmed,1.0
1600,29,trapezoid,466,153,27060,confirmed,1.0
1601,23,pentagon,1769,619,36110,confirmed,1.0
1601,25,rectangle,1617,343,25688,confirmed,0.978
1601,26,triangle,1524,777,20734,confirmed,0.956
1601,28,circle,1571,513,32408,confirmed,1.0
1601,29,trapezoid,465,189,27065,confirmed,1.0
1602,23,pentagon,1768,624,36314,confirmed,1.0
1602,25,rectangle,1618,342,22866,confirmed,0.978
1602,26,triangle,1526,774,20583,confirmed,0.956
1602,28,circle,1566,489,32436,confirmed,1.0
1602,29,trapezoid,463,232,27007,confirmed,1.0
1603,23,pentagon,1767,629,36225,confirmed,1.0
1603,25,rectangle,1620,341,20955,confirmed,0.978
1603,26,triangle,1527,771,20470,confirmed,0.956
1603,28,circle,1552,465,32397,confirmed,1.0
1603,29,trapezoid,463,266,27210,confirmed,1.0
1604,23,pentagon,1766,633,36212,confirmed,1.0
1604,25,rectangle,1622,342,20122,confirmed,0.978
1604,26,triangle,1529,768,20796,confirmed,0.956
1604,28,circle,1535,442,32408,confirmed,1.0
1604,29,trapezoid,461,258,27051,confirmed,1.0
1605,23,pentagon,1765,637,36184,confirmed,1.0
1605,25,rectangle,1623,345,20258,confirmed,0.978
1605,26,triangle,1531,764,20624,confirmed,0.956
1605,28,circle,1517,419,32388,confirmed,1.0
1605,29,trapezoid,458,263,27101,confirmed,1.0
1606,23,pentagon,1764,641,36073,confirmed,1.0
1606,25,rectangle,1622,351,21563,confirmed,0.978
1606,26,triangle,1532,760,20507,confirmed,0.956
1606,28,circle,1499,396,32437,confirmed,1.0
1606,29,trapezoid,456,282,27093,confirmed,1.0
1607,23,pentagon,1762,646,36328,confirmed,1.0
1607,25,rectangle,1619,359,25020,confirmed,0.978
1607,26,triangle,1534,758,20765,confirmed,0.956
1607,28,circle,1480,374,32398,confirmed,1.0
1607,29,trapezoid,454,310,27132,confirmed,1.0
1608,23,pentagon,1761,650,36362,confirmed,1.0
1608,25,rectangle,1615,368,27681,confirmed,0.978
1608,26,triangle,1535,754,20587,confirmed,0.956
1608,28,circle,1458,352,32395,confirmed,1.0
1608,29,trapezoid,452,347,27090,confirmed,1.0
1609,23,pentagon,1759,654,36337,confirmed,1.0
1609,25,rectangle,1610,374,29861,confirmed,0.978
1609,26,triangle,1537,751,20429,confirmed,0.956
1609,28,circle,1433,332,32430,confirmed,1.0
1609,29,trapezoid,451,406,27064,confirmed,1.0
1610,23,pentagon,1757,658,36342,confirmed,1.0
1610,25,rectangle,1609,379,29575,confirmed,0.978
1610,26,triangle,1538,748,20751,confirmed,0.956
1610,28,circle,1405,312,32450,confirmed,1.0
1610,29,trapezoid,449,452,27077,confirmed,1.0
1611,23,pentagon,1754,662,36379,confirmed,1.0
1611,25,rectangle,1608,381,29861,confirmed,0.978
1611,26,triangle,1539,744,20526,confirmed,0.956
1611,28,circle,1374,295,32393,confirmed,1.0
1611,29,trapezoid,447,491,27060,confirmed,1.0
1612,23,pentagon,1751,665,36102,confirmed,1.0
1612,25,rectangle,1608,384,29575,confirmed,0.978
1612,26,triangle,1540,742,20755,confirmed,0.956
1612,28,circle,1337,281,32391,confirmed,1.0
1612,29,trapezoid,446,529,26995,confirmed,1.0
1613,23,pentagon,1748,669,36219,confirmed,1.0
1613,25,rectangle,1608,386,29861,confirmed,0.978
1613,26,triangle,1542,738,20569,confirmed,0.956
1613,28,circle,1297,270,32396,confirmed,1.0
1613,29,trapezoid,444,567,27020,confirmed,1.0
1614,23,pentagon,1745,673,36202,confirmed,1.0
1614,25,rectangle,1606,390,29575,confirmed,0.978
1614,26,triangle,1543,735,20367,confirmed,0.956
1614,28,circle,1255,262,32456,confirmed,1.0
1614,29,trapezoid,442,604,27013,confirmed,1.0
1615,23,pentagon,1741,677,36280,confirmed,1.0
1615,25,rectangle,1606,392,29861,confirmed,0.978
1615,26,triangle,1544,732,20640,confirmed,0.956
1615,28,circle,1212,255,32393,confirmed,1.0
1615,29,trapezoid,441,642,27053,confirmed,1.0
1616,23,pentagon,1738,679,36087,confirmed,1.0
1616,25,rectangle,1606,396,29575,confirmed,0.978
1616,26,triangle,1545,728,20453,confirmed,0.956
1616,28,circle,1169,248,32393,confirmed,1.0
1616,29,trapezoid,440,680,27049,confirmed,1.0
1617,23,pentagon,1734,683,36240,confirmed,1.0
1617,25,rectangle,1604,398,29861,confirmed,0.978
1617,26,triangle,1546,726,20639,confirmed,0.956
1617,28,circle,1127,242,32411,confirmed,1.0
1617,29,trapezoid,439,718,27047,confirmed,1.0
1618,23,pentagon,1730,686,36330,confirmed,1.0
1618,25,rectangle,1604,402,29575,confirmed,0.978
1618,26,triangle,1546,723,20376,confirmed,0.956
1618,28,circle,1085,240,32434,confirmed,1.0
1618,29,trapezoid,438,756,27059,confirmed,1.0
1619,23,pentagon,1727,689,36181,confirmed,1.0
1619,25,rectangle,1604,404,29575,confirmed,0.978
1619,26,triangle,1546,720,20617,confirmed,0.956
1619,28,circle,1045,249,32393,confirmed,1.0
1619,29,trapezoid,437,794,27064,confirmed,1.0
1620,23,pentagon,1723,693,36358,confirmed,1.0
1620,25,rectangle,1604,406,29861,confirmed,0.978
1620,26,triangle,1546,716,20298,confirmed,0.956
1620,28,circle,1007,261,32389,confirmed,1.0
1620,29,trapezoid,436,832,27072,confirmed,1.0
1621,23,pentagon,1719,695,36154,confirmed,1.0
1621,25,rectangle,1602,410,29575,confirmed,0.978
1621,26,triangle,1545,713,20240,confirmed,0.956
1621,28,circle,968,274,32377,confirmed,1.0
1621,29,trapezoid,437,870,27081,confirmed,1.0
1622,23,pentagon,1715,699,36301,confirmed,1.0
1622,25,rectangle,1602,412,29861,confirmed,0.978
1622,26,triangle,1544,711,19982,confirmed,0.956
1622,28,circle,929,286,32379,confirmed,1.0
1622,29,trapezoid,440,908,27069,confirmed,1.0
1623,23,pentagon,1711,701,36170,confirmed,1.0
1623,25,rectangle,1602,414,29861,confirmed,0.978
1623,26,triangle,1542,706,19239,confirmed,0.956
1623,28,circle,892,300,32413,confirmed,1.0
1623,29,trapezoid,455,912,27039,confirmed,1.0
1624,23,pentagon,1707,704,36321,confirmed,1.0
1624,25,rectangle,1600,418,29575,confirmed,0.978
1624,26,triangle,1539,704,18770,confirmed,0.956
1624,28,circle,856,315,32394,confirmed,1.0
1624,29,trapezoid,474,880,27021,confirmed,1.0
1625,23,pentagon,1704,707,36214,confirmed,1.0
1625,25,rectangle,1600,420,29575,confirmed,0.978
1625,26,triangle,1538,700,17952,confirmed,0.956
1625,28,circle,826,333,32406,confirmed,1.0
1625,29,trapezoid,490,860,27049,confirmed,1.0
1626,23,pentagon,1700,709,36134,confirmed,1.0
1626,25,rectangle,1600,422,29861,confirmed,0.978
1626,26,triangle,1537,696,17530,confirmed,0.956
1626,28,circle,798,352,32458,confirmed,1.0
1626,29,trapezoid,509,804,27179,confirmed,1.0
1627,23,pentagon,1696,712,36333,confirmed,1.0
1627,25,rectangle,1598,424,29861,confirmed,0.978
1627,26,triangle,1536,693,17170,confirmed,0.956
1627,28,circle,774,373,32404,confirmed,1.0
1627,29,trapezoid,526,760,27067,confirmed,1.0
1628,23,pentagon,1692,715,36267,confirmed,1.0
1628,25,rectangle,1598,428,29575,confirmed,0.978
1628,26,triangle,1535,689,16499,confirmed,0.956
1628,28,circle,753,395,32401,confirmed,1.0
1628,29,trapezoid,542,720,27054,confirmed,1.0
1629,23,pentagon,1688,717,36176,confirmed,1.0
1629,25,rectangle,1598,430,29575,confirmed,1.0
1629,26,triangle,1534,686,16175,confirmed,0.956
1629,28,circle,735,418,32434,confirmed,1.0
1629,29,trapezoid,558,681,27089,confirmed,1.0
1630,23,pentagon,1684,719,36148,confirmed,1.0
1630,25,rectangle,1596,432,29861,confirmed,1.0
1630,26,triangle,1534,683,15876,confirmed,0.956
1630,28,circle,717,441,32384,confirmed,1.0
1630,29,trapezoid,574,645,27124,confirmed,1.0
1631,23,pentagon,1679,721,36092,confirmed,1.0
1631,25,rectangle,1596,434,29861,confirmed,1.0
1631,26,triangle,1533,679,15317,confirmed,0.956
1631,28,circle,706,463,31629,confirmed,1.0
1631,29,trapezoid,589,609,26984,confirmed,1.0
1632,23,pentagon,1675,723,36129,confirmed,1.0
1632,25,rectangle,1594,436,29861,confirmed,1.0
1632,26,triangle,1533,676,15090,confirmed,0.956
1632,28,circle,698,484,25632,confirmed,1.0
1632,29,trapezoid,604,572,26912,confirmed,1.0
1633,23,pentagon,1670,725,36127,confirmed,1.0
1633,25,rectangle,1594,440,29575,confirmed,1.0
1633,26,triangle,1532,673,14830,confirmed,0.956
1633,28,circle,697,508,18091,confirmed,1.0
1633,29,trapezoid,617,534,26859,confirmed,1.0
1634,23,pentagon,1666,727,36162,confirmed,1.0
1634,25,rectangle,1594,442,29575,confirmed,1.0
1634,26,triangle,1531,670,14587,confirmed,0.956
1634,28,circle,707,535,20987,confirmed,1.0
1634,29,trapezoid,630,497,26958,confirmed,1.0
1635,23,pentagon,1661,729,36235,confirmed,1.0
1635,25,rectangle,1592,443,29561,confirmed,1.0
1635,26,triangle,1530,667,14131,confirmed,0.956
1635,28,circle,728,558,27351,confirmed,1.0
1635,29,trapezoid,643,460,26865,confirmed,1.0
1636,23,pentagon,1656,731,36292,confirmed,1.0
1636,25,rectangle,1592,445,29539,confirmed,1.0
1636,26,triangle,1529,664,13911,confirmed,0.956
1636,28,circle,782,572,31896,confirmed,1.0
1636,29,trapezoid,658,422,26989,confirmed,1.0
1637,23,pentagon,1652,732,36326,confirmed,1.0
1637,25,rectangle,1590,448,29748,confirmed,1.0
1637,26,triangle,1529,661,13704,confirmed,0.956
1637,28,circle,828,582,32394,confirmed,1.0
1637,29,trapezoid,671,385,27067,confirmed,1.0
1638,23,pentagon,1647,733,36146,confirmed,1.0
1638,25,rectangle,1590,450,29650,confirmed,1.0
1638,26,triangle,1528,658,13531,confirmed,0.956
1638,28,circle,873,583,32386,confirmed,1.0
1638,29,trapezoid,685,348,27178,confirmed,1.0
1639,23,pentagon,1643,735,36179,confirmed,1.0
1639,25,rectangle,1590,451,29543,confirmed,1.0
1639,26,triangle,1527,655,13381,confirmed,0.956
1639,28,circle,913,572,32375,confirmed,1.0
1639,29,trapezoid,698,311,27222,confirmed,1.0
1640,23,pentagon,1638,737,36307,confirmed,1.0
1640,25,rectangle,1588,453,29425,confirmed,1.0
1640,26,triangle,1527,652,13045,confirmed,0.956
1640,28,circle,944,553,32372,confirmed,1.0
1640,29,trapezoid,712,273,27066,confirmed,1.0
1641,23,pentagon,1634,738,36316,confirmed,1.0
1641,25,rectangle,1588,455,29275,confirmed,1.0
1641,26,triangle,1526,648,12965,confirmed,0.956
1641,28,circle,963,529,32388,confirmed,0.978
1641,29,trapezoid,726,236,27061,confirmed,1.0
1642,23,pentagon,1629,739,36144,confirmed,1.0
1642,25,rectangle,1589,456,29111,confirmed,0.978
1642,26,triangle,1526,645,12887,confirmed,0.956
1642,28,circle,971,503,32396,confirmed,0.978
1642,29,trapezoid,739,199,27101,confirmed,1.0
1643,23,pentagon,1625,741,36256,confirmed,1.0
1643,25,rectangle,1588,458,28931,confirmed,0.978
1643,26,triangle,1526,642,12802,confirmed,0.956
1643,28,circle,976,478,32387,confirmed,0.978
1643,29,trapezoid,754,162,27065,confirmed,1.0
1644,23,pentagon,1621,742,36318,confirmed,1.0
1644,25,rectangle,1587,461,28696,confirmed,0.978
1644,26,triangle,1525,639,12740,confirmed,0.956
1644,28,circle,979,453,32413,confirmed,0.978
1644,29,trapezoid,770,125,27076,confirmed,1.0
1645,23,pentagon,1616,743,36149,confirmed,1.0
1645,25,rectangle,1585,463,28484,confirmed,0.978
1645,26,triangle,1525,636,12683,confirmed,0.956
1645,28,circle,972,428,32396,confirmed,0.978
1645,29,trapezoid,780,126,27067,confirmed,1.0
1646,23,pentagon,1612,745,36237,confirmed,1.0
1646,25,rectangle,1584,466,28198,confirmed,0.978
1646,26,triangle,1525,633,12635,confirmed,0.956
1646,28,circle,962,404,32419,confirmed,0.978
1646,29,trapezoid,782,161,27038,confirmed,1.0
1647,23,pentagon,1608,746,36380,confirmed,1.0
1647,25,rectangle,1583,467,27930,confirmed,0.978
1647,26,triangle,1525,630,12604,confirmed,0.956
1647,28,circle,950,380,32396,confirmed,0.978
1647,29,trapezoid,782,203,27039,confirmed,1.0
1648,23,pentagon,1604,747,36210,confirmed,1.0
1648,25,rectangle,1582,469,27674,confirmed,0.978
1648,26,triangle,1525,627,12620,confirmed,0.956
1648,28,circle,937,357,30438,confirmed,0.978
1648,29,trapezoid,782,246,26953,confirmed,1.0
1649,23,pentagon,1600,749,36340,confirmed,1.0
1649,25,rectangle,1582,471,27386,confirmed,0.978
1649,26,triangle,1525,625,12652,confirmed,0.933
1649,28,circle,919,337,24341,confirmed,0.978
1649,29,trapezoid,782,286,26818,confirmed,1.0
1650,23,pentagon,1596,749,36164,confirmed,1.0
1650,25,rectangle,1581,472,27071,confirmed,0.978
1650,26,triangle,1525,623,12714,confirmed,0.911
1650,28,circle,895,318,17119,confirmed,0.978
1650,29,trapezoid,783,326,26805,confirmed,1.0
1651,23,pentagon,1592,751,36285,confirmed,1.0
1651,25,rectangle,1581,473,26634,confirmed,0.978
1651,26,triangle,1525,621,12756,confirmed,0.911
1651,28,circle,863,294,15506,confirmed,0.978
1651,29,trapezoid,784,364,26899,confirmed,1.0
1652,23,pentagon,1588,751,36123,confirmed,1.0
1652,25,rectangle,1580,474,26337,confirmed,0.978
1652,26,triangle,1527,620,12958,confirmed,0.911
1652,28,circle,817,276,19642,confirmed,0.978
1652,29,trapezoid,785,402,26963,confirmed,1.0
1653,23,pentagon,1584,753,36275,confirmed,1.0
1653,25,rectangle,1580,476,25998,confirmed,0.978
1653,26,triangle,1529,620,13165,confirmed,0.911
1653,28,circle,766,275,26238,confirmed,0.978
1653,29,trapezoid,786,440,26953,confirmed,1.0
1654,23,pentagon,1580,753,36150,confirmed,1.0
1654,25,rectangle,1578,477,25934,confirmed,0.978
1654,26,triangle,1531,620,13372,confirmed,0.911
1654,28,circle,715,288,30855,confirmed,0.978
1654,29,trapezoid,787,478,27008,confirmed,1.0
1655,23,pentagon,1576,755,36346,confirmed,1.0
1655,25,rectangle,1577,478,25611,confirmed,0.978
1655,26,triangle,1533,620,13655,confirmed,0.911
1655,28,circle,662,333,32432,confirmed,0.978
1655,29,trapezoid,788,516,27001,confirmed,1.0
1656,23,pentagon,1572,755,36259,confirmed,1.0
1656,25,rectangle,1575,479,25212,confirmed,0.978
1656,26,triangle,1534,621,13780,confirmed,0.911
1656,28,circle,627,359,32394,confirmed,0.978
1656,29,trapezoid,789,554,27034,confirmed,1.0
1657,23,pentagon,1568,755,36220,confirmed,1.0
1657,25,rectangle,1573,480,25221,confirmed,0.978
1657,26,triangle,1534,622,14067,confirmed,0.911
1657,28,circle,605,382,32351,confirmed,0.978
1657,29,trapezoid,791,593,27157,confirmed,1.0
1658,23,pentagon,1564,755,36161,confirmed,1.0
1658,25,rectangle,1572,480,24978,confirmed,0.978
1658,26,triangle,1532,622,14278,confirmed,0.911
1658,28,circle,586,404,32350,confirmed,0.978
1658,29,trapezoid,792,631,27099,confirmed,1.0
1659,23,pentagon,1560,755,36124,confirmed,1.0
1659,25,rectangle,1572,480,24890,confirmed,0.978
1659,26,triangle,1531,622,14477,confirmed,0.911
1659,28,circle,567,426,32369,confirmed,0.978
1659,29,trapezoid,795,669,27130,confirmed,1.0
1660,23,pentagon,1556,756,36366,confirmed,1.0
1660,25,rectangle,1574,479,25254,confirmed,0.978
1660,26,triangle,1529,622,14655,confirmed,0.911
1660,28,circle,551,449,32403,confirmed,0.978
1660,29,trapezoid,797,707,27119,confirmed,1.0
1661,23,pentagon,1552,756,36318,confirmed,1.0
1661,25,rectangle,1576,478,25247,confirmed,0.978
1661,26,triangle,1526,622,14821,confirmed,0.911
1661,28,circle,536,472,32395,confirmed,0.978
1661,29,trapezoid,799,745,27147,confirmed,1.0
1662,23,pentagon,1549,756,36317,confirmed,1.0
1662,25,rectangle,1580,476,25672,confirmed,0.978
1662,26,triangle,1524,622,15093,confirmed,0.911
1662,28,circle,526,497,32401,confirmed,0.978
1662,29,trapezoid,801,783,27123,confirmed,1.0
1663,23,pentagon,1545,757,36326,confirmed,1.0
1663,25,rectangle,1583,474,25704,confirmed,0.978
1663,26,triangle,1522,622,15222,confirmed,0.911
1663,28,circle,520,521,32404,confirmed,0.978
1663,29,trapezoid,803,821,27172,confirmed,1.0
1664,23,pentagon,1541,757,36311,confirmed,1.0
1664,25,rectangle,1588,471,26196,confirmed,0.956
1664,26,triangle,1520,622,15538,confirmed,0.911
1664,28,circle,520,546,32394,confirmed,0.978
1664,29,trapezoid,805,859,27073,confirmed,1.0
1665,23,pentagon,1538,757,36269,confirmed,1.0
1665,25,rectangle,1590,471,26312,confirmed,0.933
1665,26,triangle,1519,622,15694,confirmed,0.911
1665,28,circle,523,571,32388,confirmed,0.978
1665,29,trapezoid,807,897,27114,confirmed,1.0
1666,23,pentagon,1534,757,36293,confirmed,1.0
1666,25,rectangle,1591,471,26905,confirmed,0.911
1666,26,triangle,1518,622,15983,confirmed,0.911
1666,28,circle,533,595,32397,confirmed,0.978
1666,29,trapezoid,809,935,27124,confirmed,1.0
1667,23,pentagon,1531,757,36224,confirmed,1.0
1667,25,rectangle,1592,471,27069,confirmed,0.889
1667,26,triangle,1516,621,16122,confirmed,0.911
1667,28,circle,554,617,32397,confirmed,0.978
1667,29,trapezoid,811,973,27094,confirmed,1.0
1668,23,pentagon,1527,757,36235,confirmed,1.0
1668,25,rectangle,1594,471,27657,confirmed,0.867
1668,26,triangle,1514,621,16344,confirmed,0.911
1668,28,circle,589,631,32366,confirmed,0.978
1668,29,trapezoid,819,993,27125,confirmed,1.0
1669,23,pentagon,1524,757,36187,confirmed,1.0
1669,25,rectangle,1595,471,27771,confirmed,0.844
1669,26,triangle,1512,619,16472,confirmed,0.911
1669,28,circle,634,636,32400,confirmed,0.978
1669,29,trapezoid,830,965,27051,confirmed,1.0
1670,23,pentagon,1520,757,36145,confirmed,1.0
1670,25,rectangle,1597,470,28313,confirmed,0.822
1670,26,triangle,1510,618,16712,confirmed,0.911
1670,28,circle,679,637,32392,confirmed,0.978
1670,29,trapezoid,840,948,27134,confirmed,1.0
1671,23,pentagon,1517,757,36138,confirmed,1.0
1671,25,rectangle,1598,470,28351,confirmed,0.8
1671,26,triangle,1508,617,16828,confirmed,0.911
1671,28,circle,722,629,32390,confirmed,0.978
1671,29,trapezoid,853,889,27041,confirmed,1.0
1672,23,pentagon,1514,757,36142,confirmed,1.0
1672,25,rectangle,1598,469,28725,confirmed,0.778
1672,26,triangle,1506,616,17011,confirmed,0.911
1672,28,circle,764,619,32404,confirmed,0.978
1672,29,trapezoid,864,849,27126,confirmed,1.0
1673,23,pentagon,1511,758,36374,confirmed,1.0
1673,25,rectangle,1599,469,28703,confirmed,0.756
1673,26,triangle,1504,614,17098,confirmed,0.911
1673,28,circle,799,603,32391,confirmed,0.978
1673,29,trapezoid,877,803,27090,confirmed,1.0
1674,23,pentagon,1508,758,36327,confirmed,1.0
1674,25,rectangle,1601,468,29169,confirmed,0.733
1674,26,triangle,1503,613,17337,confirmed,0.911
1674,28,circle,823,582,32397,confirmed,0.978
1674,29,trapezoid,888,764,27124,confirmed,1.0
1675,23,pentagon,1505,759,36315,confirmed,1.0
1675,25,rectangle,1603,469,29325,confirmed,0.711
1675,26,triangle,1501,612,17385,confirmed,0.911
1675,28,circle,834,556,32264,confirmed,0.978
1675,29,trapezoid,899,725,27098,confirmed,1.0
1676,23,pentagon,1502,759,36271,confirmed,1.0
1676,25,rectangle,1604,468,29219,confirmed,0.689
1676,26,triangle,1499,611,17633,confirmed,0.911
1676,28,circle,830,530,31689,confirmed,0.978
1676,29,trapezoid,911,688,27056,confirmed,1.0
1677,23,pentagon,1499,759,36248,confirmed,1.0
1677,25,rectangle,1606,468,29605,confirmed,0.689
1677,26,triangle,1497,610,17613,confirmed,0.911
1677,28,circle,819,504,31411,confirmed,0.978
1677,29,trapezoid,922,651,27019,confirmed,1.0
1678,23,pentagon,1496,759,36225,confirmed,1.0
1678,25,rectangle,1606,467,29391,confirmed,0.689
1678,26,triangle,1496,609,17825,confirmed,0.911
1678,28,circle,802,481,31641,confirmed,0.978
1678,29,trapezoid,933,614,27089,confirmed,1.0
1679,23,pentagon,1493,759,36203,confirmed,1.0
1679,25,rectangle,1608,466,29749,confirmed,0.689
1679,26,triangle,1494,609,18086,confirmed,0.911
1679,28,circle,783,459,32226,confirmed,0.978
1679,29,trapezoid,944,576,27042,confirmed,1.0
1680,23,pentagon,1490,759,36194,confirmed,1.0
1680,25,rectangle,1610,466,29805,confirmed,0.689
1680,26,triangle,1492,608,18095,confirmed,0.911
1680,28,circle,759,439,32386,confirmed,0.978
1680,29,trapezoid,957,539,27129,confirmed,1.0
1681,23,pentagon,1488,759,36146,confirmed,1.0
1681,25,rectangle,1612,465,29565,confirmed,0.689
1681,26,triangle,1491,607,18282,confirmed,0.911
1681,28,circle,732,419,32389,confirmed,0.978
1681,29,trapezoid,970,501,27004,confirmed,1.0
1682,23,pentagon,1485,759,36151,confirmed,1.0
1682,25,rectangle,1614,464,29861,confirmed,0.689
1682,26,triangle,1489,606,18299,confirmed,0.911
1682,28,circle,703,400,32433,confirmed,0.978
1682,29,trapezoid,983,464,27055,confirmed,1.0
1683,23,pentagon,1482,759,36086,confirmed,1.0
1683,25,rectangle,1614,464,29575,confirmed,0.689
1683,26,triangle,1488,606,18414,confirmed,0.911
1683,28,circle,670,383,32384,confirmed,0.978
1683,29,trapezoid,996,427,27148,confirmed,1.0
1684,23,pentagon,1480,760,36349,confirmed,1.0
1684,25,rectangle,1616,464,29575,confirmed,0.689
1684,26,triangle,1486,605,18644,confirmed,0.911
1684,28,circle,638,366,32391,confirmed,0.978
1684,29,trapezoid,1009,389,27100,confirmed,1.0
1685,23,pentagon,1477,760,36324,confirmed,1.0
1685,25,rectangle,1618,462,29861,confirmed,0.689
1685,26,triangle,1485,604,18577,confirmed,0.911
1685,28,circle,605,349,32367,confirmed,0.978
1685,29,trapezoid,1022,352,27124,confirmed,1.0
1686,23,pentagon,1475,760,36337,confirmed,1.0
1686,25,rectangle,1618,462,29575,confirmed,0.689
1686,26,triangle,1483,604,18775,confirmed,0.911
1686,28,circle,568,339,32384,confirmed,0.978
1686,29,trapezoid,1037,315,27115,confirmed,1.0
1687,23,pentagon,1472,760,36324,confirmed,1.0
1687,25,rectangle,1620,462,29575,confirmed,0.689
1687,26,triangle,1482,603,18684,confirmed,0.911
1687,28,circle,524,335,32413,confirmed,0.978
1687,29,trapezoid,1054,278,27109,confirmed,1.0
1688,23,pentagon,1470,761,36340,confirmed,1.0
1688,25,rectangle,1622,460,29861,confirmed,0.689
1688,26,triangle,1480,602,18840,confirmed,0.911
1688,28,circle,480,336,32419,confirmed,0.978
1688,29,trapezoid,1069,241,27185,confirmed,1.0
1689,23,pentagon,1468,761,36270,confirmed,1.0
1689,25,rectangle,1622,460,29575,confirmed,0.689
1689,26,triangle,1479,601,19018,confirmed,0.911
1689,28,circle,443,349,32396,confirmed,0.978
1689,29,trapezoid,1086,204,27123,confirmed,1.0
1690,23,pentagon,1465,761,36262,confirmed,1.0
1690,25,rectangle,1624,460,29575,confirmed,0.689
1690,26,triangle,1478,600,18889,confirmed,0.911
1690,28,circle,422,371,32379,confirmed,0.978
1690,29,trapezoid,1104,168,27133,confirmed,1.0
1691,23,pentagon,1463,761,36281,confirmed,1.0
1691,25,rectangle,1626,458,29861,confirmed,0.689
1691,26,triangle,1476,600,19079,confirmed,0.911
1691,28,circle,412,396,32419,confirmed,0.978
1691,29,trapezoid,1111,189,27151,confirmed,1.0
1692,23,pentagon,1461,761,36226,confirmed,1.0
1692,25,rectangle,1626,458,29575,confirmed,0.689
1692,26,triangle,1475,599,19234,confirmed,0.911
1692,28,circle,408,422,32411,confirmed,0.978
1692,29,trapezoid,1119,203,27213,confirmed,1.0
1693,23,pentagon,1459,761,36207,confirmed,1.0
1693,25,rectangle,1628,458,29575,confirmed,0.689
1693,26,triangle,1474,599,19089,confirmed,0.911
1693,28,circle,410,448,32384,confirmed,1.0
1693,29,trapezoid,1118,265,27138,confirmed,1.0
1694,23,pentagon,1457,761,36191,confirmed,1.0
1694,25,rectangle,1628,456,29861,confirmed,0.689
1694,26,triangle,1472,598,19226,confirmed,0.911
1694,28,circle,414,474,32367,confirmed,1.0
1694,29,trapezoid,1120,314,27132,confirmed,1.0
1695,23,pentagon,1454,761,36175,confirmed,1.0
1695,25,rectangle,1630,456,29861,confirmed,0.689
1695,26,triangle,1471,597,19403,confirmed,0.911
1695,28,circle,419,498,32382,confirmed,1.0
1695,29,trapezoid,1122,355,27207,confirmed,1.0
1696,23,pentagon,1452,761,36139,confirmed,1.0
1696,25,rectangle,1632,456,29575,confirmed,0.689
1696,26,triangle,1470,597,19277,confirmed,0.911
1696,28,circle,428,523,32415,confirmed,1.0
1696,29,trapezoid,1126,394,27184,confirmed,1.0
1697,23,pentagon,1450,761,36156,confirmed,1.0
1697,25,rectangle,1632,456,29575,confirmed,0.689
1697,26,triangle,1469,596,19406,confirmed,0.911
1697,28,circle,437,547,32405,confirmed,1.0
1697,29,trapezoid,1129,432,27136,confirmed,1.0
1698,23,pentagon,1449,761,36173,confirmed,1.0
1698,25,rectangle,1634,454,29861,confirmed,0.689
1698,26,triangle,1468,596,19520,confirmed,0.911
1698,28,circle,450,571,32398,confirmed,1.0
1698,29,trapezoid,1132,471,27193,confirmed,1.0
1699,23,pentagon,1447,761,36162,confirmed,1.0
1699,25,rectangle,1634,454,29861,confirmed,0.689
1699,26,triangle,1467,595,19620,confirmed,0.911
1699,28,circle,464,595,32382,confirmed,1.0
1699,29,trapezoid,1136,509,27179,confirmed,1.0
1700,23,pentagon,1445,761,36158,confirmed,1.0
1700,25,rectangle,1636,454,29575,confirmed,0.689
1700,26,triangle,1465,595,19488,confirmed,0.911
1700,28,circle,481,617,32388,confirmed,1.0
1700,29,trapezoid,1139,546,27133,confirmed,1.0
1701,23,pentagon,1443,761,36163,confirmed,1.0
1701,25,rectangle,1636,454,29575,confirmed,0.689
1701,26,triangle,1464,594,19632,confirmed,0.911
1701,28,circle,502,639,32409,confirmed,1.0
1701,29,trapezoid,1142,584,27151,confirmed,1.0
1702,23,pentagon,1441,761,36137,confirmed,1.0
1702,25,rectangle,1638,452,29861,confirmed,0.689
1702,26,triangle,1463,594,19746,confirmed,0.911
1702,28,circle,530,659,32364,confirmed,1.0
1702,29,trapezoid,1146,622,27154,confirmed,1.0
1703,23,pentagon,1439,761,36103,confirmed,1.0
1703,25,rectangle,1638,452,29861,confirmed,0.689
1703,26,triangle,1462,593,19836,confirmed,0.911
1703,28,circle,566,674,32368,confirmed,1.0
1703,29,trapezoid,1150,660,27077,confirmed,1.0
1704,23,pentagon,1438,761,36070,confirmed,1.0
1704,25,rectangle,1640,452,29575,confirmed,0.689
1704,26,triangle,1461,593,19692,confirmed,0.911
1704,28,circle,607,684,32419,confirmed,1.0
1704,29,trapezoid,1153,698,27225,confirmed,1.0
1705,23,pentagon,1436,762,36359,confirmed,1.0
1705,25,rectangle,1640,452,29575,confirmed,0.689
1705,26,triangle,1460,592,19793,confirmed,0.911
1705,28,circle,650,691,32370,confirmed,1.0
1705,29,trapezoid,1159,736,27185,confirmed,1.0
1706,23,pentagon,1434,762,36325,confirmed,1.0
1706,25,rectangle,1642,450,29861,confirmed,0.689
1706,26,triangle,1459,592,19889,confirmed,0.911
1706,28,circle,693,697,32399,confirmed,1.0
1706,29,trapezoid,1168,773,27247,confirmed,1.0
1707,23,pentagon,1433,762,36335,confirmed,1.0
1707,25,rectangle,1642,450,29861,confirmed,0.689
1707,26,triangle,1458,592,19991,confirmed,0.911
1707,28,circle,736,699,32415,confirmed,1.0
1707,29,trapezoid,1178,811,27148,confirmed,1.0
1708,23,pentagon,1431,763,36295,confirmed,1.0
1708,25,rectangle,1642,450,29575,confirmed,0.711
1708,26,triangle,1457,591,19801,confirmed,0.911
1708,28,circle,780,694,32403,confirmed,1.0
1708,29,trapezoid,1193,848,27160,confirmed,1.0
1709,23,pentagon,1430,763,36323,confirmed,1.0
1709,25,rectangle,1644,450,29575,confirmed,0.733
1709,26,triangle,1457,590,19914,confirmed,0.911
1709,28,circle,823,689,32407,confirmed,1.0
1709,29,trapezoid,1205,886,27136,confirmed,1.0
1710,23,pentagon,1428,763,36294,confirmed,1.0
1710,25,rectangle,1644,450,29575,confirmed,0.756
1710,26,triangle,1456,590,20034,confirmed,0.911
1710,28,circle,866,682,32378,confirmed,1.0
1710,29,trapezoid,1216,923,27098,confirmed,1.0
1711,23,pentagon,1427,763,36284,confirmed,1.0
1711,25,rectangle,1646,448,29861,confirmed,0.778
1711,26,triangle,1455,589,20119,confirmed,0.911
1711,28,circle,909,675,32386,confirmed,1.0
1711,29,trapezoid,1227,961,27119,confirmed,1.0
1712,23,pentagon,1426,763,36211,confirmed,1.0
1712,25,rectangle,1646,448,29861,confirmed,0.8
1712,26,triangle,1454,589,19913,confirmed,0.911
1712,28,circle,950,668,32464,confirmed,1.0
1712,29,trapezoid,1240,998,27162,confirmed,1.0
1713,23,pentagon,1424,763,36203,confirmed,1.0
1713,25,rectangle,1646,448,29575,confirmed,0.822
1713,26,triangle,1453,588,19997,confirmed,0.911
1713,28,circle,991,657,32397,confirmed,1.0
1713,29,trapezoid,1254,1031,22548,confirmed,1.0
1714,23,pentagon,1423,763,36220,confirmed,1.0
1714,25,rectangle,1648,448,29575,confirmed,0.844
1714,26,triangle,1453,588,20070,confirmed,0.911
1714,28,circle,1028,643,32387,confirmed,1.0
1714,29,trapezoid,1269,1048,28091,confirmed,1.0
1715,23,pentagon,1422,763,36174,confirmed,1.0
1715,25,rectangle,1648,448,29575,confirmed,0.867
1715,26,triangle,1452,587,20158,confirmed,0.911
1715,28,circle,1062,627,32410,confirmed,1.0
1715,29,trapezoid,1287,993,27047,confirmed,1.0
1716,23,pentagon,1420,763,36153,confirmed,1.0
1716,25,rectangle,1650,446,29861,confirmed,0.889
1716,26,triangle,1451,587,20269,confirmed,0.911
1716,28,circle,1093,609,32393,confirmed,1.0
1716,29,trapezoid,1303,963,27043,confirmed,1.0
1717,23,pentagon,1419,763,36163,confirmed,1.0
1717,25,rectangle,1650,446,29861,confirmed,0.911
1717,26,triangle,1450,587,20339,confirmed,0.911
1717,28,circle,1120,589,32402,confirmed,1.0
1717,29,trapezoid,1317,928,24427,confirmed,1.0
1718,23,pentagon,1418,763,36191,confirmed,1.0
1718,25,rectangle,1650,446,29861,confirmed,0.933
1718,26,triangle,1450,587,20088,confirmed,0.911
1718,28,circle,1144,568,32384,confirmed,1.0
1718,29,trapezoid,1329,889,19914,confirmed,1.0
1719,23,pentagon,1417,763,36149,confirmed,1.0
1719,25,rectangle,1650,446,29575,confirmed,0.956
1719,26,triangle,1449,586,20182,confirmed,0.911
1719,28,circle,1165,546,32458,confirmed,1.0
1719,29,trapezoid,1337,849,13471,confirmed,1.0
1720,23,pentagon,1416,763,36097,confirmed,1.0
1720,25,rectangle,1652,446,29575,confirmed,0.978
1720,26,triangle,1448,586,20252,confirmed,0.911
1720,28,circle,1182,524,32412,confirmed,1.0
1720,29,trapezoid,1328,807,7318,confirmed,1.0
1721,23,pentagon,1415,763,36086,confirmed,1.0
1721,25,rectangle,1652,446,29575,confirmed,1.0
1721,26,triangle,1448,585,20416,confirmed,0.911
1721,28,circle,1190,499,32424,confirmed,1.0
1721,29,trapezoid,1329,768,7318,coasting,1.0
1722,23,pentagon,1414,764,36331,confirmed,1.0
1722,25,rectangle,1652,444,29861,confirmed,1.0
1722,26,triangle,1448,584,19369,confirmed,0.911
1722,28,circle,1192,474,32396,confirmed,1.0
1722,29,trapezoid,1328,721,5199,confirmed,1.0
1723,23,pentagon,1413,764,36318,confirmed,1.0
1723,25,rectangle,1654,444,29861,confirmed,1.0
1723,26,triangle,1451,580,13878,confirmed,0.911
1723,28,circle,1192,448,32440,confirmed,1.0
1723,29,trapezoid,1355,673,12737,confirmed,1.0
1724,23,pentagon,1412,764,36303,confirmed,1.0
1724,25,rectangle,1654,444,29861,confirmed,1.0
1724,26,triangle,1447,538,6521,confirmed,0.911
1724,28,circle,1194,424,32382,confirmed,1.0
1724,29,trapezoid,1388,632,20664,confirmed,1.0
1725,23,pentagon,1411,765,36299,confirmed,1.0
1725,25,rectangle,1654,444,29861,confirmed,1.0
1725,26,triangle,1446,516,6521,coasting,0.911
1725,28,circle,1179,401,32425,confirmed,1.0
1725,29,trapezoid,1421,594,25726,confirmed,1.0
1726,23,pentagon,1410,765,36331,confirmed,1.0
1726,25,rectangle,1654,444,29575,confirmed,1.0
1726,26,triangle,1445,495,6521,coasting,0.911
1726,28,circle,1156,380,32431,confirmed,1.0
1726,29,trapezoid,1451,558,26917,confirmed,1.0
1727,23,pentagon,1409,765,36297,confirmed,1.0
1727,25,rectangle,1656,444,29575,confirmed,1.0
1727,26,triangle,1444,528,9767,confirmed,0.911
1727,28,circle,1128,360,32382,confirmed,1.0
1727,29,trapezoid,1472,527,27080,confirmed,1.0
1728,23,pentagon,1408,765,36254,confirmed,1.0
1728,25,rectangle,1657,442,29031,confirmed,0.978
1728,26,triangle,1444,593,14796,confirmed,0.889
1728,28,circle,1088,353,32408,confirmed,1.0
1728,29,trapezoid,1487,491,26998,confirmed,1.0
1729,23,pentagon,1407,765,36203,confirmed,1.0
1729,25,rectangle,1657,442,27403,confirmed,0.978
1729,26,triangle,1444,601,18160,confirmed,0.867
1729,28,circle,1048,364,32463,confirmed,1.0
1729,29,trapezoid,1503,455,26890,confirmed,1.0
1730,23,pentagon,1407,765,36180,confirmed,1.0
1730,25,rectangle,1658,443,25736,confirmed,0.978
1730,26,triangle,1443,593,20138,confirmed,0.844
1730,28,circle,1019,384,32410,confirmed,1.0
1730,29,trapezoid,1514,418,26923,confirmed,1.0
1731,23,pentagon,1406,765,36200,confirmed,1.0
1731,25,rectangle,1660,444,25262,confirmed,0.978
1731,26,triangle,1443,586,20253,confirmed,0.844
1731,28,circle,1002,410,32394,confirmed,1.0
1731,29,trapezoid,1525,379,26958,confirmed,1.0
1732,23,pentagon,1405,765,36176,confirmed,1.0
1732,25,rectangle,1661,446,25734,confirmed,0.978
1732,26,triangle,1442,583,20328,confirmed,0.844
1732,28,circle,989,435,32396,confirmed,1.0
1732,29,trapezoid,1536,342,27059,confirmed,1.0
1733,23,pentagon,1405,765,36129,confirmed,1.0
1733,25,rectangle,1661,447,27492,confirmed,0.978
1733,26,triangle,1442,582,20362,confirmed,0.844
1733,28,circle,990,460,32401,confirmed,1.0
1733,29,trapezoid,1547,304,27011,confirmed,1.0
1734,23,pentagon,1404,765,36138,confirmed,1.0
1734,25,rectangle,1659,443,29861,confirmed,0.978
1734,26,triangle,1441,582,20429,confirmed,0.844
1734,28,circle,999,485,32406,confirmed,1.0
1734,29,trapezoid,1557,267,27174,confirmed,1.0
1735,23,pentagon,1403,765,36081,confirmed,1.0
1735,25,rectangle,1658,442,29575,confirmed,0.978
1735,26,triangle,1441,582,20454,confirmed,0.844
1735,28,circle,1009,510,32402,confirmed,1.0
1735,29,trapezoid,1568,230,27148,confirmed,1.0
1736,23,pentagon,1403,765,36061,confirmed,1.0
1736,25,rectangle,1659,442,29575,confirmed,0.978
1736,26,triangle,1440,582,20513,confirmed,0.844
1736,28,circle,1021,534,32421,confirmed,1.0
1736,29,trapezoid,1574,238,27054,confirmed,1.0
1737,23,pentagon,1402,766,36383,confirmed,1.0
1737,25,rectangle,1661,445,28122,confirmed,0.978
1737,26,triangle,1440,582,20551,confirmed,0.844
1737,28,circle,1037,557,32378,confirmed,1.0
1737,29,trapezoid,1580,246,27127,confirmed,1.0
1738,23,pentagon,1402,766,36302,confirmed,1.0
1738,25,rectangle,1662,448,24370,confirmed,0.978
1738,26,triangle,1440,582,20590,confirmed,0.844
1738,28,circle,1060,579,32376,confirmed,1.0
1738,29,trapezoid,1578,309,27098,confirmed,1.0
1739,23,pentagon,1401,767,36346,confirmed,1.0
1739,25,rectangle,1664,451,20812,confirmed,0.978
1739,26,triangle,1439,582,20661,confirmed,0.844
1739,28,circle,1092,596,32382,confirmed,1.0
1739,29,trapezoid,1579,358,26974,confirmed,1.0
1740,23,pentagon,1400,767,36297,confirmed,1.0
1740,25,rectangle,1667,454,17465,confirmed,0.978
1740,26,triangle,1439,582,20667,confirmed,0.844
1740,28,circle,1134,603,32404,confirmed,1.0
1740,29,trapezoid,1580,400,26987,confirmed,1.0
1741,23,pentagon,1400,767,36291,confirmed,1.0
1741,25,rectangle,1666,451,16329,confirmed,0.978
1741,26,triangle,1439,580,20314,confirmed,0.867
1741,28,circle,1178,599,32360,confirmed,1.0
1741,29,trapezoid,1584,439,26841,confirmed,1.0
1742,23,pentagon,1400,767,36229,confirmed,1.0
1742,25,rectangle,1669,439,15556,confirmed,0.978
1742,26,triangle,1438,581,20220,confirmed,0.889
1742,28,circle,1222,590,32416,confirmed,1.0
1742,29,trapezoid,1588,478,26774,confirmed,1.0
1743,23,pentagon,1399,767,36258,confirmed,1.0
1743,25,rectangle,1671,429,19357,confirmed,0.978
1743,26,triangle,1438,580,20220,coasting,0.889
1743,28,circle,1255,574,32424,confirmed,1.0
1743,29,trapezoid,1592,517,26774,coasting,1.0
1744,23,pentagon,1399,767,36208,confirmed,1.0
1744,25,rectangle,1670,424,23187,confirmed,0.978
1744,26,triangle,1437,580,20220,coasting,0.889
1744,28,circle,1279,552,32410,confirmed,1.0
1744,29,trapezoid,1595,552,26774,coasting,1.0
1745,23,pentagon,1398,767,36192,confirmed,1.0
1745,25,rectangle,1668,424,27036,confirmed,0.978
1745,26,triangle,1437,580,20220,coasting,0.889
1745,28,circle,1301,530,32373,confirmed,1.0
1745,29,trapezoid,1598,583,26774,coasting,1.0
1746,23,pentagon,1398,767,36180,confirmed,1.0
1746,25,rectangle,1663,436,29861,confirmed,0.978
1746,26,triangle,1437,580,20220,coasting,0.889
1746,28,circle,1322,508,32361,confirmed,1.0
1746,29,trapezoid,1601,612,26774,coasting,1.0
1747,23,pentagon,1398,767,36162,confirmed,1.0
1747,25,rectangle,1662,440,29861,confirmed,0.978
1747,26,triangle,1436,582,16200,confirmed,0.889
1747,28,circle,1341,485,32406,confirmed,1.0
1747,29,trapezoid,1612,661,26913,confirmed,1.0
1748,23,pentagon,1397,767,36190,confirmed,1.0
1748,25,rectangle,1662,441,29861,confirmed,0.978
1748,26,triangle,1437,585,16881,confirmed,0.889
1748,28,circle,1357,461,32337,confirmed,1.0
1748,29,trapezoid,1618,701,27037,confirmed,1.0
1749,23,pentagon,1397,767,36174,confirmed,1.0
1749,25,rectangle,1662,441,29861,confirmed,0.978
1749,26,triangle,1437,588,18019,confirmed,0.889
1749,28,circle,1370,437,32370,confirmed,1.0
1749,29,trapezoid,1625,741,27195,confirmed,1.0
1750,23,pentagon,1396,767,36162,confirmed,1.0
1750,25,rectangle,1663,440,29575,confirmed,0.978
1750,26,triangle,1437,588,19180,confirmed,0.867
1750,28,circle,1379,413,32399,confirmed,1.0
1750,29,trapezoid,1629,780,27050,confirmed,1.0
1751,23,pentagon,1396,767,36206,confirmed,1.0
1751,25,rectangle,1664,440,29575,confirmed,0.978
1751,26,triangle,1436,584,20156,confirmed,0.867
1751,28,circle,1385,388,32389,confirmed,1.0
1751,29,trapezoid,1635,818,27022,confirmed,1.0
1752,23,pentagon,1396,767,36178,confirmed,1.0
1752,25,rectangle,1664,440,29575,confirmed,0.978
1752,26,triangle,1436,581,20636,confirmed,0.867
1752,28,circle,1388,363,32405,confirmed,1.0
1752,29,trapezoid,1641,856,27150,confirmed,1.0
1753,23,pentagon,1395,767,36163,confirmed,1.0
1753,25,rectangle,1664,440,29575,confirmed,0.978
1753,26,triangle,1436,580,20654,confirmed,0.867
1753,28,circle,1388,339,32422,confirmed,1.0
1753,29,trapezoid,1645,894,27095,confirmed,1.0
1754,23,pentagon,1395,767,36190,confirmed,1.0
1754,25,rectangle,1664,440,29575,confirmed,0.978
1754,26,triangle,1436,580,20655,confirmed,0.867
1754,28,circle,1384,314,32387,confirmed,1.0
1754,29,trapezoid,1651,932,27148,confirmed,1.0
1755,23,pentagon,1395,767,36191,confirmed,1.0
1755,25,rectangle,1664,440,29575,confirmed,0.978
1755,26,triangle,1435,580,20700,confirmed,0.867
1755,28,circle,1376,289,32381,confirmed,1.0
1755,29,trapezoid,1656,970,27053,confirmed,1.0
1756,23,pentagon,1395,767,36152,confirmed,1.0
1756,25,rectangle,1664,440,29575,confirmed,0.978
1756,26,triangle,1435,580,20722,confirmed,0.867
1756,28,circle,1365,265,32401,confirmed,1.0
1756,29,trapezoid,1661,1008,27062,confirmed,1.0
1757,23,pentagon,1394,767,36152,confirmed,1.0
1757,25,rectangle,1664,440,29575,confirmed,0.978
1757,26,triangle,1435,580,20761,confirmed,0.867
1757,28,circle,1350,242,32434,confirmed,1.0
1757,29,trapezoid,1668,1040,20122,confirmed,1.0
1758,23,pentagon,1394,767,36190,confirmed,1.0
1758,25,rectangle,1664,440,29575,confirmed,0.978
1758,26,triangle,1435,580,20735,confirmed,0.867
1758,28,circle,1331,220,32400,confirmed,1.0
1758,29,trapezoid,1678,1062,16057,confirmed,1.0
1759,23,pentagon,1394,767,36193,confirmed,1.0
1759,25,rectangle,1664,440,29575,confirmed,0.978
1759,26,triangle,1435,580,20727,confirmed,0.867
1759,28,circle,1306,199,32377,confirmed,1.0
1759,29,trapezoid,1690,1066,24305,confirmed,1.0
1760,23,pentagon,1394,767,36183,confirmed,1.0
1760,25,rectangle,1664,440,29575,confirmed,0.978
1760,26,triangle,1435,580,20738,confirmed,0.867
1760,28,circle,1273,183,32465,confirmed,1.0
1760,29,trapezoid,1704,1008,27117,confirmed,1.0
1761,23,pentagon,1394,767,36178,confirmed,1.0
1761,25,rectangle,1664,440,29575,confirmed,0.978
1761,26,triangle,1435,579,20368,confirmed,0.867
1761,28,circle,1231,182,32445,confirmed,1.0
1761,29,trapezoid,1714,959,27050,confirmed,1.0
1762,23,pentagon,1393,767,36163,confirmed,1.0
1762,25,rectangle,1664,440,29575,confirmed,0.978
1762,26,triangle,1434,579,20386,confirmed,0.867
1762,28,circle,1208,202,32399,confirmed,1.0
1762,29,trapezoid,1723,916,27082,confirmed,1.0
1763,23,pentagon,1393,767,36159,confirmed,1.0
1763,25,rectangle,1664,440,29575,confirmed,0.978
1763,26,triangle,1434,579,20389,confirmed,0.867
1763,28,circle,1195,228,32479,confirmed,1.0
1763,29,trapezoid,1731,877,27136,confirmed,1.0
1764,23,pentagon,1393,767,36198,confirmed,1.0
1764,25,rectangle,1664,440,29575,confirmed,0.978
1764,26,triangle,1434,579,20415,confirmed,0.867
1764,28,circle,1196,255,32400,confirmed,1.0
1764,29,trapezoid,1739,838,27134,confirmed,1.0
1765,23,pentagon,1393,767,36207,confirmed,1.0
1765,25,rectangle,1664,440,29575,confirmed,0.978
1765,26,triangle,1434,578,20439,confirmed,0.867
1765,28,circle,1203,282,32398,confirmed,1.0
1765,29,trapezoid,1745,801,27122,confirmed,1.0
1766,23,pentagon,1393,767,36207,confirmed,1.0
1766,25,rectangle,1666,438,29861,confirmed,0.978
1766,26,triangle,1434,578,20457,confirmed,0.867
1766,28,circle,1213,307,32391,confirmed,1.0
1766,29,trapezoid,1750,763,27063,confirmed,1.0
1767,23,pentagon,1393,767,36188,confirmed,1.0
1767,25,rectangle,1666,438,29861,confirmed,0.978
1767,26,triangle,1434,578,20452,confirmed,0.867
1767,28,circle,1229,330,32398,confirmed,1.0
1767,29,trapezoid,1754,725,27064,confirmed,1.0
1768,23,pentagon,1393,767,36183,confirmed,1.0
1768,25,rectangle,1666,438,29861,confirmed,0.978
1768,26,triangle,1434,578,20448,confirmed,0.867
1768,28,circle,1256,350,32363,confirmed,1.0
1768,29,trapezoid,1759,687,27229,confirmed,1.0
1769,23,pentagon,1393,767,36156,confirmed,1.0
1769,25,rectangle,1666,438,29861,confirmed,0.978
1769,26,triangle,1434,578,20446,confirmed,0.867
1769,28,circle,1291,366,32431,confirmed,1.0
1769,29,trapezoid,1765,649,27048,confirmed,1.0
1770,23,pentagon,1392,767,36158,confirmed,1.0
1770,25,rectangle,1665,437,29537,confirmed,0.978
1770,26,triangle,1434,578,20460,confirmed,0.867
1770,28,circle,1329,375,32480,confirmed,1.0
1770,29,trapezoid,1768,611,26986,confirmed,1.0
1771,23,pentagon,1392,767,36160,confirmed,1.0
1771,25,rectangle,1664,436,27509,confirmed,0.978
1771,26,triangle,1434,578,20464,confirmed,0.867
1771,28,circle,1358,361,32394,confirmed,1.0
1771,29,trapezoid,1773,573,27019,confirmed,1.0
1772,23,pentagon,1392,767,36157,confirmed,1.0
1772,25,rectangle,1662,433,25456,confirmed,0.978
1772,26,triangle,1434,578,20472,confirmed,0.867
1772,28,circle,1368,335,32423,confirmed,1.0
1772,29,trapezoid,1777,536,27124,confirmed,1.0
1773,23,pentagon,1392,767,36165,confirmed,1.0
1773,25,rectangle,1660,431,23384,confirmed,0.978
1773,26,triangle,1434,578,20471,confirmed,0.867
1773,28,circle,1369,309,32419,confirmed,1.0
1773,29,trapezoid,1782,497,26922,confirmed,1.0
1774,23,pentagon,1392,767,36180,confirmed,1.0
1774,25,rectangle,1661,432,22100,confirmed,0.978
1774,26,triangle,1434,578,20464,confirmed,0.867
1774,28,circle,1366,282,32427,confirmed,1.0
1774,29,trapezoid,1784,463,26867,confirmed,1.0
1775,23,pentagon,1392,767,36190,confirmed,1.0
1775,25,rectangle,1662,434,22527,confirmed,0.978
1775,26,triangle,1434,578,20473,confirmed,0.867
1775,28,circle,1359,256,32408,confirmed,1.0
1775,29,trapezoid,1786,426,26817,confirmed,1.0
1776,23,pentagon,1392,767,36198,confirmed,1.0
1776,25,rectangle,1662,438,23530,confirmed,0.978
1776,26,triangle,1434,578,20485,confirmed,0.867
1776,28,circle,1350,231,32421,confirmed,1.0
1776,29,trapezoid,1789,388,26939,confirmed,1.0
1777,23,pentagon,1392,767,36199,confirmed,1.0
1777,25,rectangle,1661,441,25404,confirmed,0.978
1777,26,triangle,1434,578,20485,confirmed,0.889
1777,28,circle,1339,207,32417,confirmed,1.0
1777,29,trapezoid,1792,350,26926,confirmed,1.0
1778,23,pentagon,1392,767,36203,confirmed,1.0
1778,25,rectangle,1662,444,27392,confirmed,0.978
1778,26,triangle,1434,578,20482,confirmed,0.911
1778,28,circle,1325,183,32407,confirmed,1.0
1778,29,trapezoid,1794,312,26972,confirmed,1.0
1779,23,pentagon,1392,767,36212,confirmed,1.0
1779,25,rectangle,1664,441,29513,confirmed,0.978
1779,26,triangle,1434,578,20478,confirmed,0.911
1779,28,circle,1309,160,32407,confirmed,1.0
1779,29,trapezoid,1797,274,27040,confirmed,1.0
1780,23,pentagon,1392,767,36207,confirmed,1.0
1780,25,rectangle,1666,439,29861,confirmed,0.978
1780,26,triangle,1434,578,20485,confirmed,0.933
1780,28,circle,1285,139,32398,confirmed,1.0
1780,29,trapezoid,1800,236,27150,confirmed,1.0
1781,23,pentagon,1392,767,36210,confirmed,1.0
1781,25,rectangle,1666,438,29861,confirmed,0.978
1781,26,triangle,1434,578,20486,confirmed,0.956
1781,28,circle,1249,124,32406,confirmed,1.0
1781,29,trapezoid,1803,205,27050,confirmed,1.0
1782,23,pentagon,1392,767,36209,confirmed,1.0
1782,25,rectangle,1666,438,29861,confirmed,0.978
1782,26,triangle,1434,578,20481,confirmed,0.978
1782,28,circle,1208,114,32445,confirmed,1.0
1782,29,trapezoid,1791,240,27123,confirmed,1.0
1783,23,pentagon,1392,767,36212,confirmed,1.0
1783,25,rectangle,1666,439,27858,confirmed,0.978
1783,26,triangle,1434,578,20479,confirmed,0.978
1783,28,circle,1164,114,32358,confirmed,1.0
1783,29,trapezoid,1778,283,26969,confirmed,1.0
1784,23,pentagon,1392,767,36214,confirmed,1.0
1784,25,rectangle,1664,442,24451,confirmed,0.978
1784,26,triangle,1434,578,20479,confirmed,0.978
1784,28,circle,1124,125,32384,confirmed,1.0
1784,29,trapezoid,1765,327,26951,confirmed,1.0
1785,23,pentagon,1392,767,36214,confirmed,1.0
1785,25,rectangle,1661,446,20644,confirmed,0.978
1785,26,triangle,1434,578,20474,confirmed,0.978
1785,28,circle,1094,145,32422,confirmed,1.0
1785,29,trapezoid,1752,367,27052,confirmed,1.0
1786,23,pentagon,1392,767,36214,confirmed,1.0
1786,25,rectangle,1658,450,15650,confirmed,0.978
1786,26,triangle,1434,578,20474,confirmed,0.978
1786,28,circle,1078,169,32418,confirmed,1.0
1786,29,trapezoid,1737,406,26833,confirmed,1.0
1787,23,pentagon,1392,767,36214,confirmed,1.0
1787,25,rectangle,1655,455,14829,confirmed,0.978
1787,26,triangle,1434,578,20474,confirmed,0.978
1787,28,circle,1076,195,32386,confirmed,1.0
1787,29,trapezoid,1726,410,26842,confirmed,1.0
1788,23,pentagon,1392,767,36214,confirmed,1.0
1788,25,rectangle,1654,458,18292,confirmed,0.978
1788,26,triangle,1434,578,20474,confirmed,0.978
1788,28,circle,1093,215,32412,confirmed,1.0
1788,29,trapezoid,1725,380,26837,confirmed,1.0
1789,23,pentagon,1392,767,36214,confirmed,1.0
1789,25,rectangle,1653,459,18292,confirmed,0.978
1789,26,triangle,1434,578,20474,confirmed,0.978
1789,28,circle,1100,218,32412,confirmed,1.0
1789,29,trapezoid,1726,369,26837,confirmed,1.0
1790,23,pentagon,1392,767,36214,confirmed,1.0
1790,25,rectangle,1654,459,18292,confirmed,0.978
1790,26,triangle,1434,578,20474,confirmed,0.978
1790,28,circle,1102,217,32412,confirmed,1.0
1790,29,trapezoid,1727,366,26837,confirmed,1.0
1791,23,pentagon,1392,767,36214,confirmed,1.0
1791,25,rectangle,1655,458,18292,confirmed,0.978
1791,26,triangle,1434,578,20474,confirmed,0.978
1791,28,circle,1102,216,32412,confirmed,1.0
1791,29,trapezoid,1728,366,26837,confirmed,1.0
1792,23,pentagon,1392,767,36214,confirmed,1.0
1792,25,rectangle,1656,457,18292,confirmed,0.978
1792,26,triangle,1434,578,20474,confirmed,0.978
1792,28,circle,1101,215,32412,confirmed,1.0
1792,29,trapezoid,1728,366,26837,confirmed,1.0
1793,23,pentagon,1392,767,36214,confirmed,1.0
1793,25,rectangle,1657,456,18292,confirmed,0.978
1793,26,triangle,1434,578,20474,confirmed,0.978
1793,28,circle,1101,214,32412,confirmed,1.0
1793,29,trapezoid,1728,367,26837,confirmed,1.0
1794,23,pentagon,1392,767,36214,confirmed,1.0
1794,25,rectangle,1657,455,18292,confirmed,0.978
1794,26,triangle,1434,578,20474,confirmed,0.978
1794,28,circle,1101,214,32412,confirmed,1.0
1794,29,trapezoid,1728,367,26837,confirmed,1.0
1795,23,pentagon,1392,767,36214,confirmed,1.0
1795,25,rectangle,1658,455,18292,confirmed,0.978
1795,26,triangle,1434,578,20474,confirmed,1.0
1795,28,circle,1101,214,32412,confirmed,1.0
1795,29,trapezoid,1728,367,26837,confirmed,1.0
1796,23,pentagon,1392,767,36214,confirmed,1.0
1796,25,rectangle,1658,454,18292,confirmed,0.978
1796,26,triangle,1434,578,20474,confirmed,1.0
1796,28,circle,1101,214,32412,confirmed,1.0
1796,29,trapezoid,1728,367,26837,confirmed,1.0
1797,23,pentagon,1392,767,36214,confirmed,1.0
1797,25,rectangle,1658,454,18292,confirmed,0.978
1797,26,triangle,1434,578,20474,confirmed,1.0
1797,28,circle,1101,214,32412,confirmed,1.0
1797,29,trapezoid,1728,367,26837,confirmed,1.0
1798,23,pentagon,1392,767,36214,confirmed,1.0
1798,25,rectangle,1658,454,18292,confirmed,0.978
1798,26,triangle,1434,578,20474,confirmed,1.0
1798,28,circle,1101,214,32412,confirmed,1.0
1798,29,trapezoid,1728,367,26837,confirmed,1.0
1799,23,pentagon,1392,767,36214,confirmed,1.0
1799,25,rectangle,1657,454,18292,confirmed,0.978
1799,26,triangle,1434,578,20474,confirmed,1.0
1799,28,circle,1101,214,32412,confirmed,1.0
1799,29,trapezoid,1728,367,26837,confirmed,1.0
1800,23,pentagon,1392,767,36221,confirmed,1.0
1800,25,rectangle,1657,455,18292,confirmed,0.978
1800,26,triangle,1434,578,20467,confirmed,1.0
1800,28,circle,1101,214,32411,confirmed,1.0
1800,29,trapezoid,1728,367,26842,confirmed,1.0
1801,23,pentagon,1392,767,36221,confirmed,1.0
1801,25,rectangle,1657,455,18292,confirmed,0.978
1801,26,triangle,1434,578,20467,confirmed,1.0
1801,28,circle,1101,214,32411,confirmed,1.0
1801,29,trapezoid,1728,367,26841,confirmed,1.0
1802,23,pentagon,1392,767,36221,confirmed,1.0
1802,25,rectangle,1657,455,18292,confirmed,0.978
1802,26,triangle,1434,578,20467,confirmed,1.0
1802,28,circle,1101,214,32411,confirmed,1.0
1802,29,trapezoid,1728,367,26841,confirmed,1.0
1803,23,pentagon,1392,767,36221,confirmed,1.0
1803,25,rectangle,1657,455,18292,confirmed,0.978
1803,26,triangle,1434,578,20467,confirmed,1.0
1803,28,circle,1101,214,32411,confirmed,1.0
1803,29,trapezoid,1728,367,26841,confirmed,1.0
1804,23,pentagon,1392,767,36221,confirmed,1.0
1804,25,rectangle,1657,455,18292,confirmed,0.978
1804,26,triangle,1434,578,20467,confirmed,1.0
1804,28,circle,1101,214,32411,confirmed,1.0
1804,29,trapezoid,1728,367,26841,confirmed,1.0
1805,23,pentagon,1392,767,36221,confirmed,1.0
1805,25,rectangle,1657,455,18292,confirmed,0.978
1805,26,triangle,1434,578,20467,confirmed,1.0
1805,28,circle,1101,214,32411,confirmed,1.0
1805,29,trapezoid,1728,367,26841,confirmed,1.0
1806,23,pentagon,1392,767,36221,confirmed,1.0
1806,25,rectangle,1657,455,18292,confirmed,0.978
1806,26,triangle,1434,578,20467,confirmed,1.0
1806,28,circle,1101,214,32411,confirmed,1.0
1806,29,trapezoid,1728,367,26841,confirmed,1.0
1807,23,pentagon,1392,767,36221,confirmed,1.0
1807,25,rectangle,1657,455,18292,confirmed,0.978
1807,26,triangle,1434,578,20467,confirmed,1.0
1807,28,circle,1101,214,32411,confirmed,1.0
1807,29,trapezoid,1728,367,26841,confirmed,1.0
1808,23,pentagon,1392,767,36221,confirmed,1.0
1808,25,rectangle,1657,455,18292,confirmed,0.978
1808,26,triangle,1434,578,20467,confirmed,1.0
1808,28,circle,1101,214,32411,confirmed,1.0
1808,29,trapezoid,1728,367,26841,confirmed,1.0
1809,23,pentagon,1392,767,36221,confirmed,1.0
1809,25,rectangle,1657,455,18292,confirmed,0.978
1809,26,triangle,1434,578,20467,confirmed,1.0
1809,28,circle,1101,214,32411,confirmed,1.0
1809,29,trapezoid,1728,367,26841,confirmed,1.0
1810,23,pentagon,1392,767,36221,confirmed,1.0
1810,25,rectangle,1657,455,18292,confirmed,0.978
1810,26,triangle,1434,578,20467,confirmed,1.0
1810,28,circle,1101,214,32411,confirmed,1.0
1810,29,trapezoid,1728,367,26841,confirmed,1.0
1811,23,pentagon,1392,767,36221,confirmed,1.0
1811,25,rectangle,1657,455,18292,confirmed,0.978
1811,26,triangle,1434,578,20467,confirmed,1.0
1811,28,circle,1101,214,32411,confirmed,1.0
1811,29,trapezoid,1728,367,26841,confirmed,1.0
1812,23,pentagon,1392,767,36221,confirmed,1.0
1812,25,rectangle,1657,455,18292,confirmed,0.978
1812,26,triangle,1434,578,20467,confirmed,1.0
1812,28,circle,1101,214,32411,confirmed,1.0
1812,29,trapezoid,1728,367,26841,confirmed,1.0
1813,23,pentagon,1392,767,36221,confirmed,1.0
1813,25,rectangle,1657,455,18292,confirmed,0.978
1813,26,triangle,1434,578,20467,confirmed,1.0
1813,28,circle,1101,214,32411,confirmed,1.0
1813,29,trapezoid,1728,367,26841,confirmed,1.0
1814,23,pentagon,1392,767,36221,confirmed,1.0
1814,25,rectangle,1657,455,18292,confirmed,0.978
1814,26,triangle,1434,578,20467,confirmed,1.0
1814,28,circle,1101,214,32411,confirmed,1.0
1814,29,trapezoid,1728,367,26841,confirmed,1.0
1815,23,pentagon,1392,767,36221,confirmed,1.0
1815,25,rectangle,1657,455,18292,confirmed,0.978
1815,26,triangle,1434,578,20467,confirmed,1.0
1815,28,circle,1101,214,32411,confirmed,1.0
1815,29,trapezoid,1728,367,26841,confirmed,1.0
1816,23,pentagon,1392,767,36221,confirmed,1.0
1816,25,rectangle,1657,455,18292,confirmed,0.978
1816,26,triangle,1434,578,20467,confirmed,1.0
1816,28,circle,1101,214,32411,confirmed,1.0
1816,29,trapezoid,1728,367,26841,confirmed,1.0
1817,23,pentagon,1392,767,36221,confirmed,1.0
1817,25,rectangle,1657,455,18292,confirmed,0.978
1817,26,triangle,1434,578,20467,confirmed,1.0
1817,28,circle,1101,214,32411,confirmed,1.0
1817,29,trapezoid,1728,367,26841,confirmed,1.0
1818,23,pentagon,1392,767,36221,confirmed,1.0
1818,25,rectangle,1657,455,18292,confirmed,0.978
1818,26,triangle,1434,578,20467,confirmed,1.0
1818,28,circle,1101,214,32411,confirmed,1.0
1818,29,trapezoid,1728,367,26841,confirmed,1.0
1819,23,pentagon,1392,767,36221,confirmed,1.0
1819,25,rectangle,1657,455,18292,confirmed,0.978
1819,26,triangle,1434,578,20467,confirmed,1.0
1819,28,circle,1101,214,32411,confirmed,1.0
1819,29,trapezoid,1728,367,26841,confirmed,1.0
1820,23,pentagon,1392,767,36221,confirmed,1.0
1820,25,rectangle,1657,455,18292,confirmed,0.978
1820,26,triangle,1434,578,20467,confirmed,1.0
1820,28,circle,1101,214,32411,confirmed,1.0
1820,29,trapezoid,1728,367,26841,confirmed,1.0
1821,23,pentagon,1392,767,36221,confirmed,1.0
1821,25,rectangle,1657,455,18292,confirmed,0.978
1821,26,triangle,1434,578,20467,confirmed,1.0
1821,28,circle,1101,214,32411,confirmed,1.0
1821,29,trapezoid,1728,367,26841,confirmed,1.0
1822,23,pentagon,1392,767,36221,confirmed,1.0
1822,25,rectangle,1657,455,18292,confirmed,0.978
1822,26,triangle,1434,578,20467,confirmed,1.0
1822,28,circle,1101,214,32411,confirmed,1.0
1822,29,trapezoid,1728,367,26841,confirmed,1.0
1823,23,pentagon,1392,767,36221,confirmed,1.0
1823,25,rectangle,1657,455,18292,confirmed,0.978
1823,26,triangle,1434,578,20467,confirmed,1.0
1823,28,circle,1101,214,32411,confirmed,1.0
1823,29,trapezoid,1728,367,26841,confirmed,1.0
1824,23,pentagon,1392,767,36221,confirmed,1.0
1824,25,rectangle,1657,455,18292,confirmed,0.978
1824,26,triangle,1434,578,20467,confirmed,1.0
1824,28,circle,1101,214,32411,confirmed,1.0
1824,29,trapezoid,1728,367,26841,confirmed,1.0
1825,23,pentagon,1392,767,36221,confirmed,1.0
1825,25,rectangle,1657,455,18292,confirmed,0.978
1825,26,triangle,1434,578,20467,confirmed,1.0
1825,28,circle,1101,214,32411,confirmed,1.0
1825,29,trapezoid,1728,367,26841,confirmed,1.0
1826,23,pentagon,1392,767,36221,confirmed,1.0
1826,25,rectangle,1657,455,18292,confirmed,0.978
1826,26,triangle,1434,578,20467,confirmed,1.0
1826,28,circle,1101,214,32411,confirmed,1.0
1826,29,trapezoid,1728,367,26841,confirmed,1.0
1827,23,pentagon,1392,767,36221,confirmed,1.0
1827,25,rectangle,1657,455,18292,confirmed,0.978
1827,26,triangle,1434,578,20467,confirmed,1.0
1827,28,circle,1101,214,32411,confirmed,1.0
1827,29,trapezoid,1728,367,26841,confirmed,1.0
1828,23,pentagon,1392,767,36221,confirmed,1.0
1828,25,rectangle,1657,455,18292,confirmed,0.978
1828,26,triangle,1434,578,20467,confirmed,1.0
1828,28,circle,1101,214,32411,confirmed,1.0
1828,29,trapezoid,1728,367,26841,confirmed,1.0
1829,23,pentagon,1392,767,36221,confirmed,1.0
1829,25,rectangle,1657,455,18292,confirmed,0.978
1829,26,triangle,1434,578,20467,confirmed,1.0
1829,28,circle,1101,214,32411,confirmed,1.0
1829,29,trapezoid,1728,367,26841,confirmed,1.0
1830,23,pentagon,1392,767,36221,confirmed,1.0
1830,25,rectangle,1657,455,18292,confirmed,0.978
1830,26,triangle,1434,578,20467,confirmed,1.0
1830,28,circle,1101,214,32411,confirmed,1.0
1830,29,trapezoid,1728,367,26842,confirmed,1.0
1831,23,pentagon,1392,767,36221,confirmed,1.0
1831,25,rectangle,1657,455,18292,confirmed,0.978
1831,26,triangle,1434,578,20467,confirmed,1.0
1831,28,circle,1101,214,32411,confirmed,1.0
1831,29,trapezoid,1728,367,26841,confirmed,1.0
1832,23,pentagon,1392,767,36221,confirmed,1.0
1832,25,rectangle,1657,455,18292,confirmed,0.978
1832,26,triangle,1434,578,20467,confirmed,1.0
1832,28,circle,1101,214,32411,confirmed,1.0
1832,29,trapezoid,1728,367,26841,confirmed,1.0
1833,23,pentagon,1392,767,36221,confirmed,1.0
1833,25,rectangle,1657,455,18292,confirmed,0.978
1833,26,triangle,1434,578,20467,confirmed,1.0
1833,28,circle,1101,214,32411,confirmed,1.0
1833,29,trapezoid,1728,367,26841,confirmed,1.0
1834,23,pentagon,1392,767,36221,confirmed,1.0
1834,25,rectangle,1657,455,18292,confirmed,0.978
1834,26,triangle,1434,578,20467,confirmed,1.0
1834,28,circle,1101,214,32411,confirmed,1.0
1834,29,trapezoid,1728,367,26841,confirmed,1.0
1835,23,pentagon,1392,767,36221,confirmed,1.0
1835,25,rectangle,1657,455,18292,confirmed,0.978
1835,26,triangle,1434,578,20467,confirmed,1.0
1835,28,circle,1101,214,32411,confirmed,1.0
1835,29,trapezoid,1728,367,26841,confirmed,1.0
1836,23,pentagon,1392,767,36221,confirmed,1.0
1836,25,rectangle,1657,455,18292,confirmed,0.978
1836,26,triangle,1434,578,20467,confirmed,1.0
1836,28,circle,1101,214,32411,confirmed,1.0
1836,29,trapezoid,1728,367,26841,confirmed,1.0
